-- *------------------------------------------*
-- *                                          *
-- * base grid model with input parameters    *
-- *                                          *
-- *------------------------------------------*
RUNSPEC

TITLE
 3 WELL MODEL

DIMENS
-- NDIVIX NDIVIY NDIVIZ
   100    100      1 /

-- Gradient option
-- AJGRADNT

-- Gradients readeable
-- UNCODHMD

--BLACKOIL
OIL
WATER

METRIC

TABDIMS
-- NTSFUN  NTPVT  NSSFUN  NPPVT  NTFIP  NRPVT  NTENDP
     1       1      35      30     5     30      1 /

EQLDIMS
-- NTEQUL  NDRXVD  NDPRVD
   1       5       100 /

WELLDIMS
-- NWMAXZ NCWMAX NGMAXZ MWGMAX 
    10     1     2      20 /

VFPPDIMS
-- MXMFLO MXMTHP MXMWFR MXMGFR MXMALQ NMMVFT
   10     10     10     10     1      1 /

VFPIDIMS
-- MXSFLO MXSTHP NMSVFT
   10     10     1 /

AQUDIMS
-- MXNAQN  MXNAQC NIFTBL NRIFTB NANAQU NCAMAX
   0       0      1      36     2       200/

START
 01 JAN 2029 /

NSTACK
 25 /

NOECHO

UNIFIN
UNIFOUT

GRID
INIT

PERMX
175.623305714
176.857646717
178.059389668
179.221686965
180.336835840
181.398327330
182.400329002
183.330183420
184.190903967
184.968182874
185.655932233
186.253097612
186.749546697
187.139307669
187.422033720
187.585399322
187.636960096
187.560925072
187.363844707
187.040785733
186.589700947
186.010604845
185.304226336
184.475224671
183.519540469
182.442373099
181.251401018
179.944854269
178.532597382
177.017186279
175.408096919
173.707597328
171.929030335
170.079939512
168.164446475
166.195103341
164.181491578
162.131099399
160.052065143
157.958512245
155.854566529
153.753148332
151.663833287
149.591692320
147.548189412
145.541551629
143.583393993
141.675123613
139.825267938
138.045443308
136.340087001
134.712879755
133.173487793
131.725028987
130.372814990
129.121623997
127.977220467
126.943397274
126.022406473
125.219708886
124.537297447
123.980126998
123.548322732
123.248744690
123.079608892
123.046702918
123.151115868
123.397323242
123.784800792
124.317488582
124.995739852
125.826164430
126.805714098
127.938057328
129.228074564
130.673102898
132.275305890
134.038235227
135.961728017
138.047302374
140.293891749
142.706518313
145.277206461
148.010792764
150.902328840
153.954778579
157.161115652
160.518141389
164.024850250
167.674083967
171.460126156
175.374386192
179.410712296
183.561243807
187.816186480
192.160265879
196.583567277
201.074132547
205.616994449
210.198209693
180.242692532
181.583006733
182.886045608
184.144118566
185.349068118
186.493378510
187.570823998
188.567678179
189.487028270
190.313664873
191.040999184
191.667687038
192.183234047
192.581377992
192.861497337
193.011152546
193.038150234
192.926190010
192.682623525
192.302198055
191.783551305
191.127030486
190.333960896
189.409622852
188.350412724
187.162145571
185.853555512
184.423715747
182.883196400
181.235661976
179.491494739
177.653416711
175.736175053
173.748161911
171.694414642
169.588172071
167.439981615
165.257954865
163.051032847
160.834204658
158.611843606
156.397733065
154.201803054
152.029306339
149.892394261
147.799616997
145.762698759
143.783042931
141.869693463
140.034152745
138.280840287
136.613696192
135.042057687
133.569371809
132.200428912
130.940393508
129.794661500
128.766909562
127.859249318
127.077349924
126.422481531
125.900153418
125.509971030
125.258662436
125.144471988
125.173141115
125.345477234
125.665881624
126.133795938
126.752984456
127.523755482
128.452489553
129.536027988
130.777953304
132.182936766
133.748021255
135.475383468
137.367974721
139.425474867
141.649072008
144.037123782
146.594569584
149.312352466
152.195027372
155.237105608
158.440371869
161.797263197
165.303672634
168.957580531
172.750586134
176.676149678
180.724396807
184.887695666
189.157122190
193.521529646
197.963967197
202.473355707
207.036503097
211.636734191
216.258947647
185.300358185
186.744967757
188.147978596
189.500882199
190.795070006
192.021994121
193.175053081
194.239401976
195.218218818
196.095341259
196.863713456
197.521633676
198.058214561
198.466913964
198.746759102
198.885221156
198.890270889
198.745101743
198.457859496
198.022898147
197.439527962
196.708422877
195.831469336
194.814554700
193.654525889
192.357769027
190.934055675
189.383383377
187.716920144
185.939493090
184.062370917
182.088733840
180.034745709
177.909650441
175.719430574
173.477970659
171.196843147
168.884771276
166.551529088
164.212989777
161.873767943
159.548550874
157.247617015
154.976445105
152.747873609
150.570806691
148.457090260
146.408159051
144.433580403
142.544772637
140.746154889
139.041972884
137.441235465
135.947741762
134.565797919
133.300988467
132.158352078
131.141462359
130.252344226
129.496870925
128.875628245
128.394699489
128.053194972
127.857709140
127.806554114
127.905433040
128.154868518
128.559192570
129.117840988
129.834353069
130.709024674
131.747976900
132.947902016
134.312296260
135.845561340
137.544408944
139.410985304
141.447547536
143.653563028
146.029784887
148.573901618
151.290676171
154.169827555
157.215493951
160.421513295
163.788340694
167.307669308
170.974374482
174.785185619
178.730314146
182.802195023
186.989488478
191.282879376
195.672215337
200.144828642
204.681938716
209.271174136
213.897975328
218.543847018
223.192503554
190.769739832
192.315575502
193.815890947
195.261394057
196.643046898
197.951257514
199.179076278
200.310503635
201.348832033
202.276903895
203.087241060
203.777716427
204.337026104
204.758361859
205.040313060
205.170297714
205.156347363
204.981158757
204.653649032
204.167704431
203.523276490
202.721356642
201.764337680
200.658685632
199.401691607
198.000248769
196.465127022
194.797323983
193.008484669
191.104634272
189.097899504
186.991918145
184.804265622
182.545033140
180.221171774
177.847160891
175.435657401
172.995977241
170.538755143
168.080766260
165.626858227
163.192663927
160.788803637
158.421031581
156.102872705
153.843617831
151.655253094
149.539284219
147.505810247
145.566198088
143.724890069
141.986491768
140.359679927
138.848636348
137.457222695
136.191481526
135.056107486
134.054585497
133.188912371
132.465158216
131.883265726
131.449912933
131.163736428
131.031198671
131.050713977
131.227952671
131.563149483
132.060563557
132.719652421
133.543672576
134.532936272
135.693268629
137.021161523
138.520020922
140.193904459
142.039148591
144.057813317
146.251356288
148.618964799
151.160836317
153.873889506
156.762597608
159.815308877
163.035590192
166.416463089
169.956895835
173.647623354
177.482388214
181.456422201
185.558413828
189.779567050
194.106909876
198.529251121
203.035060530
207.610006631
212.233359471
216.891352803
221.567976067
226.242836358
230.898493374
196.612609309
198.254886576
199.848158553
201.382393402
202.848165251
204.234842659
205.535164862
206.731959695
207.828664069
208.807096096
209.659411533
210.382994119
210.966109494
211.401702618
211.687830402
211.811909571
211.781912698
211.580060244
211.216001356
210.683084032
209.981851293
209.113601617
208.081160864
206.891531293
205.542442074
204.041212029
202.399547976
200.619517239
198.713110690
196.687565306
194.555829162
192.321993032
190.005018215
187.615831009
185.162366129
182.659636892
180.121442855
177.557664466
174.979821413
172.405605016
169.840085462
167.299881456
164.795946506
162.334363127
159.929339994
157.590587954
155.330254492
153.149961206
151.060345794
149.072757687
147.191690758
145.422171596
143.772534669
142.247381408
140.850171462
139.587444824
138.463566742
137.481948310
136.644620416
135.957839594
135.420948175
135.041239482
134.816894672
134.754248736
134.851846327
135.115327763
135.544636266
136.143946124
136.912762563
137.853992949
138.967990367
140.260242303
141.726974455
143.371495905
145.197431502
147.200692007
149.383183371
151.745448150
154.286314495
157.005289488
159.898415699
162.969743969
166.206106615
169.610326276
173.174457318
176.895824036
180.763984944
184.771433157
188.911652301
193.171690511
197.541315912
202.005780305
206.551842560
211.166466950
215.833547366
220.530329940
225.241580038
229.949810582
234.632695297
239.271728239
202.819000631
204.551439647
206.231810012
207.849389525
209.394422923
210.855260125
212.224371687
213.483412350
214.636000236
215.662913431
216.556006394
217.312116999
217.919077355
218.369610516
218.661142347
218.781155364
218.737433140
218.511753277
218.114443747
217.538253759
216.784252065
215.854037204
214.750780091
213.481967829
212.045765979
210.449825223
208.706710056
206.819622128
204.800764716
202.658578857
200.406794464
198.049949728
195.608348088
193.093733123
190.515032112
187.887724299
185.226809130
182.542696055
179.847811049
177.160772119
174.486860348
171.843717567
169.242621127
166.690035840
164.200848992
161.785223196
159.455491469
157.213437899
155.070243224
153.037272489
151.119103191
149.321247711
147.651679133
146.115459670
144.715690428
143.459445742
142.350775313
141.393029235
140.588335675
139.943120584
139.456168224
139.135403694
138.978565642
138.991867029
139.174000632
139.530574669
140.061234155
140.770045895
141.656583876
142.723330254
143.970695687
145.403782164
147.018467073
148.817951872
150.805324595
152.976013439
155.331689778
157.871856783
160.594893692
163.499469902
166.580644749
169.841895087
173.268402791
176.862058453
180.613797348
184.519152833
188.566295489
192.746358954
197.050837478
201.465053493
205.977147840
210.570491453
215.229654433
219.940006012
224.683602886
229.435657275
234.179434456
238.896020451
243.561177121
248.155493125
209.367843215
211.182567022
212.942544468
214.636415256
216.254168443
217.783173657
219.215677424
220.532180068
221.736523365
222.808444891
223.739569561
224.526143159
225.155574137
225.620395126
225.917302078
226.033928650
225.977731244
225.730096470
225.301965662
224.685444434
223.882049607
222.893679295
221.723751382
220.380180733
218.861575526
217.175817443
215.336233674
213.347220141
211.221062226
208.967376161
206.600633404
204.125814251
201.564501991
198.929234683
196.229933351
193.482469420
190.703095696
187.902706804
185.094651924
182.298477883
179.519664709
176.776907331
174.081794319
171.441225531
168.870755625
166.381026225
163.984579286
161.683408584
159.489235046
157.413469151
155.460805366
153.637306681
151.950553939
150.406113049
149.006769832
147.760163071
146.670038611
145.739694510
144.971417669
144.371779168
143.939044746
143.681781112
143.597291246
143.691671659
143.963768493
144.419149658
145.057151424
145.881699873
146.892452388
148.091380060
149.478959438
151.059853659
152.829494078
154.790959335
156.946683035
159.291550071
161.826904224
164.551081064
167.461912374
170.557075529
173.830543234
177.285050735
180.904016003
184.688200171
188.627273756
192.714853195
196.937526801
201.284972488
205.746476612
210.305594047
214.948671510
219.657145323
224.413307376
229.200889500
234.000107195
238.784205675
243.534965900
248.232178894
252.849780886
257.367685294
216.249420983
218.136825609
219.967109330
221.728326506
223.410297198
224.999467817
226.487904436
227.854991930
229.104845530
230.216178071
231.180462919
231.993323106
232.641768613
233.118181372
233.418434843
233.530418779
233.461124243
233.191620301
232.733389015
232.077870016
231.226943998
230.182819696
228.949059490
227.533948777
225.936557011
224.164893290
222.232943270
220.146352290
217.917367444
215.556730877
213.079616958
210.491445700
207.814998956
205.063582605
202.248103954
199.384748315
196.491068096
193.578391302
190.661000086
187.759360913
184.879139823
182.040102962
179.254133105
176.528612206
173.879742867
171.318663838
168.858146885
166.500439038
164.257788912
162.141675168
160.156941799
158.310263366
156.608783538
155.058613012
153.662264412
152.427959581
151.359148664
150.459080988
149.730258808
149.179365164
148.804182140
148.613918344
148.605441513
148.784735604
149.150790800
149.709119039
150.458732960
151.403374292
152.542788945
153.878344072
155.410579592
157.143663334
159.072467637
161.199929879
163.527700579
166.050059132
168.767919179
171.678322025
174.778449234
178.064830210
181.530259452
185.176551943
188.985281171
192.955880106
197.076624077
201.339121446
205.728213006
210.232048235
214.837525572
219.526446345
224.283232996
229.087398299
233.918928436
238.759933090
243.588850219
248.377112165
253.105082050
257.751473787
262.288552866
266.695852726
223.452583214
225.401341157
227.290793010
229.108457590
230.844083255
232.483267028
234.017934816
235.426415015
236.713151201
237.855865137
238.845959982
239.678424070
240.339910151
240.822698122
241.121758362
241.225360823
241.139898230
240.846221949
240.356276463
239.660842862
238.762079629
237.662532459
236.365808086
234.880509485
233.206201979
231.350923729
229.329208616
227.148003091
224.819412504
222.355236853
219.771319841
217.073523140
214.285728758
211.421980634
208.494155570
205.518672207
202.514419233
199.493097275
196.469923895
193.466259298
190.487942523
187.555812862
184.682024504
181.874478918
179.149995306
176.520216203
173.998157381
171.586356691
169.297563235
167.143337859
165.128702648
163.260995305
161.546862181
159.992994524
158.601670728
157.381697500
156.336232905
155.468472899
154.781183386
154.281115790
153.965597485
153.844465377
153.914145177
154.180510106
154.642667746
155.306049737
156.169325281
157.235998399
158.505897275
159.979686785
161.657956093
163.544320146
165.632967055
167.926671436
170.426165187
173.125063646
176.023740726
179.117826421
182.403750101
185.876745140
189.528356030
193.359295925
197.349259415
201.496162624
205.786781996
210.210676079
214.750817691
219.393788858
224.123977120
228.921512807
233.768815571
238.643562789
243.523484000
248.389149651
253.217359016
257.977981707
262.650083493
267.211605108
271.633367659
275.894876316
230.964802003
232.961570687
234.896895186
236.757804942
238.534081195
240.210565185
241.779076594
243.216967329
244.529072066
245.692173602
246.697689728
247.539985580
248.205416806
248.686220167
248.976401613
249.064755361
248.956955833
248.633765653
248.107512722
247.368362135
246.418668795
245.261359372
243.899992799
242.343446928
240.591834369
238.653133514
236.542316077
234.267675510
231.841092937
229.275340707
226.586902600
223.782088505
220.885763423
217.912675466
214.875641622
211.791231186
208.679689331
205.553018782
202.427363262
199.324928105
196.251711813
193.229605256
190.271003352
187.384348768
184.587031559
181.891187842
179.310081292
176.846568313
174.513852930
172.323580744
170.280973234
168.394068606
166.668939807
165.112885329
163.727984252
162.523608494
161.502622472
160.668155100
160.023272176
159.574740120
159.319452230
159.267844475
159.415886891
159.769340367
160.327385494
161.095339545
162.071504902
163.259086714
164.657974819
166.268033721
168.089874905
170.126504938
172.371295852
174.826835432
177.492801637
180.362095221
183.434439059
186.703954392
190.166223541
193.815054555
197.640699149
201.642593751
205.798579173
210.104888550
214.546734353
219.111647017
223.780669768
228.538820836
233.367929145
238.246612594
243.155273484
248.069926705
252.966178743
257.823215985
262.616414698
267.314427230
271.895192671
276.336258425
280.607293859
284.688165939
238.769199669
240.798723455
242.764536537
244.653218767
246.454693350
248.153157025
249.740349312
251.192746300
252.515642843
253.684953453
254.692197614
255.531155450
256.187964392
256.654888554
256.924933479
256.987580968
256.847686668
256.486085468
255.915412965
255.125301791
254.118233120
252.897579831
251.466776511
249.834947799
248.002826341
245.978257851
243.776548335
241.407378208
238.882350025
236.215109043
233.422756870
230.512064008
227.508745127
224.428216418
221.284191623
218.093308812
214.877169721
211.647999599
208.422845437
205.224682382
202.059654018
198.950653468
195.910276818
192.947509052
190.080247984
187.321092229
184.683545001
182.170794069
179.796432489
177.572178224
175.503463553
173.599044370
171.864329407
170.307237182
168.929676609
167.741540035
166.745390698
165.944266073
165.341553063
164.943969714
164.747986375
164.764590571
164.989276902
165.427688047
166.079014930
166.948416857
168.033802948
169.338012691
170.860962076
172.601621403
174.560584544
176.740200261
179.132891618
181.741033792
184.563123081
187.591308240
190.824553127
194.255401823
197.878507848
201.686153999
205.667293138
209.819926824
214.120136697
218.562340963
223.130171807
227.809226504
232.578627167
237.421880965
242.318299720
247.245224707
252.181099983
257.100536370
261.977239308
266.789237070
271.510771094
276.109709140
280.563078118
284.848471474
288.934756277
292.802568163
246.828683499
248.873296607
250.851631963
252.749855719
254.558145558
256.260184965
257.847652833
259.296272436
260.611876263
261.769601289
262.761160074
263.579814791
264.211585092
264.648844819
264.883595967
264.906186812
264.720580907
264.307877723
263.680950462
262.829026255
261.754656894
260.461746082
258.953547852
257.239420520
255.320807965
253.205368320
250.908646224
248.441739131
245.815943547
243.045665188
240.148603144
237.132004188
234.022280606
230.835474146
227.586134091
224.290884759
220.972656109
217.643805722
214.322243074
211.031604265
207.778161835
204.585727864
201.467048771
198.431627862
195.497786810
192.678532671
189.987582881
187.428453006
185.015035180
182.759092354
180.666266568
178.746023540
177.003005455
175.445746289
174.076008748
172.904131878
171.932365801
171.163622105
170.601612205
170.252934750
170.113638850
170.195197269
170.492605018
171.011376914
171.750635907
172.715329919
173.902949619
175.315900718
176.954073414
178.815463251
180.900595056
183.211121103
185.738391507
188.484543552
191.446781691
194.616486008
197.991764402
201.563555618
205.325524976
209.268372709
213.379791530
217.656221489
222.072156244
226.620117534
231.282199710
236.042243457
240.877539149
245.770190618
250.697133550
255.634744930
260.559648539
265.445392138
270.264086730
274.992893606
279.605269256
284.068800096
288.359847842
292.456525431
296.327287351
299.953933345
255.096640861
257.136017275
259.106058273
260.992548897
262.786035622
264.469840059
266.035594774
267.458416112
268.744760755
269.869099717
270.823434795
271.600611175
272.186651172
272.574135138
272.754097500
272.717945776
272.468711991
271.987984357
271.288812818
270.360191947
269.204709771
267.826904143
266.229818569
264.423050480
262.408863599
260.194696345
257.796249252
255.226054727
252.495104318
249.618442553
246.614346276
243.490556585
240.274013155
236.981334733
233.627824215
230.230009564
226.812087354
223.386446503
219.971797237
216.592290128
213.254308364
209.982460255
206.789579933
203.685634471
200.689263792
197.813801795
195.073136006
192.471085708
190.021726352
187.736822280
185.622207641
183.688020958
181.938027115
180.381349463
179.019620881
177.863523314
176.914977336
176.176723379
175.652780182
175.349549909
175.262652465
175.403959636
175.767940347
176.359966382
177.179001719
178.229720173
179.509171803
181.019262565
182.759789611
184.727711302
186.923422217
189.347853838
191.991177789
194.855268333
197.935954919
201.223857586
204.716149288
208.402184087
212.274607587
216.322533165
220.532481724
224.899246887
229.395986226
234.013304123
238.731864594
243.534011392
248.395378627
253.296829599
258.213172280
263.120196678
267.992926736
272.804259486
277.525096158
282.132076886
286.598271002
290.891538328
294.987843313
298.866299787
302.495365636
305.858364818
263.506835265
265.518241905
267.456591009
269.307317674
271.061451034
272.702121724
274.220925967
275.592541777
276.824145166
277.889671761
278.781515235
279.492237225
280.008002933
280.321708379
280.423500677
280.306045619
279.971443720
279.402022951
278.610959855
277.587233142
276.333456267
274.854918893
273.154453362
271.241918870
269.120520776
266.797468211
264.288550698
261.607736158
258.765740028
255.778116975
252.663698267
249.430737265
246.106513757
242.708167027
239.251649433
235.753310364
232.238513626
228.719569093
225.215902653
221.751995166
218.334318368
214.988114246
211.726230490
208.559011036
205.505287183
202.578611082
199.792977000
197.152461821
194.671185461
192.360854249
190.227460655
188.281746510
186.526488012
184.971347897
183.617839286
182.476854392
181.549965198
180.839687470
180.350309113
180.087956822
180.047804898
180.242020665
180.664520825
181.320514794
182.208708537
183.333432059
184.691280346
186.283599876
188.110013812
190.166406972
192.452975862
194.969924398
197.706168155
200.663295499
203.835713052
207.213318453
210.792294581
214.560486182
218.509520246
222.626978821
226.898348373
231.316743513
235.854310250
240.499783243
245.232567617
250.033846128
254.877852917
259.744424498
264.606587922
269.439971786
274.218293725
278.914262886
283.498013115
287.946045558
292.231465056
296.322977482
300.196423312
303.832373207
307.199707361
310.283572228
271.966310808
273.923912879
275.803917734
277.591446601
279.278126830
280.847090572
282.289911855
283.581023935
284.728428288
285.705678657
286.505674082
287.120861007
287.537708043
287.749551237
287.745779071
287.520518477
287.074981938
286.392510441
285.486370336
284.345780613
282.973394914
281.375380897
279.554388862
277.520576403
275.278217493
272.834303878
270.204661006
267.404669378
264.444817014
261.341034793
258.112672836
254.768508822
251.335955846
247.832605124
244.274927848
240.679010255
237.071238939
233.463724457
229.876496448
226.334140225
222.843188952
219.429313032
216.105286913
212.881709759
209.777456275
206.806160404
203.981838846
201.308758169
198.800920948
196.469902168
194.321800246
192.367857998
190.609756924
189.057624176
187.712856546
186.586397338
185.679451147
184.994248738
184.535289336
184.308345993
184.308126267
184.546974169
185.018233012
185.726926552
186.671403194
187.855574495
189.275578889
190.932154639
192.824661633
194.947907034
197.301819662
199.885891449
202.687744068
205.708660635
208.941622329
212.375876229
216.006590931
219.820238100
223.807464714
227.954443936
232.245814898
236.673041253
241.207649225
245.836624719
250.538349551
255.293247420
260.074484658
264.861129665
269.624866428
274.341613864
278.984142546
283.525464743
287.935426711
292.190790550
296.265121032
300.128531318
303.757002128
307.132960259
310.226111037
313.023637923
280.353974320
282.229104255
284.021184472
285.715067985
287.303096187
288.768616497
290.103201762
291.281258938
292.311731088
293.167963424
293.843486066
294.330831950
294.616948666
294.695750044
294.556044442
294.193615545
293.608876475
292.786467847
291.739720328
290.458380487
288.945181156
287.207292643
285.247240960
283.075526714
280.697615531
278.120310772
275.359432644
272.431721663
269.347499644
266.122935965
262.777845143
259.321530362
255.781312873
252.175152532
248.519880950
244.831233610
241.136429557
237.447250614
233.784190323
230.171676220
226.616268053
223.143820640
219.766937792
216.496319070
213.350717533
210.343687659
207.489166516
204.791520966
202.264458135
199.919337120
197.762293792
195.804937983
194.047765818
192.501268825
191.166726173
190.054953312
189.166771050
188.504062425
188.071462584
187.874318686
187.906848655
188.181444760
188.690862939
189.439916182
190.426501631
191.654036623
193.118217518
194.819139877
196.755806458
198.921978846
201.317250399
203.940438505
206.777878684
209.830532959
213.090001644
216.544985050
220.189646704
224.009276084
227.993614829
232.127611873
236.395284712
240.786536126
245.272707338
249.839225769
254.463735920
259.126346584
263.799544438
268.461918690
273.084313301
277.643388155
282.111369466
286.462062065
290.665513831
294.699140244
298.537368933
302.152235633
305.520104338
308.625575894
311.439549642
313.951367485
288.528591099
290.290171709
291.962287387
293.529582247
294.985228045
296.313019186
297.504561580
298.534476881
299.412774070
300.112781903
300.628800061
300.953678665
301.075031655
300.987497711
300.679530893
300.148753033
299.394910488
298.404230518
297.190094081
295.743081662
294.066066310
292.167334025
290.049369757
287.723062912
285.195179190
282.472375031
279.570433765
276.507369058
273.293400836
269.944798422
266.481761514
262.914104919
259.268817007
255.564126606
251.817042679
248.042856929
244.269386838
240.507950408
236.779338108
233.107528172
229.499064473
225.979709079
222.561789654
219.255923391
216.080564137
213.049006051
210.174989184
207.462874454
204.925884371
202.575071056
200.416523959
198.462059150
196.710918384
195.173835609
193.851966415
192.755806642
191.885781411
191.243364038
190.833235937
190.660255011
190.718129222
191.019164429
191.555526729
192.331790942
193.345322852
194.598971579
196.088024722
197.811917399
199.769203900
201.952668731
204.361510008
206.993930139
209.835037383
212.885461404
216.135517239
219.573492606
223.192590599
226.977161428
230.916151243
234.993528280
239.192944820
243.502894594
247.894994739
252.353368324
256.855248058
261.380895166
265.902543226
270.398610732
274.839647588
279.203480336
283.462220676
287.590929648
291.560331100
295.348861303
298.932171896
302.284665496
305.383303334
308.215078871
310.752407029
312.986812200
296.329563679
297.944407377
299.462438497
300.868170258
302.155722027
303.309582301
304.321443834
305.166402770
305.855664819
306.362749266
306.682877892
306.809471036
306.731000205
306.442983706
305.933788495
305.203030104
304.249959602
303.062665923
301.654573993
300.017407356
298.154256865
296.074613923
293.781023178
291.284801036
288.594094177
285.715460305
282.664615887
279.460722970
276.113955757
272.640545203
269.060965770
265.385510171
261.640579827
257.844555322
254.014416859
250.164914661
246.324190449
242.502960183
238.722121223
235.004890775
231.357746213
227.806056064
224.361762620
221.035196057
217.844328897
214.802000506
211.921627592
209.207445875
206.672002635
204.325949555
202.175234596
200.231699336
198.493291617
196.970847570
195.665390443
194.586902013
193.735406653
193.111910968
192.721043784
192.567122958
192.643333028
192.961759351
193.513989309
194.304332689
195.329563249
196.591894071
198.086258427
199.811431131
201.765435616
203.940184233
206.334431817
208.945845853
211.758418318
214.772441016
217.977086549
221.360390322
224.914673792
228.623631555
232.475553896
236.453719389
240.541687779
244.726751299
248.981263375
253.288346901
257.625170889
261.972610783
266.303088234
270.595161339
274.819643918
278.955905800
282.976376109
286.857783049
290.571960911
294.098689733
297.415146723
300.498451000
303.326340450
305.888310576
308.158556557
310.130716081
303.561091295
304.994799222
306.323536588
307.531789600
308.614742564
309.557836463
310.352928741
310.975867053
311.439185113
311.716812380
311.805057716
311.698179233
311.385693628
310.864156029
310.122145213
309.161391658
307.980852849
306.570726604
304.944479911
303.095272571
301.026500536
298.748913079
296.265224546
293.587197985
290.724402110
287.683340227
284.479627480
281.133407932
277.654844603
274.059991912
270.369452944
266.593939439
262.759001206
258.883034353
254.982765693
251.072298771
247.179792100
243.315221892
239.499381878
235.754409261
232.086654757
228.520780967
225.068234780
221.738842430
218.549915639
215.513639804
212.642978664
209.941917544
207.422144954
205.093822354
202.962655357
201.040318814
199.323462270
197.822872653
196.539431067
195.482418975
194.651463578
194.047057387
193.673675381
193.535059722
193.623869125
193.951841816
194.510012840
195.302402468
196.325156447
197.579794321
199.060970091
200.766815468
202.694756680
204.835969367
207.188732381
209.750275225
212.503631661
215.448755350
218.573859611
221.866905090
225.319439274
228.914810213
232.640812233
236.480355682
240.417180835
244.437628092
248.515220159
252.632415444
256.766668430
260.899897651
265.005141551
269.061394402
273.040269433
276.922986591
280.682703336
284.298152054
287.742650199
290.997584817
294.041889077
296.855640464
299.417495632
301.719453478
303.737692174
305.467815462
310.032581451
311.250858937
312.355407914
313.330814070
314.173440844
314.869939582
315.412435011
315.777806873
315.980041685
315.993699707
315.816347614
315.443346881
314.865432504
314.080344765
313.077188757
311.859885255
310.427316410
308.771990897
306.907415085
304.828441645
302.538859896
300.050682150
297.366901478
294.499721527
291.460125804
288.254598385
284.898610413
281.413082829
277.808175343
274.099632444
270.308007125
266.444347728
262.533088444
258.592491509
254.638798029
250.685357598
246.760019911
242.871892033
239.041443832
235.289424374
231.621992105
228.062795717
224.622683245
221.310760971
218.143512304
215.132275726
212.289437091
209.618607363
207.130450348
204.834555820
202.736284713
200.846952312
199.161942142
197.691835882
196.437362346
195.406933571
194.599791731
194.015880483
193.659421070
193.533560018
193.630442177
193.961342193
194.516785388
195.300480354
196.307936060
197.539934012
198.990941685
200.658481169
202.539335805
204.624103866
206.910573892
209.395645821
212.061594643
214.908041717
217.922456279
221.092910474
224.410310638
227.857977856
231.423384147
235.089407923
238.840230539
242.661520827
246.528356043
250.422881095
254.323169925
258.212560279
262.065103728
265.860501488
269.571654452
273.181859968
276.665374336
280.003187090
283.170396523
286.150193412
288.923423232
291.473251053
293.779359576
295.836154109
297.621935951
299.134066438
315.537466882
316.507238169
317.354220791
318.063252651
318.631987115
319.048536885
319.305423460
319.380838106
319.290330511
319.009310556
318.536773757
317.869439117
316.999408057
315.925742007
314.638386226
313.143474897
311.440036533
309.523035036
307.406006871
305.085699441
302.566375858
299.861260943
296.973722543
293.916365368
290.701522839
287.335678710
283.834100921
280.218246443
276.498242213
272.689394055
268.811993824
264.877319694
260.908431173
256.923294838
252.937433994
248.963334013
245.028203922
241.140163982
237.319135924
233.584198534
229.941246585
226.412625174
223.008490412
219.737024607
216.613734936
213.648934809
210.854319620
208.233010356
205.794505533
203.547755513
201.497679095
199.655049456
198.014053002
196.584914155
195.368200900
194.371313811
193.593131634
193.033029793
192.694884553
192.581243455
192.683765174
193.013162088
193.559506684
194.326179046
195.308069906
196.505195213
197.911942372
199.525270484
201.341299035
203.350223307
205.549345691
207.935351661
210.489985109
213.212546928
216.089996007
219.110700807
222.265074376
225.536722421
228.912970566
232.376995473
235.913652375
239.508230490
243.137678797
246.784170836
250.426701344
254.050328822
257.630459906
261.147733585
264.576752551
267.903031104
271.102236210
274.157773504
277.046735730
279.754241853
282.263130211
284.559673201
286.624653689
288.454704040
290.030328477
291.350397855
319.899222504
320.590541714
321.150060494
321.563042550
321.828530664
321.936328142
321.879503538
321.637821570
321.228480426
320.627942601
319.836792734
318.853330618
317.671135567
316.290701051
314.703105672
312.916660896
310.930748368
308.742861330
306.366547301
303.800578071
301.049754688
298.128405722
295.040348712
291.798515185
288.416465812
284.900684406
281.266160816
277.534623470
273.716101157
269.825343151
265.882150713
261.897906794
257.894057072
253.888109417
249.894652352
245.925202636
242.006009851
238.144111397
234.358666852
230.666846166
227.074209877
223.601545173
220.258240034
217.051374527
213.995359629
211.099330839
208.374199455
205.822496231
203.452446503
201.272309833
199.286475255
197.505010341
195.921005325
194.544185822
193.374951588
192.419581875
191.676619955
191.144869438
190.827780661
190.727312735
190.834680978
191.159954336
191.692820539
192.436318339
193.384762713
194.537392952
195.888629687
197.434924170
199.171736549
201.089037106
203.183663671
205.452201921
207.876107764
210.454378963
213.173703734
216.022920523
218.992104682
222.065435960
225.230263122
228.470370698
231.771483092
235.118800788
238.491383697
241.871753780
245.240083675
248.583372711
251.878660788
255.107712423
258.247159402
261.284791285
264.197931710
266.972473817
269.587636995
272.030526729
274.285989735
276.343330634
278.184481564
279.808063125
281.196811354
282.350841795
322.951871092
323.339913816
323.587608391
323.680827927
323.620088164
323.397075512
323.005567961
322.427132887
321.680666029
320.743857651
319.619018491
318.306204707
316.800536847
315.104017168
313.209106987
311.126196980
308.855197611
306.396126169
303.762506556
300.955179662
297.979526413
294.850810338
291.573345304
288.160279486
284.626222939
280.977639866
277.229151464
273.402480104
269.507458060
265.558174728
261.573703205
257.565396175
253.552877031
249.553038510
245.579345488
241.642252427
237.766762489
233.958760799
230.236452311
226.614917972
223.099318893
219.708679041
216.451564511
213.333811233
210.368648650
207.563914932
204.929670019
202.467774538
200.185111539
198.089218475
196.183881290
194.478327128
192.964677350
191.652036167
190.540629362
189.635542362
188.935016801
188.437296563
188.145340574
188.060542323
188.173730866
188.494270953
189.011543189
189.728237053
190.638154711
191.739766237
193.027640043
194.497780637
196.145018660
197.959273133
199.936954903
202.074660013
204.353801946
206.773098958
209.319201976
211.981574962
214.750111136
217.609818797
220.548225970
223.549998579
226.601882744
229.689263816
232.793468461
235.897647879
238.983356844
242.039668653
245.045460935
247.983761721
250.833461765
253.584608353
256.216351895
258.717061582
261.068135015
263.258658381
265.275442298
267.110665905
268.747433523
270.186075551
271.411539350
272.424918436
324.564061982
324.630275699
324.548456201
324.305274884
323.902782150
323.334694465
322.595666686
321.669256381
320.576062188
319.295145328
317.830646587
316.184497937
314.353373104
312.340821116
310.140880575
307.765865112
305.216348285
302.494788845
299.614638870
296.578766566
293.393148281
290.073765389
286.625442653
283.061406891
279.397092983
275.638909392
271.801006299
267.904824302
263.959874164
259.979500209
255.981816333
251.978007240
247.985705069
244.021045356
240.096216813
236.220535215
232.417512266
228.691842834
225.060612573
221.536699473
218.124807555
214.842048136
211.696134699
208.691559750
205.840320568
203.148875957
200.626393950
198.274008392
196.097229578
194.102859456
192.294024334
190.679008338
189.249108654
188.012707028
186.969850937
186.124395553
185.474316927
185.017325892
184.755837919
184.690713166
184.812461726
185.129702697
185.631590249
186.320461382
187.189681749
188.236975576
189.457167067
190.845876055
192.397355235
194.101631408
195.954737972
197.953380520
200.079163938
202.330555219
204.694383266
207.160867433
209.719866076
212.357425956
215.061389945
217.817533537
220.613730158
223.435795807
226.267397887
229.092549549
231.894336999
234.663957169
237.382257968
240.033621504
242.599331893
245.071615042
247.431548021
249.669895706
251.770218782
253.723526977
255.518506876
257.149995033
258.602274047
259.877090761
260.961546767
261.857464653
324.660608003
324.394551130
323.974033914
323.386704017
322.636180305
321.718295579
320.628739878
319.353191648
317.913905531
316.291411861
314.491740851
312.518749583
310.370618869
308.052436671
305.559940039
302.907156571
300.095402571
297.129420080
294.022525256
290.779484084
287.406856611
283.921084946
280.327486516
276.639206688
272.872247458
269.032911984
265.134772101
261.198726988
257.233826308
253.252606391
249.272014189
245.302935785
241.360893492
237.461148700
233.614508594
229.829097573
226.126749056
222.510964084
218.997584691
215.597244013
212.314145752
209.163403224
206.151873230
203.282653781
200.566497878
198.008444162
195.616759596
193.391819585
191.337770901
189.460686193
187.762994931
186.251972303
184.918244615
183.769396745
182.805294892
182.028563106
181.436948170
181.027665705
180.802551302
180.761970323
180.896187125
181.213052157
181.701573664
182.363736209
183.192552169
184.185038181
185.336369158
186.641840455
188.095194865
189.686705485
191.412084839
193.268234304
195.237160209
197.317110573
199.495280676
201.762745685
204.109462149
206.522675946
208.990655355
211.500463156
214.041158466
216.599197247
219.160587664
221.710383030
224.233295176
226.722619702
229.161238267
231.534932041
233.827422332
236.032988405
238.134664570
240.125477466
241.991079556
243.724304525
245.315593943
246.762183504
248.049525032
249.180489983
250.144247600
250.943125950
323.214925559
322.615089384
321.855918460
320.926193251
319.831100712
318.568610579
317.135585600
315.519891583
313.745339051
311.793978922
309.673738680
307.390378398
304.943486897
302.339638494
299.576315241
296.669008010
293.619802322
290.435503334
287.129217974
283.707407858
280.177181809
276.555165632
272.847124929
269.065957973
265.227960207
261.339276647
257.412799425
253.468658439
249.515302412
245.564424419
241.631633498
237.727404731
233.865088366
230.058986133
226.318470726
222.650451040
219.074958368
215.594332814
212.223089369
208.969646208
205.837679214
202.840280415
199.983470752
197.268949657
194.706247749
192.298981993
190.054536919
187.972520851
186.055760726
184.309621412
182.735816187
181.340580198
180.114020750
179.062877409
178.186831685
177.487305227
176.961848869
176.607228455
176.424675536
176.414101605
176.565599611
176.886243240
177.364970492
178.003415064
178.794319935
179.734042865
180.818186806
182.041777505
183.398127400
184.877867894
186.476451300
188.191044103
190.004232961
191.914082292
193.908309403
195.978915297
198.116069773
200.308327675
202.544468949
204.812968126
207.104087409
209.405092599
211.704269208
213.987835855
216.242174885
218.462594679
220.634014636
222.743622160
224.777542631
226.731952852
228.591818406
230.352256145
232.000899065
233.532276219
234.938443451
236.218757744
237.359819282
238.365351305
239.226482828
239.945856725
320.282213751
319.356392516
318.268072652
317.007291815
315.580770938
313.988568694
312.228829526
310.291607567
308.202119944
305.943943436
303.526859275
300.958442532
298.239545858
295.378139528
292.373423734
289.242080587
285.986940567
282.616607940
279.143907456
275.576738789
271.922709247
268.198351845
264.409818070
260.569601648
256.694021840
252.789017318
248.866714456
244.946291462
241.035468536
237.145089306
233.289303365
229.478087126
225.722614336
222.036177738
218.426715839
214.899928161
211.473985331
208.150131446
204.941515743
201.854435191
198.892027184
196.065397437
193.379773771
190.835495354
188.440922521
186.198284210
184.114126046
182.187300520
180.419387426
178.815077354
177.375364522
176.105444659
174.995048533
174.050046869
173.269932013
172.654975752
172.202560952
171.909053230
171.775065789
171.800097258
171.974139741
172.303493907
172.777094691
173.396227615
174.153444081
175.044499252
176.065480412
177.211191272
178.474598275
179.846775621
181.322974460
182.900679067
184.563197888
186.308449103
188.124791679
190.005192044
191.940127848
193.919524700
195.932733636
197.969717093
200.021919815
202.077545576
204.127044903
206.157874079
208.158088425
210.124875026
212.045145590
213.907467665
215.700274165
217.421466595
219.057866861
220.606487820
222.056803036
223.404887986
224.644262211
225.776119606
226.788178332
227.684766486
228.458850345
229.113230839
315.953105687
314.718051723
313.319133856
311.747730152
310.012026889
308.114057860
306.053320601
303.821994290
301.446508860
298.911927788
296.229790848
293.409339427
290.452509853
287.368543503
284.158265175
280.839264449
277.415048195
273.895728544
270.293776382
266.618235329
262.877149283
259.086697439
255.253342733
251.389033966
247.509862256
243.621521153
239.735306850
235.869311946
232.030423327
228.228656097
224.476631800
220.783768751
217.159115064
213.614941186
210.157800803
206.792219637
203.534510282
200.384914879
197.355218991
194.449746627
191.671103377
189.028493042
186.526412007
184.163914674
181.948266873
179.880373805
177.966006746
176.203289837
174.592651064
173.138149433
171.840071785
170.702603060
169.715224465
168.882936847
168.205038385
167.680720404
167.307219902
167.080552605
167.000706337
167.066805823
167.268805616
167.612245268
168.086113517
168.691349319
169.420380182
170.268418917
171.232070205
172.305955065
173.482777148
174.754109656
176.115057148
177.563456836
179.083441155
180.672819843
182.320676560
184.020955780
185.764515746
187.542671528
189.345381199
191.164126803
192.991485762
194.816689826
196.632206263
198.426757232
200.190039797
201.920953863
203.608321950
205.242042087
206.812711407
208.319781258
209.751820495
211.107534915
212.378085846
213.560937573
214.650922772
215.650798765
216.549363789
217.351339178
218.051399446
218.652380553
310.375893842
308.856518343
307.173650661
305.320049710
303.305266889
301.133140938
298.804554045
296.313691118
293.687968368
290.913861516
288.004529437
284.970685324
281.815148423
278.548283331
275.172393302
271.705698667
268.152282892
264.523466356
260.831306325
257.085682585
253.295010327
249.474885823
245.632007054
241.777665895
237.927505172
234.086948205
230.266425167
226.482861293
222.742234794
219.053778796
215.428572207
211.875445216
208.401419673
205.017764261
201.729738669
198.540757417
195.465330623
192.502814149
189.663668014
186.950432073
184.365201433
181.915401914
179.604873597
177.431488489
175.401511404
173.514611070
171.775864160
170.182704958
168.734520680
167.434786241
166.283104774
165.282700256
164.422911703
163.707888020
163.136727216
162.707619558
162.417672131
162.262598197
162.241758487
162.353939174
162.589110033
162.952067399
163.431898124
164.029195062
164.736316513
165.547993771
166.461359508
167.470882992
168.569082707
169.748060776
171.002823059
172.331579228
173.719349428
175.163872805
176.655007062
178.187663547
179.753134062
181.344105770
182.951159133
184.567291514
186.186141062
187.798023417
189.397253229
190.973809181
192.518974607
194.033178420
195.507047760
196.931744752
198.299857308
199.612217914
200.859009841
202.040430876
203.149173480
204.183932245
205.140708851
206.023568293
206.822346943
207.541982610
208.178728015
208.735360521
303.741934044
301.970082056
300.036643352
297.935752607
295.678201557
293.269417703
290.711660831
288.000956450
285.165462792
282.192966535
279.098073248
275.892744728
272.580476252
269.172597689
265.672709596
262.099408304
258.457238037
254.758439837
251.014616071
247.236183463
243.431869413
239.616503279
235.796950026
231.983768480
228.191975877
224.426720414
220.697562389
217.020230218
213.399753809
209.844653235
206.364502936
202.967543622
199.658911598
196.448924189
193.341672228
190.339543935
187.455345749
184.687678401
182.045743848
179.530513727
177.143606219
174.890820197
172.775423909
170.794227271
168.952597931
167.249070826
165.688117603
164.266527005
162.982765305
161.839771899
160.836498079
159.975271995
159.245375708
158.650138758
158.188451301
157.857585900
157.654528757
157.574733699
157.616934019
157.779608646
158.052782820
158.440529499
158.932065769
159.527635920
160.219568748
161.002172327
161.873096484
162.826680856
163.855326367
164.951670804
166.110659622
167.330879607
168.598266499
169.910524812
171.258303854
172.637451594
174.039726756
175.459141694
176.886895986
178.317469965
179.745473445
181.162332667
182.564029054
183.941759292
185.288320139
186.605478685
187.885545277
189.120869644
190.305839220
191.442512309
192.522540212
193.547422094
194.511229158
195.413732743
196.251970147
197.031083581
197.741902274
198.389438827
198.971398078
199.490431555
296.286025680
294.298441049
292.152429113
289.843455266
287.383410266
284.779064870
282.034014169
279.145928579
276.143460759
273.015590516
269.778177152
266.444194585
263.017615169
259.510575621
255.927773404
252.287958980
248.596016364
244.864844723
241.105570785
237.328874503
233.543744330
229.764109702
225.996946160
222.252040651
218.543653971
214.876670736
211.259810077
207.707618700
204.224172239
200.817363822
197.495344790
194.265789821
191.132119188
188.103772958
185.183820529
182.373724921
179.684719013
177.114786634
174.671961083
172.355874284
170.167710179
168.111807979
166.190952328
164.401020287
162.746590838
161.225176380
159.840737385
158.589463778
157.469023396
156.481867185
155.626332352
154.903925772
154.303935409
153.828914500
153.477537044
153.246240172
153.131892230
153.129724282
153.237842488
153.454445078
153.769640303
154.186797960
154.695285477
155.294993568
155.978246576
156.738983076
157.575341292
158.481545877
159.449935939
160.473672927
161.547670810
162.670886802
163.830169240
165.023222986
166.241480930
167.481683473
168.736074501
169.999923912
171.265034292
172.527316855
173.782256143
175.022393187
176.245196265
177.443021634
178.610098203
179.749344066
180.854626771
181.919403801
182.939666274
183.918561317
184.849058515
185.733783129
186.568043899
187.352545443
188.085240725
188.772147299
189.405039937
189.988896941
190.522755812
191.009094913
288.236098688
286.072507434
283.754558091
281.278968263
278.658578627
275.901243934
273.011824785
269.989424745
266.862953369
263.622461981
260.284861629
256.863906679
253.363866760
249.797537129
246.170510820
242.501509448
238.795644628
235.066246630
231.323969453
227.579520229
223.842110501
220.124688771
216.434301791
212.779961835
209.175088868
205.624332067
202.135626719
198.722389737
195.387767690
192.139123347
188.983300631
185.927449837
182.973463597
180.129993379
177.399246808
174.781872766
172.287678166
169.914169173
167.668312416
165.548629033
163.555916263
161.693225491
159.962946113
158.360151917
156.888740023
155.545313942
154.333416514
153.248683520
152.288104827
151.453686182
150.743191403
150.157384734
149.685602323
149.329670633
149.088038661
148.956385711
148.931460922
149.008302239
149.184388061
149.457658639
149.818320586
150.269059055
150.799402311
151.408879312
152.089821417
152.835846210
153.645535712
154.513008483
155.430584529
156.391922004
157.391922722
158.429897851
159.493579822
160.580706797
161.683465298
162.799434413
163.921348224
165.045651340
166.164722878
167.275840440
168.375260705
169.456627487
170.518721103
171.554985754
172.560997914
173.540648565
174.489237065
175.401249322
176.274087091
177.111868826
177.908735245
178.668279741
179.386922244
180.066168620
180.704782617
181.309483226
181.872944129
182.400027077
182.890993334
183.348116319
279.830017704
277.531643086
275.083531855
272.483550155
269.745338137
266.877574045
263.886293038
260.771815747
257.563090945
254.251121582
250.853670068
247.385053798
243.849685379
240.260886156
236.624951843
232.960433624
229.272573208
225.574944108
221.877751260
218.191537197
214.525710382
210.892206414
207.298120633
203.751719007
200.265539417
196.844034862
193.494439465
190.229119540
187.050343110
183.965044771
180.978900814
178.098592293
175.324680784
172.665127037
170.121440262
167.693570430
165.390055289
163.208057478
161.153586491
159.224272503
157.420576688
155.744431472
154.197917353
152.775428197
151.480282826
150.308286105
149.262654668
148.338510335
147.532280961
146.845564961
146.275595234
145.822472144
145.475604321
145.236144129
145.102307369
145.069085606
145.133104578
145.289231325
145.534314356
145.866055584
146.274763643
146.762455837
147.318822493
147.943020895
148.627388510
149.365264129
150.155617616
150.992465568
151.868138025
152.776753320
153.713211290
154.677154087
155.657149595
156.651000857
157.651601930
158.657311839
159.661350258
160.661245643
161.649920678
162.625949433
163.586258308
164.525570771
165.443816757
166.335450906
167.197313942
168.034106768
168.842441951
169.617759011
170.358687741
171.070221343
171.747532416
172.395044701
173.010179422
173.595126004
174.149368960
174.680183651
175.181096529
175.656794753
176.108665996
176.538757763
271.285845132
268.893218528
266.355681367
263.672128855
260.856857098
257.919120063
254.866024560
251.698899338
248.446544139
245.100804635
241.680105072
238.199133133
234.662322082
231.083407309
227.469214622
223.838023611
220.195130279
216.554204195
212.925043963
209.317883107
205.742312428
202.209265321
198.725880343
195.299729851
191.942465700
188.658391515
185.454141755
182.341128169
179.320809638
176.399794566
173.582744687
170.875933483
168.278787111
165.798674953
163.436566114
161.191825999
159.071877390
157.073664744
155.202349236
153.454873866
151.831412493
150.332937611
148.961301626
147.710330862
146.582860973
145.574002452
144.686730011
143.915685954
143.256843958
142.711426927
142.276178360
141.950610503
141.724213146
141.597517872
141.568499803
141.631523864
141.783086766
142.017900005
142.332178250
142.723402218
143.181977186
143.709266512
144.295117857
144.938304532
145.631160291
146.366781463
147.144461401
147.958116086
148.800102839
149.664957578
150.547580938
151.447918341
152.355310617
153.267655890
154.178497986
155.086915249
155.986602031
156.876075600
157.748765863
158.604472382
159.440691872
160.253197592
161.042920494
161.805247040
162.538203478
163.247153833
163.929914325
164.582810347
165.205530649
165.803865346
166.373890854
166.920741762
167.442747800
167.942678580
168.420663135
168.884412735
169.328264188
169.756689909
170.172119049
170.576359873
262.810259723
260.362250742
257.774046948
255.045444424
252.191263002
249.221104761
246.143038292
242.959206869
239.698105052
236.352325498
232.940780965
229.478366363
225.969443240
222.428070696
218.861457254
215.287545114
211.711631431
208.147372983
204.604218813
201.091994003
197.620467046
194.199614334
190.836626605
187.538454048
184.315888304
181.173133367
178.116339693
175.156069458
172.293054194
169.533675074
166.881737384
164.343171383
161.916456245
159.608466530
157.419780143
155.349287987
153.403444442
151.579089408
149.880641134
148.304538661
146.850715010
145.519327663
144.312076048
143.222317240
142.252490243
141.397106362
140.658975700
140.032288018
139.512662770
139.100971926
138.793510459
138.589272508
138.477826084
138.459133334
138.530922922
138.686985056
138.923681644
139.235577661
139.618248804
140.068970358
140.578231663
141.146753372
141.764531740
142.429943383
143.135301597
143.873491193
144.644060561
145.440825419
146.256177105
147.085024772
147.922267204
148.768123038
149.612635100
150.453826719
151.285826321
152.108372790
152.915620814
153.706981610
154.476355664
155.224700691
155.949988958
156.649011486
157.323567391
157.969899891
158.587148326
159.181210382
159.751008058
160.293692850
160.809859547
161.306034625
161.779083151
162.234748380
162.672192456
163.094674960
163.502906384
163.904935598
164.295870293
164.679942249
165.060549883
165.439252515
254.569967084
252.102771225
249.499742358
246.761446593
243.903106869
240.934470580
237.864455615
234.695844354
231.456702031
228.140286726
224.765844963
221.348344715
217.892012535
214.411161167
210.913259428
207.415876789
203.924280262
200.452037591
197.008314225
193.602468871
190.244448610
186.943344537
183.706420324
180.540086001
177.454322310
174.453281900
171.542755698
168.732562793
166.022795776
163.419701448
160.926384522
158.548495344
156.283742061
154.138594760
152.113375891
150.206604914
148.423901539
146.762101922
145.224979801
143.808630790
142.512789580
141.336926904
140.282657801
139.342952588
138.519930897
137.807589622
137.208643066
136.716848205
136.327561593
136.041321770
135.854014237
135.764178370
135.761448888
135.845266827
136.013110405
136.258238107
136.576872890
136.963436735
137.412860459
137.922229937
138.482100714
139.092560203
139.743742879
140.433616162
141.154452256
141.898952007
142.666848495
143.451858737
144.246406598
145.045731890
145.844724986
146.643847673
147.433770258
148.212671286
148.975195882
149.721688100
150.446747785
151.150588194
151.827545289
152.479673324
153.105332090
153.702298025
154.273121648
154.814833442
155.327620160
155.817801176
156.285316778
156.728094394
157.147497628
157.550742913
157.935382364
158.307680258
158.667569652
159.018722795
159.362378127
159.706842662
160.047959119
160.389702476
160.736379501
161.089292286
246.698273968
244.244259986
241.658261047
238.941487769
236.109460294
233.171897897
230.138458477
227.012409976
223.821294492
220.558970927
217.244882809
213.893966039
210.510273955
207.108319452
203.695735545
200.289704330
196.895451032
193.526403036
190.191511823
186.899644895
183.660930840
180.483662322
177.375204844
174.341513055
171.391819460
168.530268219
165.762417663
163.097444023
160.534889636
158.080950160
155.738176992
153.511997706
151.399510140
149.406859371
147.534231496
145.779869260
144.148674053
142.637565156
141.249760569
139.981149530
138.831304758
137.799120778
136.886189794
136.085161337
135.397902475
134.817969939
134.348041528
133.981453840
133.713383301
133.544045385
133.468952805
133.486245811
133.585608710
133.766004910
134.024660784
134.354337507
134.751117309
135.209277867
135.723099745
136.289495406
136.899066034
137.551273678
138.236380697
138.951934238
139.690143241
140.443549500
141.212001282
141.989120783
142.767356862
143.542241468
144.308648439
145.067253154
145.809279246
146.533091925
147.233783893
147.912254269
148.563534423
149.188551562
149.782045671
150.347112915
150.882419694
151.386697373
151.863145666
152.309521026
152.726998376
153.122222148
153.496074918
153.847218040
154.177663006
154.495280706
154.798222475
155.093197985
155.380862961
155.665236234
155.948039897
156.237774429
156.530985861
156.831383675
157.144132489
157.470268862
239.305760183
236.893717641
234.352906522
231.685062138
228.905907965
226.024988934
223.052595896
219.992349124
216.871200255
213.683556847
210.448940510
207.182175057
203.887122265
200.578456230
197.263900973
193.960252755
190.672699932
187.414498891
184.194456743
181.020954381
177.904304842
174.852100092
171.871842050
168.969114849
166.152476248
163.426096898
160.795431387
158.269105219
155.846197070
153.532926106
151.331427641
149.246957089
147.276147096
145.424886976
143.693329803
142.079527962
140.587763683
139.215113453
137.964318720
136.831177314
135.815130888
134.914590436
134.131180917
133.457280944
132.894562587
132.436206048
132.084902545
131.833573928
131.677291731
131.615951323
131.644727019
131.761407964
131.955706975
132.226148637
132.569708323
132.978676611
133.448996850
133.974796889
134.549702889
135.170471373
135.827727317
136.520314996
137.238615900
137.979748714
138.735837895
139.499290015
140.270002497
141.041510667
141.806277383
142.560094700
143.297812243
144.020292143
144.719241237
145.393244285
146.037775361
146.654244644
147.238104910
147.790914767
148.307791485
148.792826739
149.244920474
149.663731060
150.053019443
150.411215288
150.740427885
151.047545388
151.334325226
151.600129369
151.847510812
152.084967661
152.311174830
152.533221647
152.752448551
152.973164870
153.197538181
153.434209586
153.680400377
153.939549852
154.217638760
154.515428041
232.455082541
230.109828940
227.638381861
225.042890425
222.339197356
219.536552946
216.645777711
213.670729204
210.637720513
207.541667017
204.402062415
201.233557470
198.039817911
194.835647818
191.628807240
188.435714481
185.261537199
182.119341468
179.017853389
175.964992343
172.971253485
170.043627298
167.189788563
164.415028084
161.727305950
159.130843398
156.631116488
154.236278933
151.945026844
149.763666610
147.694040263
145.741273651
143.901662483
142.180897228
140.579184635
139.094464716
137.730481388
136.484529598
135.358943578
134.349523895
133.455605699
132.675192956
132.009992836
131.452147927
131.003183856
130.655958585
130.413216962
130.267466290
130.213741561
130.251614407
130.375952993
130.584235522
130.866181759
131.219910383
131.642149703
132.124740238
132.663492523
133.252375496
133.884360066
134.556065861
135.258120494
135.988759116
136.738476443
137.503958743
138.277227838
139.050579358
139.823899411
140.590649298
141.343293941
142.077861562
142.789172337
143.478251322
144.137225605
144.764934209
145.357170841
145.915819527
146.436748760
146.922071471
147.367261601
147.777366747
148.151455600
148.490087972
148.797510178
149.072781134
149.318894474
149.542912980
149.747409312
149.932419203
150.100943411
150.262084635
150.414976761
150.567029726
150.720238198
150.879154210
151.046356543
151.230582386
151.429703050
151.646884794
151.888889495
152.156189700
226.188175435
223.930626274
221.548853371
219.045318214
216.435906897
213.729476635
210.937278127
208.063306241
205.133202417
202.142357596
199.110140978
196.050984662
192.968362789
189.877182997
186.785200334
183.708465381
180.652148843
177.629113513
174.648059646
171.716485399
168.845059388
166.040267066
163.309992205
160.659300560
158.095631943
155.623270473
153.247834699
150.977071602
148.809368630
146.751172968
144.804142328
142.973306326
141.254737056
139.653971087
138.171340029
136.804742408
135.557446723
134.427016473
133.415438511
132.518591710
131.735723520
131.064492239
130.506731158
130.054368332
129.708823406
129.462677677
129.318760292
129.269159714
129.308936720
129.437328991
129.648928566
129.940936157
130.303056626
130.733030398
131.227345241
131.777406756
132.378903075
133.025632569
133.709913663
134.428249960
135.171252361
135.936556802
136.714768853
137.502143804
138.290586596
139.072307778
139.847127994
140.608453094
141.348738894
142.064234271
142.749728693
143.406389701
144.026710695
144.609821341
145.151779237
145.654911949
146.115503025
146.536148297
146.912664137
147.251021261
147.550400327
147.812239227
148.041204866
148.236950081
148.403304914
148.547449681
148.672718290
148.779799324
148.872059223
148.959184685
149.040714258
149.124324773
149.212639470
149.310413501
149.420604482
149.552007882
149.703122017
149.876838863
150.080670376
150.314785892
220.526472155
218.373823258
216.098400360
213.702885541
211.203137125
208.607542299
205.927684486
203.167608377
200.352260968
197.477481842
194.562426510
191.621272246
188.657311570
185.685529379
182.713645453
179.757348958
176.821841935
173.919772212
171.059857764
168.249226304
165.498701875
162.814354535
160.204311187
157.673468335
155.228820711
152.874714333
150.617025217
148.463143536
146.411213884
144.467867585
142.634672015
140.916584719
139.309553547
137.818993878
136.445418923
135.186749397
134.045825238
133.020517141
132.112515960
131.317838016
130.635655518
130.063329078
129.602856985
129.245961917
128.993990084
128.839284692
128.784779598
128.822136994
128.946500337
129.156757153
129.447251285
129.814932391
130.249470825
130.748250132
131.307527464
131.918284438
132.576102504
133.274594718
134.005436252
134.765037265
135.543975980
136.339302280
137.141734866
137.947105943
138.747196234
139.534159716
140.307706359
141.061211975
141.787115635
142.481881570
143.140273548
143.763585599
144.344635469
144.882881695
145.374599092
145.822535163
146.223394495
146.580190379
146.889074957
147.156914681
147.382954474
147.569488408
147.721548915
147.839355533
147.927527301
147.993315125
148.040763752
148.071197462
148.088276951
148.102250883
148.113015967
148.128465643
148.151827691
148.188026897
148.240367138
148.317668275
148.419033235
148.547077584
148.710034746
148.907752285
215.454355784
213.420355655
211.264660282
208.990090304
206.612407094
204.139466476
201.583089024
198.947290291
196.256303184
193.506392612
190.716412311
187.900253065
185.061036269
182.213792452
179.366181760
176.533529240
173.721095966
170.941298969
168.202902838
165.512720123
162.881700722
160.315578066
157.822750778
155.407987582
153.077908024
150.836905041
148.691218661
146.647916445
144.704957346
142.869189399
141.142168938
139.528796177
138.024981735
136.636041145
135.362711296
134.202994949
133.159333932
132.229935350
131.416238251
130.714441230
130.123648595
129.640960099
129.268573332
128.998005077
128.830554037
128.758358265
128.784467549
128.900109095
129.100561372
129.384340708
129.745569242
130.180966500
130.680151966
131.240168594
131.857055619
132.521379254
133.228635044
133.972234154
134.743224810
135.537948092
136.346937365
137.166673465
137.987994372
138.806325363
139.613321260
140.401111864
141.169259995
141.911142671
142.619179286
143.290052959
143.918513815
144.505969212
145.045532303
145.537028618
145.976912758
146.368334104
146.708429996
147.000570797
147.241244588
147.438189560
147.590675986
147.701831868
147.777008992
147.816973090
147.827083071
147.814623046
147.784300324
147.738060388
147.679795623
147.620291628
147.559764438
147.506275980
147.463634321
147.436906821
147.429709887
147.450856779
147.500033159
147.579575864
147.698411390
147.856045299
210.965932284
209.060878103
207.034972952
204.891103984
202.644870049
200.303550572
197.879110917
195.375466777
192.816121897
190.197745357
187.538804550
184.852876145
182.142920541
179.423978287
176.703629973
173.996826050
171.308913091
168.652057074
166.035083650
163.464549570
160.951489670
158.501368128
156.122879319
153.820690488
151.601111616
149.468553333
147.429718239
145.491370378
143.651332203
141.916690804
140.289056758
138.773278565
137.365305385
136.070363495
134.889442529
133.820681792
132.866142651
132.024387186
131.296641055
130.679316482
130.171451924
129.769914110
129.477128817
129.284397767
129.192991995
129.194872809
129.293206615
129.478777466
129.747046443
130.096133230
130.519963153
131.015041663
131.570924398
132.184324756
132.851080327
133.561348237
134.310564079
135.091918540
135.895857770
136.718679477
137.550864051
138.388345231
139.222090124
140.047141690
140.855034177
141.637908771
142.395155150
143.120188133
143.805410440
144.447735657
145.041920218
145.589474482
146.083791699
146.525101197
146.910009883
147.242056221
147.518826469
147.743992390
147.914384413
148.038590228
148.115874502
148.150175796
148.147125390
148.108020178
148.038906408
147.947071871
147.837838514
147.713757857
147.578899780
147.444556198
147.311228411
147.187100158
147.076531811
146.984711379
146.915530622
146.877767122
146.871665418
146.899279922
146.970199893
147.083565924
207.023131777
205.254113400
203.365049443
201.358831274
199.250830769
197.047719251
194.761516566
192.395973072
189.973847195
187.492191505
184.969001474
182.417510381
179.840524615
177.253049547
174.662567381
172.083629706
169.521690123
166.988633807
164.493345045
162.042182229
159.646210624
157.310677927
155.044589368
152.852520708
150.740530457
148.713002820
146.777190063
144.939556402
143.197828244
141.559342653
140.025815475
138.602039626
137.284068669
136.077039289
134.982209784
133.997907195
133.125817408
132.364866260
131.716099515
131.176163005
130.744026594
130.416344394
130.195794369
130.073447858
130.050561996
130.118946641
130.281875987
130.529684582
130.858059254
131.264694677
131.743342949
132.290307086
132.895070623
133.554023453
134.262820905
135.011216507
135.794616688
136.605971004
137.435158330
138.278458950
139.126296769
139.974085548
140.812934477
141.637537742
142.439321162
143.210476191
143.950204027
144.651998344
145.308255117
145.916137150
146.470435748
146.972756455
147.416771330
147.803147967
148.128629550
148.397134754
148.606719689
148.761306862
148.858082117
148.906460358
148.905679255
148.860461964
148.776687275
148.656172293
148.505594086
148.332223414
148.141948638
147.937911307
147.724312667
147.512914191
147.304473259
147.107250682
146.926126198
146.766392093
146.632175159
146.532189607
146.467212970
146.439012752
146.457807886
146.522349683
203.592667565
201.963674822
200.215571219
198.351200391
196.385645461
194.324950656
192.181104453
189.957631659
187.676529784
185.335214624
182.951125240
180.537121448
178.095860334
175.642258741
173.183682405
170.734249363
168.299536248
165.891109712
163.517894493
161.186106894
158.906775803
156.684971241
154.530016819
152.446390726
150.439951850
148.515000526
146.679414114
144.939346688
143.292461413
141.746345515
140.302857873
138.966723001
137.734155656
136.610193338
135.596366076
134.691236628
133.896110467
133.210275245
132.634627174
132.166055202
131.803453190
131.543278172
131.388478498
131.329875385
131.368721010
131.496696926
131.717166662
132.020013038
132.401187059
132.857928745
133.383839463
133.975028538
134.620904426
135.317535405
136.060417435
136.838906419
137.648414849
138.481629466
139.327907590
140.183538006
141.038889111
141.888887638
142.724799870
143.541014455
144.328866876
145.080640202
145.795343026
146.466591033
147.086790702
147.653377664
148.161214577
148.611994936
148.999682031
149.325410316
149.586054500
149.785906712
149.923515741
150.003007717
150.021941839
149.990535578
149.907986152
149.779771263
149.611990270
149.406972232
149.171962762
148.914201972
148.640094955
148.353353953
148.058273052
147.767038762
147.480638795
147.207367949
146.952585611
146.721677308
146.518960252
146.353059231
146.225255505
146.137025053
146.099178768
146.110054377
200.633526427
199.145510436
197.539622688
195.818617956
193.997232465
192.080878214
190.081431702
188.002138340
185.864218834
183.665432523
181.422579498
179.148114545
176.844547049
174.526643385
172.201635092
169.883160388
167.576928421
165.294140792
163.043728936
160.831818746
158.669324709
156.561162713
154.516972484
152.541112651
150.639287475
148.815642518
147.078741392
145.434404707
143.880257351
142.424125188
141.068034271
139.816619330
138.666304395
137.622008498
136.685524105
135.855694028
135.133429924
134.518368214
134.011283329
133.609306732
133.311244697
133.113369109
133.018910519
133.018417412
133.113140962
133.294656431
133.566388030
133.917770811
134.345052456
134.844988414
135.411051064
136.039161486
136.718656156
137.445279054
138.214393112
139.014963021
139.842446483
140.689244369
141.544249284
142.403783118
143.258164132
144.101870172
144.926340956
145.725711688
146.491250716
147.215376207
147.896910342
148.529635211
149.105992372
149.623716529
150.077787127
150.469977546
150.794568392
151.053182915
151.242833787
151.368181464
151.428291494
151.427451347
151.363615236
151.247775727
151.079084839
150.863740258
150.608041163
150.314821624
149.991828732
149.646265448
149.285003216
148.912301572
148.532516676
148.158208690
147.790572686
147.437896894
147.105973846
146.800275632
146.525262275
146.289444254
146.094574030
145.941831124
145.842576225
145.794709178
198.107756509
196.758599993
195.293267218
193.714393863
192.036317882
190.263826866
188.408613786
186.473597257
184.479207858
182.423529390
180.322646159
178.188574990
176.023678381
173.842503529
171.652130942
169.465664430
167.288948308
165.132766277
163.006008183
160.914757585
158.869726206
156.875685688
154.942579847
153.074611004
151.277367127
149.554756840
147.916075643
146.366775186
144.904460348
143.537172127
142.267114877
141.098803800
140.028911524
139.062211110
138.200735374
137.443647451
136.791445312
136.244089122
135.802257593
135.463314375
135.225962727
135.086299156
135.047840836
135.100839991
135.246546046
135.476449092
135.793996305
136.188185995
136.655588470
137.192446660
137.792124429
138.450358217
139.156421332
139.905727381
140.693535808
141.508428203
142.345949343
143.198190536
144.053647975
144.908699493
145.753621965
146.582488101
147.386926913
148.160881299
148.895579123
149.583617831
150.223649745
150.809666108
151.334175248
151.795237273
152.188001062
152.514309791
152.768799288
152.953594322
153.065862383
153.110626862
153.087492786
153.000870262
152.849132901
152.644015923
152.384628472
152.077848520
151.730159271
151.344892236
150.930223684
150.493319389
150.041465843
149.579441107
149.111639734
148.650937441
148.198715673
147.763218993
147.350618575
146.966471350
146.615329419
146.305566148
146.039368647
145.817615533
145.652170487
145.540472500
195.980678413
194.765114167
193.435647972
191.994777897
190.456401489
188.824703500
187.111133350
185.318243859
183.465666276
181.551792845
179.591923074
177.597604227
175.571053162
173.526524981
171.470934694
169.416791659
167.370072262
165.341084380
163.338617425
161.368755423
159.441912361
157.562712428
155.741381818
153.981916950
152.289821616
150.668676446
149.128536788
147.674440006
146.303982875
145.025386210
143.841030943
142.755274872
141.765070446
140.875009435
140.087329919
139.401551361
138.817733319
138.336121640
137.957324481
137.678918220
137.499483352
137.414950626
137.429119521
137.531923503
137.724604628
137.998589015
138.357300041
138.789319252
139.291558103
139.859722266
140.487087090
141.169206092
141.895305323
142.660458717
143.459854996
144.281702988
145.121678782
145.971540517
146.819467549
147.661913735
148.489127199
149.294823509
150.070836089
150.810984287
151.506485047
152.150158403
152.740512877
153.271787875
153.736596715
154.133348566
154.457420949
154.710712566
154.888262771
154.992699160
155.021370489
154.979655719
154.867718730
154.690056706
154.445488153
154.146451649
153.792022679
153.389713896
152.946180364
152.465242351
151.955427759
151.423870846
150.878220889
150.323739814
149.764844270
149.214660897
148.674738305
148.153244071
147.656666593
147.190649770
146.759785200
146.372288457
146.030741426
145.735718151
145.499534159
145.319146692
194.220463414
193.130491662
191.929571300
190.620054488
189.215365707
187.719121493
186.142480083
184.487598424
182.773304015
180.998283768
179.176994806
177.320484338
175.430826842
173.521909587
171.600471315
169.678364137
167.761687780
165.860214859
163.982566276
162.134864349
160.327126734
158.563815779
156.855408893
155.205636798
153.619945414
152.101490530
150.661096841
149.303334642
148.025798863
146.836843358
145.739012533
144.736462099
143.826446450
143.013334791
142.299523444
141.684918099
141.169112569
140.752587423
140.435904395
140.216823727
140.093779694
140.062547080
140.127193700
140.277313185
140.514130037
140.829026162
141.225346150
141.691283524
142.224099426
142.818941969
143.469016247
144.169691956
144.910169553
145.685169882
146.489845903
147.312045358
148.147619895
148.987970247
149.821047951
150.643398757
151.445256543
152.220030552
152.959771428
153.658249804
154.306701514
154.898210628
155.431175967
155.900118778
156.297801242
156.623000536
156.871387610
157.044898345
157.139032651
157.156910979
157.096098890
156.962321478
156.756317051
156.482638723
156.140576297
155.743226623
155.289647659
154.787936440
154.244913019
153.664875899
153.056624652
152.427273307
151.784783111
151.134860203
150.481934160
149.839314288
149.208699102
148.598151240
148.014409189
147.463209957
146.949131945
146.480215216
146.059393759
145.686934761
145.375551621
145.121701650
192.797624215
191.822484173
190.740087753
189.552641276
188.273075820
186.904485957
185.457705821
183.934476344
182.352824162
180.711720153
179.024736344
177.302392790
175.546628364
173.770888255
171.981729186
170.190284521
168.402764984
166.628349737
164.875418692
163.150165538
161.462112978
159.815538978
158.221132389
156.682291504
155.204425852
153.790167942
152.451101417
151.191272296
150.008275726
148.910541454
147.900753397
146.982814530
146.154295361
145.419296432
144.780313520
144.237661908
143.790442222
143.439305197
143.184789727
143.024802774
142.957605426
142.978827737
143.092781237
143.288702901
143.567784150
143.921382501
144.352701272
144.849584939
145.409642332
146.027450172
146.696160696
147.410956553
148.161041361
148.940766459
149.745286230
150.562101725
151.387283350
152.211852127
153.023628967
153.819263212
154.588991150
155.325968501
156.022473055
156.672306529
157.266753107
157.799198627
158.267973204
158.667906487
158.991957566
159.239283200
159.405916708
159.493806299
159.498975112
159.425014298
159.269747629
159.039233414
158.734793114
158.361008100
157.917663874
157.418463148
156.862467215
156.258302044
155.612948638
154.931170496
154.221955801
153.492413948
152.750768318
152.003123666
151.253920270
150.516578228
149.792930098
149.090910926
148.417437720
147.778349257
147.178159306
146.624717489
146.121265376
145.667762441
145.277263931
144.945712397
191.692652159
190.819070151
189.842697489
188.765602608
187.600215619
186.349165866
185.022946489
183.622872811
182.166181050
180.652119579
179.093349440
177.499840706
175.873408552
174.226985337
172.566946560
170.903649598
169.243400798
167.594732257
165.965709024
164.362623653
162.794409865
161.265131739
159.785642285
158.358937342
156.990405994
155.682061205
154.446215385
153.286330760
152.200000883
151.195664852
150.276112627
149.444939122
148.700035710
148.045184991
147.482912747
147.013958837
146.636904053
146.352491641
146.161259974
146.061216799
146.050418798
146.124364366
146.287572258
146.528909126
146.849512844
147.240733884
147.705565414
148.231550412
148.816630581
149.454803457
150.139184340
150.864761681
151.620776691
152.401190811
153.201197914
154.007968178
154.817831394
155.621407371
156.406489758
157.169838627
157.901710199
158.595059720
159.242399219
159.837644609
160.372156610
160.839656754
161.238453196
161.563703247
161.808615516
161.972729924
162.052514894
162.049901106
161.961502711
161.791348695
161.537568496
161.206538276
160.800165337
160.323036319
159.775456332
159.171675303
158.510784089
157.801878912
157.052101568
156.266664952
155.454662368
154.623218570
153.780771621
152.933775371
152.086684203
151.252956320
150.434544023
149.639237855
148.874059061
148.144958669
147.456337028
146.815841063
146.226974212
145.689388987
145.216425688
144.803500424
190.884721404
190.097473140
189.212680935
188.232286218
187.168222269
186.022716723
184.805918651
183.518717890
182.177576978
180.782017879
179.343782424
177.872272640
176.369196141
174.846907330
173.311608419
171.772830171
170.236957457
168.711828717
167.205122513
165.723252845
164.274478007
162.862615935
161.498629655
160.185043299
158.927237556
157.726516228
156.595870798
155.538121904
154.550857232
153.642451658
152.815760246
152.074011284
151.415414166
150.843382587
150.360394255
149.967619538
149.663096016
149.447570158
149.321600112
149.283241417
149.330311692
149.458192296
149.671561320
149.958906115
150.321284901
150.750056012
151.247929178
151.802201251
152.411118534
153.068099080
153.766235374
154.500310570
155.259643562
156.037782244
156.829998388
157.623148729
158.413859677
159.192330768
159.946436105
160.673048703
161.362463436
162.007487477
162.600871540
163.136731199
163.606529522
164.004353594
164.328540972
164.574588198
164.736009552
164.812722924
164.801707435
164.704840807
164.519398517
164.249805048
163.894546811
163.460299504
162.949551995
162.366878079
161.713124049
161.003022037
160.235722760
159.420731364
158.565352665
157.675230701
156.759481020
155.825266085
154.881194018
153.934014467
152.988204398
152.057187058
151.143021889
150.253343225
149.395200922
148.574669486
147.795990824
147.066599560
146.390215112
145.766185282
145.208078881
144.710777809
190.359040520
189.640937832
188.831294783
187.931938492
186.954321454
185.900338525
184.779806618
183.593199645
182.356230778
181.068694810
179.741425535
178.383244421
176.995773811
175.590733194
174.174167847
172.754741008
171.338898363
169.933748548
168.546518395
167.183760630
165.852983083
164.557725277
163.309001116
162.108798569
160.962497524
159.870614528
158.846751514
157.893033999
157.007038368
156.196996091
155.465780887
154.816194350
154.246752523
153.760450162
153.359631622
153.045893302
152.816711064
152.672735010
152.614560617
152.640232174
152.747290105
152.931015316
153.196185211
153.530904416
153.936120397
154.403210911
154.934525885
155.517178865
156.149678636
156.824870612
157.535838744
158.277144123
159.038230237
159.812204271
160.594454663
161.371544695
162.140429430
162.890873698
163.610941644
164.297617948
164.941255914
165.534565223
166.070538230
166.543575825
166.945267937
167.270092299
167.516470131
167.680241627
167.755285801
167.741883501
167.637601751
167.444224618
167.159759258
166.788975286
166.330768670
165.792092956
165.176006310
164.487055855
163.726647121
162.909922664
162.036126021
161.115106804
160.154336037
159.159867580
158.140756305
157.104226080
156.059012625
155.012104177
153.968012280
152.940052078
151.930378079
150.946461352
149.995304430
149.083115050
148.213936552
147.394982593
146.630143490
145.918465216
145.273689520
144.690159789
190.111353985
189.444194826
188.692211998
187.857126442
186.949935768
185.972270029
184.933636707
183.834110473
182.688683134
181.497422526
180.270282920
179.015497241
177.734628326
176.438713531
175.133664455
173.827246473
172.525949071
171.236126451
169.964497623
168.717766287
167.502629548
166.322318872
165.187837299
164.100581006
163.065933361
162.083560852
161.167591676
160.319410869
159.536577701
158.827099410
158.193819471
157.639052836
157.161604635
156.764003786
156.448371497
156.216715771
156.065938171
155.996485970
156.009005572
156.101466823
156.271091746
156.513078371
156.832233272
157.216279069
157.666016016
158.172848860
158.738690154
159.350537295
160.007105088
160.700679582
161.424349917
162.172431975
162.934545473
163.703326130
164.474316888
165.233808784
165.979111277
166.699545208
167.383473197
168.027986852
168.623518207
169.162727709
169.638850899
170.046659146
170.377892138
170.627438991
170.793861247
170.873341329
170.860184836
170.755012120
170.556056742
170.264965445
169.880546346
169.407859708
168.846263789
168.202967158
167.481578647
166.686610217
165.820042656
164.897351780
163.917909780
162.891845946
161.826801306
160.729216520
159.608005395
158.470477376
157.325456008
156.180109678
155.038998208
153.915257603
152.811126357
151.733908942
150.690486188
149.687206621
148.727880115
147.819492019
146.966059454
146.166330018
145.434164998
144.763368067
190.118725793
189.483638619
188.771129674
187.982816119
187.129271889
186.211927441
185.240011025
184.213219456
183.145852261
182.038249177
180.899527824
179.737326979
178.553177154
177.357394630
176.155785403
174.955195808
173.762141327
172.582207580
171.421559676
170.287057059
169.184539960
168.116906218
167.095082031
166.119827360
165.196527732
164.323954371
163.516661636
162.775258221
162.097280112
161.490428530
160.957466550
160.500164290
160.117590970
159.811767469
159.584499640
159.438181696
159.369134962
159.377493316
159.463962483
159.626371777
159.861581545
160.164725100
160.540558539
160.976428582
161.472947122
162.021548808
162.623632890
163.266151043
163.947954317
164.660789714
165.397766262
166.152924852
166.916119227
167.679480669
168.438744268
169.179952456
169.900789359
170.590130192
171.236742525
171.837818889
172.383892834
172.867621576
173.282487522
173.623716224
173.883220678
174.056319658
174.141773231
174.136101580
174.034101777
173.836703509
173.542886205
173.154114948
172.670064945
172.096031706
171.431886762
170.685070059
169.859715891
168.960298495
167.989385691
166.962704907
165.879794039
164.750996212
163.584125663
162.385983836
161.165265029
159.929387438
158.687223769
157.446061973
156.210524464
154.993497386
153.797292125
152.629045530
151.495444068
150.402979588
149.355199232
148.358851490
147.418037958
146.531210683
145.712298326
144.954566896
190.369149978
189.747481213
189.056425674
188.297487130
187.480852029
186.607807446
185.687336185
184.718781361
183.715777071
182.678930880
181.616577973
180.535758827
179.437998677
178.332861866
177.226080929
176.123570776
175.031855271
173.955748811
172.900828255
171.874105992
170.880535759
169.922661938
169.011266809
168.146443649
167.333573090
166.570506720
165.872113576
165.238201511
164.666277445
164.163657922
163.732976923
163.375404042
163.090243206
162.878971326
162.742987321
162.685035568
162.700859044
162.790167453
162.953727097
163.189161594
163.492923953
163.860100704
164.295311792
164.785537514
165.331156854
165.923632536
166.563778414
167.238571681
167.946918544
168.680052664
169.431120477
170.193850889
170.958395653
171.716347182
172.463669772
173.186184779
173.881965029
174.539448273
175.147909599
175.704637551
176.200293039
176.627574730
176.980218845
177.253987733
177.440993630
177.537001641
177.541030436
177.449932604
177.259065395
176.969632623
176.581439957
176.095727746
175.513100514
174.839036668
174.073968665
173.225544852
172.298394663
171.296957933
170.224398380
169.096608714
167.913330462
166.685055376
165.419771574
164.124613324
162.807979746
161.477418113
160.141812265
158.808508017
157.482202710
156.175463599
154.890662692
153.634769023
152.414203897
151.235599199
150.102215067
149.020552581
147.994756656
147.022985340
146.119183666
145.276084987
190.845108763
190.218748231
189.531611271
188.785066793
187.988951406
187.144455427
186.260351887
185.335655218
184.383358033
183.404327497
182.406179609
181.395353975
180.373395088
179.349093377
178.328142602
177.315521770
176.317746080
175.338866276
174.383849560
173.459850539
172.570922258
171.719243437
170.915384352
170.158756345
169.454722343
168.800210766
168.210284499
167.683938936
167.218646616
166.821264460
166.494252556
166.238128091
166.052395263
165.937959520
165.895723448
165.928735822
166.032170257
166.205205615
166.448661540
166.759893334
167.134900388
167.568739596
168.065804509
168.612723079
169.209593830
169.847902106
170.527810236
171.236391931
171.972518682
172.726941631
173.492866909
174.263668254
175.029865533
175.782478703
176.517738818
177.221278025
177.891566925
178.516626304
179.086336290
179.598079290
180.042673868
180.412904335
180.702773394
180.908659851
181.022905733
181.041738687
180.964496429
180.788360116
180.509318621
180.128810943
179.647548494
179.066507218
178.387276308
177.615469981
176.752123307
175.805070362
174.779400051
173.679526089
172.509211702
171.284424426
170.005145938
168.681951179
167.322998556
165.935723725
164.528157262
163.107991444
161.684081302
160.263767850
158.851831972
157.460453139
156.092049566
154.753421421
153.450656608
152.190515036
150.975950630
149.813202651
148.706419770
147.653464917
146.668249745
145.742981966
191.526954259
190.879330506
190.180077400
189.430391107
188.639794330
187.809412988
186.947840699
186.053786599
185.139617560
184.206444531
183.261231114
182.309810610
181.353765613
180.401095992
179.457489960
178.526990358
177.616085207
176.728077069
175.867312250
175.041067046
174.252493532
173.503398282
172.804070754
172.153240122
171.556230738
171.009064798
170.526871537
170.107834375
169.749385319
169.457853183
169.235483317
169.082092872
168.997348163
168.981563925
169.035062006
169.161140150
169.354418666
169.613446082
169.939078949
170.328346323
170.776747851
171.279325422
171.840156104
172.445532238
173.095223053
173.780727881
174.501499976
175.244778672
176.009305622
176.785384688
177.566310701
178.345054225
179.112580654
179.859306532
180.581769130
181.265449752
181.909222758
182.500727764
183.030542350
183.496147209
183.888555739
184.200684386
184.426823457
184.564046847
184.604964981
184.546286510
184.387730167
184.126807546
183.760214496
183.289587058
182.716620932
182.041995500
181.268332747
180.401345266
179.442705902
178.400414114
177.279979045
176.085801909
174.822244339
173.505255488
172.135091238
170.722345389
169.275336772
167.801768348
166.309231252
164.805572388
163.299575112
161.798512356
160.307250701
158.837513091
157.391746415
155.976577639
154.597694925
153.261963937
151.972017241
150.733812288
149.551462465
148.422530437
147.360844457
146.358095422
192.386989094
191.703436978
190.977870002
190.211259282
189.412848066
188.583715833
187.732303243
186.857035551
185.969663446
185.071518848
184.168982264
183.267274670
182.368030048
181.478447293
180.604241161
179.748522116
178.917733113
178.114450581
177.342401181
176.608952544
175.916368624
175.266084407
174.668040775
174.120299492
173.628117257
173.186647249
172.810953520
172.498420606
172.246432969
172.060729715
171.943306811
171.893237963
171.910310521
171.994238825
172.144685254
172.365133215
172.649671880
172.996131901
173.405378455
173.874064554
174.397145481
174.969659773
175.595281016
176.259985363
176.963164706
177.696321859
178.458154547
179.236134020
180.028775730
180.825975295
181.621154534
182.406829537
183.174496246
183.913942023
184.622052175
185.284203797
185.899678740
186.455787983
186.943893481
187.361585988
187.700118899
187.952589845
188.113607743
188.181016801
188.147743360
188.010998010
187.770942479
187.425426481
186.971931160
186.412251900
185.749143678
184.982965679
184.117410347
183.158262445
182.107857605
180.974342390
179.763602515
178.480045141
177.128622226
175.725168888
174.270244811
172.774399337
171.246094977
169.693263367
168.122989162
166.543275882
164.962788148
163.388667744
161.825861766
160.285568495
158.770241834
157.286328195
155.839052158
154.435352378
153.077528513
151.771230550
150.520498464
149.322585907
148.191187273
147.117487623
193.391002263
192.659586534
191.896185601
191.101476839
190.284454222
189.446152596
188.594877150
187.728787038
186.859016548
185.987087160
185.118862736
184.258943592
183.409018927
182.575480472
181.764097114
180.977050694
180.220720730
179.496982818
178.808954312
178.164052913
177.563677577
177.008896640
176.509235481
176.062116181
175.672688680
175.335291402
175.064789957
174.857793446
174.711629077
174.631392421
174.618800845
174.672145327
174.791289662
174.975347282
175.223249514
175.538594158
175.914966641
176.349406281
176.842746738
177.391224053
177.989207073
178.631739006
179.322009359
180.045699444
180.801777946
181.581740944
182.383496802
183.194811881
184.013882354
184.830238829
185.637479243
186.427614198
187.192763324
187.922067627
188.612807574
189.250312759
189.834277100
190.351755825
190.794977257
191.161665938
191.443370485
191.633425498
191.726802005
191.722187571
191.612885400
191.396633910
191.074100218
190.643490367
190.103151859
189.455006868
188.702940714
187.846980083
186.891915085
185.843590196
184.705018329
183.484477713
182.188184775
180.820574073
179.387172924
177.903606268
176.370759891
174.799078032
173.197140056
171.573063513
169.933363125
168.286191748
166.640041916
165.001861230
163.376662528
161.775051103
160.199460901
158.656144341
157.149800967
155.687396428
154.270888960
152.905587183
151.595419490
150.337315861
149.144784757
148.008517328
194.505181491
193.717031633
192.907263641
192.076180527
191.232553137
190.377360587
189.518780278
188.654721481
187.795694762
186.943371738
186.103163401
185.279039864
184.472741658
183.689851642
182.936215658
182.213091086
181.526776244
180.878473819
180.270710859
179.710903731
179.199618918
178.737566959
178.333792977
177.985118363
177.696537656
177.461643383
177.294970644
177.192385143
177.151144639
177.175654368
177.267330408
177.423644952
177.644491141
177.928389856
178.273477367
178.683387852
179.151234805
179.673209212
180.250059914
180.877576403
181.549502879
182.260890346
183.014373531
183.795361614
184.602357879
185.426844040
186.265918333
187.107702255
187.949987382
188.781985099
189.597530917
190.388082121
191.146481925
191.861218981
192.530020537
193.138236871
193.685980375
194.160142655
194.553895423
194.865132428
195.085762483
195.209419348
195.231491415
195.151578394
194.963433468
194.665353183
194.258570884
193.741676493
193.113964935
192.377457851
191.537234172
190.592988097
189.550620870
188.416038000
187.192931597
185.889698191
184.512836451
183.066832383
181.557765022
180.000954514
178.397626439
176.758062434
175.090922935
173.404463639
171.704571885
169.999533079
168.297608758
166.605491640
164.928235990
163.275787645
161.650528579
160.058499357
158.503816512
156.993415392
155.528907152
154.115218737
152.756129321
151.448225810
150.204777848
149.015996296
195.691814644
194.841630235
193.980436839
193.108071995
192.233106334
191.356438861
190.486117721
189.619816232
188.767408034
187.930667657
187.114612515
186.322572531
185.556327573
184.820653828
184.121491703
183.459176920
182.839910095
182.264249479
181.734158494
181.256991241
180.832520806
180.461111100
180.151265821
179.899253382
179.709854439
179.575995626
179.511752993
179.512287419
179.574770856
179.702879408
179.897710036
180.155883683
180.477272984
180.859822719
181.300818040
181.803846287
182.361583819
182.969335051
183.627697595
184.331997296
185.075320809
185.852726007
186.666234883
187.501008743
188.355050204
189.219823176
190.091611075
190.958948056
191.819148587
192.661154959
193.479116017
194.263895143
195.009167237
195.702777163
196.342958200
196.915163234
197.419934148
197.844113010
198.181887866
198.431371602
198.584909194
198.636505585
198.582033943
198.422070693
198.150905909
197.767430165
197.273501207
196.668130951
195.951642001
195.126134627
194.197934626
193.166416793
192.038591844
190.820440971
189.516323701
188.134742592
186.682428280
185.163942112
183.585882090
181.963171011
180.297376820
178.598565168
176.875430428
175.136313605
173.386423788
171.634151560
169.887462003
168.152734275
166.435029954
164.743570792
163.080649810
161.452071531
159.861315883
158.315218771
156.815041320
155.365281319
153.969531343
152.624010933
151.341696362
150.112333432
196.906481910
195.992623113
195.078485321
194.163345507
193.255594827
192.356019717
191.472528978
190.602575233
189.755379034
188.932765585
188.139413971
187.378006123
186.650342976
185.960401268
185.314229268
184.711242693
184.157531605
183.653037492
183.199194347
182.803223958
182.464152892
182.182009507
181.964700240
181.807994421
181.716391577
181.682241445
181.719036881
181.821277791
181.986029787
182.216207756
182.512577306
182.870878149
183.290910149
183.770066088
184.304732442
184.898361199
185.543229758
186.233736917
186.970250438
187.747627906
188.558273395
189.397245561
190.265911145
191.149209651
192.044614995
192.943578172
193.841577003
194.727615224
195.598473431
196.442879137
197.255383620
198.026226726
198.750029093
199.414016554
200.016994644
200.544614005
200.997862029
201.363664807
201.637294966
201.817146991
201.896087754
201.868573282
201.731038989
201.485094625
201.125666139
200.652277005
200.067462187
199.370702077
198.563421725
197.647785742
196.631406075
195.513362511
194.301757454
193.002673083
191.621109663
190.165663854
188.643246172
187.058516025
185.418546887
183.737777706
182.018108047
180.269339996
178.500145000
176.718891831
174.930069400
173.142136320
171.362690960
169.597745398
167.852325033
166.134868055
164.447537005
162.795872691
161.182670562
159.614588599
158.092538335
156.620535621
155.201950959
153.832607523
152.525134778
151.268830143
198.110464175
197.134877271
196.169735777
195.213661181
194.274885422
193.354044327
192.458889923
191.586671063
190.745939063
189.938512824
189.168784107
188.438782252
187.750304995
187.106541853
186.513656529
185.970145256
185.481977787
185.048504449
184.670669227
184.355483725
184.101279177
183.907757518
183.782177903
183.719867700
183.724968798
183.789347694
183.925796627
184.128199529
184.393490633
184.723797340
185.119545200
185.575565118
186.091528925
186.664308039
187.289350611
187.969880667
188.697817638
189.466654801
190.276440061
191.121571566
191.993754749
192.888039143
193.805110636
194.729715527
195.658781143
196.583760197
197.499350227
198.395081058
199.267163711
200.104170300
200.901157072
201.647726617
202.339564020
202.963320413
203.518447259
203.990902633
204.382142003
204.679327658
204.878880606
204.979552970
204.974826531
204.859698040
204.631250369
204.292173570
203.838138802
203.269343485
202.589044947
201.797245230
200.896537832
199.889143704
198.783982899
197.579874942
196.285977747
194.908508209
193.453064798
191.928325362
190.341326294
188.696843486
187.002371798
185.271786787
183.507293649
181.718390693
179.913659325
178.101433374
176.285450748
174.474191117
172.674811791
170.892910378
169.133424327
167.403955460
165.706491169
164.046276974
162.425383652
160.850205617
159.321308555
157.842169949
156.415904927
155.037908744
153.720411599
152.452281031
199.265406074
198.233865759
197.223315334
196.231632219
195.266909977
194.329594648
193.427258237
192.556967285
191.726590962
190.937883103
190.194996226
189.499308099
188.852585991
188.257250685
187.719585022
187.237166258
186.815840206
186.454389426
186.153313181
185.919329615
185.750131498
185.645100711
185.610807677
185.642196365
185.742969100
185.904605384
186.139088617
186.439733180
186.803313112
187.231148800
187.723321642
188.273729489
188.881859933
189.544100663
190.254931446
191.017254189
191.822675107
192.663802835
193.540267344
194.446030692
195.372095441
196.313490570
197.270215121
198.226854828
199.179785331
200.120489285
201.042924571
201.937206420
202.798963943
203.616679929
204.386029659
205.095985004
205.743416090
206.314463924
206.809306271
207.214330867
207.531489832
207.748347985
207.862532229
207.873238481
207.774660015
207.562430153
207.234366369
206.794272595
206.238679284
205.568496799
204.787737905
203.896980744
202.900039137
201.799185593
200.604648042
199.315027161
197.940480449
196.487395370
194.961910775
193.372768377
191.727074910
190.029734126
188.288596997
186.516905471
184.717128465
182.898428300
181.069221486
179.237739947
177.406952802
175.585306078
173.779440826
171.994500842
170.235278789
168.508496775
166.815921813
165.162471643
163.549462053
161.982935465
160.463119876
158.992898687
157.575101798
156.204664774
154.893370526
153.629678018
200.342237828
199.263331164
198.215617317
197.196154268
196.212921100
195.266139104
194.363174396
193.500938889
192.686614313
191.921830578
191.210547850
190.553500173
189.952395979
189.408912388
188.929451080
188.510671858
188.158298644
187.870566614
187.647579505
187.495674274
187.411966814
187.395519027
187.452181207
187.576570022
187.771861487
188.029243237
188.359791697
188.756295493
189.215336517
189.737413558
190.322262363
190.962826328
191.658351371
192.404783887
193.195614953
194.033328025
194.909265192
195.815189337
196.750208943
197.707885652
198.678528945
199.657133497
200.643025333
201.620666332
202.585888609
203.530247101
204.447014865
205.326953378
206.165123146
206.949989268
207.677968403
208.337429975
208.926547280
209.431035914
209.851884068
210.176041154
210.405988684
210.529869362
210.546565016
210.455808063
210.252598911
209.933306161
209.496567005
208.947315831
208.283056099
207.505445865
206.619271159
205.625738454
204.529915956
203.334125169
202.049877971
200.675600762
199.222376476
197.696798007
196.105472659
194.457184420
192.759054343
191.016117989
189.236507236
187.432772928
185.607590555
183.769764348
181.927466436
180.088757686
178.255835785
176.437053260
174.638462211
172.864723552
171.120426159
169.411381439
167.739092115
166.108117482
164.518999728
162.977341744
161.483047807
160.038353679
158.645780344
157.299773144
156.011625960
154.769413389
201.317641454
200.202615562
199.128450228
198.091326762
197.099136870
196.151849717
195.256598569
194.410176260
193.619080981
192.884761917
192.211033418
191.598001851
191.047288884
190.559860334
190.142233474
189.790154110
189.509233451
189.297176361
189.153744655
189.084803938
189.086959757
189.158948372
189.305879400
189.522095236
189.810157690
190.161054945
190.584870790
191.073909774
191.624528116
192.236394848
192.908901826
193.634022589
194.410704619
195.234501759
196.097907871
197.002893336
197.940591826
198.901978661
199.885537117
200.884477868
201.888444779
202.892386427
203.894991143
204.880641053
205.844649102
206.778702972
207.675459721
208.526393402
209.326036073
210.062915494
210.734316566
211.328061371
211.843738579
212.266743513
212.598960732
212.828040671
212.957030366
212.974828259
212.881610167
212.677739877
212.359114235
211.922935620
211.368736594
210.702577742
209.923042700
209.032562265
208.036694226
206.937317624
205.740765148
204.449403794
203.075977025
201.618780130
200.089727776
198.495645049
196.843522321
195.142156754
193.398625695
191.618089530
189.808876011
187.982800309
186.142671054
184.296922056
182.453398509
180.619918564
178.797921445
176.995602405
175.218356291
173.470343288
171.755888979
170.079877347
168.443506066
166.850948422
165.301967580
163.801644309
162.349578608
160.947311644
159.597037961
158.292686289
157.045029029
155.841783269
202.176291388
201.037949802
199.949434069
198.906013773
197.915524801
196.977667260
196.099315236
195.277185846
194.517108997
193.820299392
193.190472145
192.627129904
192.131781613
191.704720761
191.352572941
191.070176762
190.863045481
190.728367489
190.665618319
190.680101109
190.767982132
190.927657901
191.163489267
191.469591154
191.847824459
192.289065181
192.802332459
193.379484021
194.016617298
194.712569109
195.466392460
196.269081687
197.119231561
198.012057233
198.939060389
199.901606357
200.890683916
201.896556699
202.916982907
203.944884499
204.969285626
205.985080819
206.990376796
207.969528000
208.917368922
209.825798198
210.686937677
211.493044399
212.238188690
212.911048065
213.509901702
214.022106027
214.448764918
214.775075417
215.003902481
215.123737688
215.138229091
215.037203872
214.822156195
214.494173276
214.050123833
213.488136587
212.808699942
212.018972305
211.118710052
210.111129648
209.002536163
207.795513387
206.497640971
205.111325061
203.650459692
202.113247370
200.512324024
198.854761848
197.147838822
195.400328198
193.619206607
191.809741701
189.980364288
188.142124734
186.297879340
184.455689662
182.622992969
180.807293569
179.009302081
177.236992534
175.495042933
173.787107621
172.117193249
170.489255773
168.904153528
167.365652063
165.872744713
164.429917010
163.036491044
161.693276019
160.402130392
159.156446704
157.966454512
156.819544149
202.918427388
201.770444605
200.680364255
199.642535367
198.664772880
197.746504644
196.894321544
196.104916843
195.383480190
194.730942227
194.150967429
193.642487035
193.206874385
192.843797633
192.559979792
192.349364205
192.217388002
192.160733444
192.178648080
192.275783344
192.447943183
192.693161885
193.015057924
193.407559295
193.871745574
194.398461245
194.995606211
195.654624912
196.371327001
197.143722203
197.970534357
198.841779646
199.755651682
200.707087613
201.686618601
202.694919924
203.722910283
204.760234369
205.803837957
206.846428385
207.876479290
208.888829972
209.881082775
210.837627410
211.752878482
212.619042801
213.427799049
214.172261789
214.846132271
215.438332246
215.948254222
216.362897602
216.684963325
216.899587447
217.010690497
217.007742158
216.895021944
216.663445368
216.315831307
215.854072695
215.276066102
214.580946652
213.770197522
212.852018478
211.827410161
210.700370123
209.477901306
208.163306372
206.765363518
205.286506255
203.741668074
202.128988838
200.461699361
198.747117343
196.992705438
195.207167335
193.397322336
191.568516095
189.729184809
187.889599999
186.052569641
184.225791833
182.416218989
180.630972157
178.870079405
177.141231546
175.448341756
173.794565417
172.183541411
170.618313382
169.099373918
167.630066697
166.208639059
164.838921297
163.519990094
162.251897421
161.036164654
159.865637686
158.749994267
157.676332266
203.554891119
202.410821421
201.331708842
200.310999106
199.356523307
198.467447816
197.650058868
196.901084288
196.225112671
195.622746114
195.097647199
194.648214556
194.275666178
193.979097297
193.765313449
193.627379139
193.570681471
193.591403288
193.688622585
193.866253079
194.119816437
194.446954000
194.850561554
195.324412645
195.868733197
196.474408682
197.148182740
197.881115533
198.668704509
199.508145785
200.397847584
201.326860237
202.292935257
203.290797558
204.310047281
205.350594095
206.403371874
207.457514418
208.509083791
209.550656901
210.570248398
211.562649248
212.525054377
213.441960770
214.307438572
215.114116985
215.853330633
216.519128685
217.104958024
217.600083488
218.005116152
218.306831709
218.509585863
218.598599202
218.578911462
218.441095602
218.190085224
217.818021848
217.329034018
216.725888742
216.007540215
215.174193633
214.228339068
213.179134059
212.028867697
210.782295171
209.447043084
208.027126891
206.532444090
204.965437657
203.341942930
201.660056083
199.933465977
198.169716886
196.376349582
194.561945333
192.733112160
190.895234913
189.056654888
187.226867664
185.408530900
183.608997400
181.834666681
180.092210733
178.381036493
176.708493996
175.077697798
173.491323560
171.952601878
170.463696725
169.024717424
167.638580338
166.302825178
165.020582217
163.790721161
162.612525955
161.487188003
160.407006612
159.381112568
158.396348236
204.101923897
202.974193714
201.917328536
200.923914891
200.001837752
199.150028144
198.374449131
197.671927998
197.046502331
196.498406411
196.031351198
195.643247295
195.335141726
195.105615126
194.961535928
194.895113620
194.911715214
195.007028382
195.180020066
195.433785636
195.763650443
196.166823524
196.645513137
197.193363135
197.809687243
198.485475637
199.226299343
200.022860240
200.870328235
201.765109307
202.705315319
203.679058167
204.683617851
205.713578771
206.757670700
207.814974967
208.876539125
209.931107152
210.973809695
211.997186027
212.988906842
213.943732001
214.858562815
215.718086528
216.516119161
217.245840808
217.898346360
218.468695650
218.950213786
219.332609940
219.617797520
219.792483129
219.862703233
219.813913172
219.652316286
219.369696300
218.971650638
218.451654993
217.815108148
217.065699063
216.203439106
215.229645422
214.147797503
212.967898609
211.693538913
210.330188167
208.885997460
207.365667923
205.780106313
204.131741264
202.437148810
200.694389141
198.917465524
197.114111245
195.291840105
193.459051906
191.622094252
189.786343923
187.959948514
186.151645986
184.363840499
182.603565954
180.876612375
179.189142047
177.540015558
175.936191307
174.379966530
172.873567013
171.419784817
170.019951460
168.673785662
167.383778656
166.146814036
164.965293713
163.837923017
162.763221507
161.742064675
160.766216061
159.844277433
158.962874055
204.588940317
203.488090925
202.462779339
201.504801787
200.622133012
199.813508556
199.084552551
198.432260575
197.860177673
197.368136483
196.959946830
196.633080031
196.388399603
196.224035056
196.146893227
196.148359891
196.233813908
196.398450084
196.641182128
196.964214671
197.362766411
197.833568579
198.378192454
198.990169105
199.667859365
200.402412779
201.198233867
202.045690366
202.939620925
203.875676756
204.851699288
205.854907591
206.882094847
207.927782442
208.979913614
210.036695505
211.089400699
212.126515479
213.142220959
214.129116869
215.074668521
215.973633183
216.822746218
217.606977563
218.319992099
218.955659894
219.504941739
219.963979480
220.326121153
220.581620320
220.733748080
220.769311557
220.696017519
220.499703195
220.187755826
219.753252244
219.202446848
218.530220306
217.743174815
216.845944569
215.839563354
214.726475268
213.511099175
212.204146444
210.810484792
209.336234750
207.789949933
206.176969052
204.509067489
202.788631660
201.032796988
199.239583972
197.423163700
195.591404023
193.751690600
191.912179711
190.078914707
188.257211836
186.454929622
184.680082024
182.934719791
181.225590974
179.557833712
177.937046990
176.361630452
174.838108232
173.367958406
171.952995805
170.595554929
169.296195738
168.054248292
166.871789937
165.745110326
164.675872487
163.662662611
162.703255017
161.798229279
160.938835928
160.133177799
159.367702418
205.053153465
203.987195111
203.000159981
202.083144242
201.244244118
200.482052325
199.801840568
199.200843604
198.682178156
198.245247562
197.894010393
197.625549633
197.440536799
197.336717223
197.321007095
197.384007923
197.531143415
197.757116969
198.060845301
198.443579830
198.900526620
199.427888506
200.026665018
200.690284907
201.416135986
202.195572182
203.031861695
203.915060593
204.839686315
205.800682911
206.795653992
207.810990349
208.842999018
209.886219698
210.927915465
211.965392286
212.990269209
213.990913640
214.960571027
215.892000876
216.772620135
217.597221636
218.362511917
219.053840960
219.664833243
220.190191371
220.620844221
220.954077118
221.183410244
221.299734881
221.307701172
221.194394841
220.969141574
220.618298859
220.150430002
219.559957986
218.853768745
218.028177688
217.090898306
216.047506948
214.899991446
213.651911729
212.308546316
210.881157122
209.375831850
207.799261704
206.160265682
204.464753191
202.725206414
200.943940122
199.138456655
197.306725507
195.462943056
193.615044871
191.770197253
189.936251328
188.118911802
186.323380212
184.557138933
182.827525658
181.136146574
179.489502120
177.892052475
176.348788267
174.857741611
173.424968939
172.051143695
170.737715782
169.486553901
168.297517727
167.169559515
166.104360300
165.097686682
164.150468084
163.261217418
162.426996162
161.648111341
160.915333896
160.236306578
159.597338119
205.529299042
204.503161464
203.558024343
202.684393213
201.890510475
201.174890433
200.542440130
199.990705253
199.522442185
199.136603297
198.837345137
198.621414569
198.489286578
198.438392781
198.475624957
198.590850704
198.789570521
199.065999508
199.419111890
199.849156971
200.351425566
200.921540693
201.560010020
202.260165274
203.018426769
203.826389073
204.686238785
205.587744804
206.525129215
207.492691017
208.487836072
209.496212549
210.513661044
211.534823402
212.546412062
213.544826669
214.522162349
215.466809258
216.371126715
217.228129941
218.025359616
218.757691049
219.421942057
220.003942525
220.497389220
220.897956425
221.196635358
221.391899702
221.477588135
221.445310920
221.301078439
221.032432436
220.650221679
220.141446049
219.515804820
218.769083860
217.908754656
216.932551818
215.849180886
214.665128327
213.383234168
212.008133919
210.545856749
209.008042504
207.401907095
205.734616473
204.015106142
202.249774807
200.451630449
198.622887398
196.781217098
194.924519954
193.066882967
191.216233357
189.379438968
187.563988032
185.775221274
184.018172837
182.299872415
180.627040711
179.000761494
177.427328019
175.910514027
174.454666345
173.057547345
171.724722057
170.456089703
169.252785421
168.116215065
167.045616412
166.039582617
165.099421302
164.220452563
163.402892518
162.645224509
161.943842209
161.298804704
160.700446214
160.155995799
159.651659814
206.063300453
205.078475343
204.175419887
203.344172933
202.593140355
201.920831664
201.331778984
200.823910130
200.399690009
200.057605466
199.802059222
199.629514446
199.540248745
199.531454048
199.609960694
199.764962513
200.002068319
200.315010528
200.702873679
201.164872128
201.696481061
202.292693915
202.953620489
203.672496797
204.444808721
205.262419339
206.126513399
207.026599709
207.956647761
208.910387733
209.885075130
210.865722312
211.847742190
212.825963176
213.786697334
214.725455911
215.634943875
216.503714017
217.323324153
218.087134496
218.782990357
219.405902498
219.952938574
220.410506234
220.772483362
221.035645924
221.191130228
221.238623086
221.172417612
220.984909317
220.683408848
220.256083972
219.715167798
219.048404544
218.266557461
217.366756416
216.356992386
215.236360647
214.014417414
212.698500102
211.292171262
209.801075367
208.231861176
206.596366443
204.902813893
203.158738759
201.373040523
199.552515310
197.710505628
195.849100921
193.985945582
192.118850224
190.261669385
188.422243259
186.607075306
184.823240357
183.075700406
181.369273946
179.710473177
178.105470690
176.554765587
175.064484445
173.637723356
172.278159539
170.983383995
169.758455593
168.602543523
167.516520302
166.501340863
165.555702707
164.677864695
163.868786606
163.123421229
162.441303474
161.820926517
161.258070514
160.752569531
160.294371833
159.890341614
159.526615435
206.690387128
205.744860952
204.880611397
204.087345561
203.373640447
202.738082952
202.184820634
201.712233014
201.322561066
201.013819818
200.790703981
200.649445128
200.590127227
200.609778302
200.715127916
200.894768268
201.154445146
201.487418394
201.892934086
202.369155990
202.911844682
203.515319304
204.179397011
204.897217387
205.663393391
206.470076176
207.317550631
208.195097026
209.096489967
210.014980397
210.947726056
211.879228742
212.804530167
213.718725705
214.607893449
215.466695346
216.288576955
217.062385045
217.778992943
218.432180101
219.010277620
219.508485404
219.924249412
220.244644140
220.463826133
220.579783244
220.583863890
220.476965351
220.253953340
219.908053078
219.447773852
218.862062092
218.164355834
217.343220554
216.410379500
215.364251127
214.213262255
212.957768525
211.608019097
210.172117836
208.654199024
207.060826268
205.399120624
203.680939841
201.915369249
200.110202638
198.274155187
196.414325432
194.544196592
192.665716012
190.796315589
188.933696877
187.091375007
185.277027077
183.496742190
181.757142513
180.062807903
178.418301182
176.829566212
175.302303474
173.836384712
172.437808564
171.109019308
169.853009338
168.667294375
167.556421602
166.518886383
165.555350694
164.666338401
163.850089543
163.104557515
162.430381331
161.822225671
161.278986385
160.799199545
160.378093518
160.015297286
159.700429196
159.440037908
159.220218437
207.443946584
206.532241950
205.700126599
204.937119808
204.251968037
203.643424178
203.115244025
202.666326166
202.298752875
202.010070412
201.805309161
201.680521369
201.635605647
201.667504724
201.782807435
201.969588624
202.233756307
202.568115081
202.972121913
203.442893377
203.976576352
204.566779282
205.213141387
205.908704020
206.647297270
207.421371493
208.230433944
209.063572225
209.914438040
210.775902867
211.645082382
212.506108434
213.353723087
214.183361348
214.981043083
215.740639674
216.456458005
217.117755541
217.714863793
218.242036975
218.688264027
219.048982622
219.322130107
219.495521534
219.563671607
219.525863663
219.373705911
219.109273376
218.728097702
218.224254056
217.607309835
216.867118533
216.018108705
215.049716796
213.974494514
212.792059349
211.511176871
210.133327652
208.669285582
207.127816691
205.513462863
203.833599669
202.095665621
200.311370908
198.490503563
196.641006380
194.771274518
192.888615492
191.006465258
189.126623022
187.266138939
185.422591627
183.609068145
181.833015626
180.100074591
178.416388761
176.786163980
175.213677615
173.704269546
172.263248296
170.889835898
169.589938540
168.365389845
167.218492964
166.146778684
165.154285269
164.238899583
163.401123255
162.641075271
161.956618222
161.345431784
160.807860217
160.338357221
159.935228088
159.597076950
159.318646662
159.099375197
158.928610944
158.812632899
158.737517058
208.352990019
207.466555862
206.656912956
205.913542135
205.245347771
204.651343299
204.134887163
203.695461753
203.335051659
203.050747929
202.847958027
202.722605932
202.674419096
202.700334746
202.806761839
202.981353845
203.230203059
203.545683367
203.927510158
204.371776466
204.875113318
205.430393403
206.037199061
206.688471196
207.377374071
208.096660936
208.845198596
209.611923478
210.390446894
211.173368863
211.957819567
212.727712584
213.477573643
214.203239014
214.890849653
215.533562073
216.126649234
216.659877053
217.123198274
217.511375013
217.814209882
218.027419525
218.149525030
218.169137699
218.081188151
217.886308262
217.576394659
217.154636584
216.617298517
215.959300616
215.191096594
214.303546946
213.311831210
212.206279691
211.000119491
209.694049958
208.297069853
206.811622513
205.248836018
203.618018998
201.923953377
200.174707635
198.377881936
196.544889685
194.686053621
192.809360692
190.922767634
189.033704524
187.155383372
185.289460107
183.452455320
181.641816771
179.870133817
178.144567921
176.470290999
174.852956831
173.296414024
171.804635908
170.382336115
169.034511482
167.759732248
166.563841019
165.448114540
164.414171630
163.459639462
162.588056322
161.796772004
161.086173656
160.456005501
159.903826985
159.427076295
159.025826377
158.694391735
158.430539729
158.232957693
158.095971074
158.018834087
157.990685928
158.017575460
158.085575951
209.434660959
208.561985505
207.762320169
207.025259968
206.359847619
205.765454805
205.245040130
204.798731902
204.428472598
204.130922998
203.911905376
203.767266438
203.696581512
203.696862381
203.774301558
203.916237559
204.128963802
204.404456171
204.742733272
205.138907140
205.590184629
206.088690492
206.634072879
207.219170148
207.836619454
208.479471994
209.146100852
209.825336083
210.510837002
211.195042693
211.875150951
212.535012871
213.169027249
213.773476650
214.334797381
214.845517317
215.301957121
215.694463891
216.012784824
216.252196424
216.403446416
216.462557004
216.428701188
216.291317992
216.045785400
215.694101557
215.228460489
214.653071113
213.964967948
213.159885508
212.248968651
211.224151875
210.101110583
208.871066876
207.547755486
206.132818452
204.635380293
203.058666678
201.413995105
199.711088003
197.954806032
196.153785582
194.315640687
192.451362864
190.571642009
188.684413819
186.797101825
184.917182971
183.057487262
181.219544486
179.419222450
177.653840025
175.935437548
174.270852036
172.664778387
171.122384754
169.647188129
168.242850651
166.913451211
165.663753260
164.491692768
163.403070818
162.398671688
161.479443992
160.643182260
159.892939398
159.225603240
158.641487890
158.139995901
157.718450853
157.374081672
157.106709895
156.910577310
156.782967875
156.722657921
156.723623859
156.784936444
156.895586606
157.061424741
157.268532872
210.688614775
209.815782070
209.011341338
208.265155508
207.586377806
206.974839181
206.433098971
205.961989540
205.563461100
205.233781558
204.979221683
204.795600683
204.682367322
204.636686756
204.664502135
204.752953203
204.908546054
205.122899108
205.396376670
205.723170173
206.101145572
206.521682265
206.984614632
207.482676523
208.008134609
208.554325812
209.119278799
209.691765850
210.265583652
210.833120081
211.391687146
211.925228226
212.428105344
212.897073966
213.319027092
213.685957445
213.995286179
214.237987200
214.403776940
214.488425612
214.483727221
214.386019204
214.195167471
213.901444814
213.500680642
212.996219834
212.380545354
211.658762360
210.828683308
209.886802938
208.844746893
207.695557159
206.455144541
205.115598148
203.690984357
202.183735137
200.602995312
198.952583627
197.243853308
195.486808520
193.686239377
191.851226019
189.989260248
188.110815105
186.226786516
184.344974883
182.472201273
180.615927249
178.788464275
176.991243577
175.239384321
173.530086736
171.874808451
170.280040569
168.750002017
167.289394480
165.901434645
164.589477604
163.356970840
162.208517853
161.141454928
160.161556117
159.269184864
158.464641642
157.745947058
157.115687577
156.570364577
156.110255105
155.734454215
155.440108141
155.224267314
155.086517294
155.021086333
155.024829471
155.096607661
155.230115059
155.424231824
155.667859246
155.966671800
156.306766744
212.111266593
211.222354963
210.396557851
209.624159796
208.914390845
208.267642650
207.686081041
207.171296710
206.725290648
206.343988329
206.034137002
205.791577940
205.615664446
205.503790672
205.461622134
205.476223570
205.554318071
205.687215075
205.875662273
206.113006292
206.397843433
206.720824219
207.082082578
207.474244824
207.889374656
208.321073835
208.767170219
209.216428653
209.662867159
210.098924573
210.522062894
210.916463590
211.276536251
211.599513031
211.872884220
212.088200258
212.244002817
212.331907413
212.341765521
212.269792160
212.108893890
211.855711398
211.510816994
211.065295632
210.515403625
209.865777096
209.109163127
208.251415377
207.291103880
206.225408516
205.066221592
203.807692043
202.465712206
201.033194256
199.524361401
197.942276512
196.296007496
194.589777683
192.834841070
191.041353383
189.213906383
187.361905386
185.492602398
183.615887211
181.742714057
179.880678385
178.035958035
176.215952427
174.432343946
172.686502980
170.992732591
169.348134098
167.763565634
166.245169542
164.796697692
163.422418607
162.125284943
160.908359674
159.774473158
158.728135891
157.766134272
156.894222636
156.112419996
155.420408076
154.816479907
154.302778049
153.875491038
153.534890333
153.279797940
153.107231720
153.014092963
152.999742560
153.058447174
153.186686347
153.383392412
153.642041263
153.961309668
154.330064603
154.753818352
155.218686384
213.675466313
212.753511286
211.888934492
211.072592183
210.313750262
209.613459224
208.973500641
208.396269936
207.883853317
207.431894750
207.047637867
206.726991616
206.469248647
206.272100674
206.140911772
206.062797522
206.044693591
206.077652976
206.162838443
206.292838592
206.467034617
206.675378088
206.918403311
207.188623058
207.478069418
207.780579314
208.093912286
208.406874386
208.713779742
209.007209146
209.284797307
209.531095662
209.740636381
209.911109954
210.030719678
210.090663620
210.090591001
210.022745927
209.877266426
209.650740417
209.337219559
208.933616966
208.441201245
207.851824672
207.162123582
206.377938956
205.492248219
204.511489431
203.434949465
202.260403295
200.999803691
199.648377550
198.221762297
196.713636743
195.138215121
193.499034196
191.805000998
190.060564594
188.276766471
186.463790940
184.625927845
182.772799768
180.911320876
179.050763346
177.202009086
175.372392411
173.567432581
171.794435253
170.064368417
168.378584750
166.750529613
165.177232413
163.668947060
162.231481161
160.868131203
159.582777448
158.378145427
157.257029005
156.221663520
155.276524005
154.417907776
153.651548447
152.977198361
152.393954576
151.900415824
151.498304697
151.183566316
150.956492222
150.815664563
150.758011836
150.780312821
150.881710473
151.056553919
151.300997866
151.614024909
151.988952407
152.424235783
152.908758951
153.447876321
154.027722667
215.346695827
214.373914668
213.452545397
212.574159689
211.748013749
210.975909244
210.259257003
209.601295164
209.004219717
208.463464629
207.986779683
207.570183317
207.212945872
206.913115230
206.675734940
206.488097194
206.357335869
206.274303040
206.240600951
206.248154010
206.297164437
206.376926412
206.488458943
206.624152560
206.776175310
206.938561840
207.109116938
207.276734952
207.436086063
207.579968334
207.706196931
207.799806578
207.855512105
207.871421488
207.836536975
207.741785980
207.587879394
207.367649203
207.071649398
206.696748699
206.238142075
205.692963700
205.063146578
204.341242754
203.524201319
202.618954225
201.618668696
200.530191621
199.353466973
198.086764596
196.741905438
195.315139493
193.821636570
192.255776540
190.631611917
188.953004631
187.228631302
185.463002683
183.666858651
181.850298688
180.017234196
178.177410018
176.337325087
174.505629180
172.693020187
170.906529171
169.151026334
167.433705366
165.764760449
164.145574165
162.588716577
161.091178243
159.662615266
158.308530019
157.031777514
155.835903761
154.723444555
153.696954670
152.758103077
151.911377607
151.152655784
150.487642615
149.915901194
149.435982444
149.046811724
148.749717305
148.540464626
148.419386929
148.384858186
148.433747254
148.562735095
148.770750056
149.052260624
149.403145083
149.822408642
150.303267000
150.843932701
151.433353817
152.076724082
152.760198949
217.072626496
216.031241480
215.035335259
214.077328627
213.166416676
212.305233341
211.494835582
210.739329125
210.041032937
209.395249084
208.810229777
208.282137773
207.810259793
207.393044477
207.035198781
206.724311645
206.467688807
206.256035972
206.091408937
205.965164221
205.878338589
205.819619255
205.790573569
205.783455564
205.790725732
205.806570773
205.828930795
205.846829671
205.855336037
205.847521174
205.821371783
205.762496335
205.665834732
205.529851071
205.344400245
205.100209461
204.798974454
204.434051300
203.996513160
203.483401648
202.891023034
202.216663300
201.462871158
200.622812536
199.693667323
198.683324393
197.585097373
196.406063706
195.146752354
193.805822125
192.394792784
190.910861583
189.368549495
187.762866776
186.107571099
184.406714013
182.668689035
180.897925149
179.104796518
177.299217100
175.484671322
173.670946646
171.864070022
170.072090588
168.305432138
166.570792683
164.872424480
163.217404451
161.615117961
160.067025432
158.584827320
157.165512006
155.818152885
154.547990028
153.357450558
152.249807729
151.227443918
150.292709472
149.446740816
148.694077092
148.030250284
147.460923657
146.985546085
146.602163142
146.310037135
146.110128365
145.998079560
145.974283345
146.036935561
146.182866276
146.408681403
146.713095048
147.090725039
147.537219028
148.051572878
148.626952580
149.261305847
149.943686590
150.679119421
151.453783179
218.788129344
217.660894527
216.573495074
215.519321061
214.507449740
213.541412348
212.621931765
211.753990181
210.940030050
210.175303365
209.468546004
208.816091172
208.217279717
207.670988633
207.181575426
206.737036544
206.344811293
205.995510525
205.691647413
205.424105206
205.194746567
204.991709887
204.817151702
204.663171301
204.522662621
204.389913189
204.263062628
204.131301492
203.990120580
203.832901626
203.657779702
203.451005155
203.207768345
202.926811418
202.598866881
202.214520902
201.776353102
201.278162308
200.711617661
200.073818718
199.362126491
198.573896050
197.712231424
196.770815178
195.746968280
194.649387665
193.471493496
192.220417658
190.897195143
189.500767186
188.042209436
186.519575062
184.946587625
183.318816143
181.649609901
179.943090250
178.207330459
176.446556042
174.670732899
172.889501645
171.105895312
169.329679134
167.566368054
165.823453498
164.111013481
162.435392924
160.800273972
159.212620201
157.680994473
156.206980194
154.801430880
153.461370767
152.195310843
151.008281098
149.902292055
148.880409711
147.944896112
147.097933866
146.340164154
145.676205373
145.101319984
144.621111497
144.234985175
143.940523220
143.737325413
143.626010252
143.602146599
143.666201486
143.816219673
144.049005886
144.361111269
144.751034257
145.213565443
145.744164730
146.341783845
146.999587231
147.715235512
148.477925829
149.292501242
150.145169314
220.411600659
219.182802706
217.988766626
216.823951661
215.697253974
214.613142960
213.572027355
212.579753751
211.638872262
210.744665737
209.906315215
209.120337985
208.386162491
207.703099893
207.075146077
206.490800967
205.957585189
205.466059581
205.019185476
204.607461298
204.233541594
203.885079278
203.564835369
203.264730888
202.978212296
202.699612680
202.427306401
202.150681670
201.865656171
201.565938587
201.249776016
200.904105081
200.524374645
200.109514872
199.651131969
199.139719051
198.578618896
197.961980614
197.282119371
196.536076255
195.722191590
194.837797988
193.886488611
192.862358867
191.762779336
190.597100066
189.358813573
188.054940325
186.686940841
185.253937195
183.766447858
182.223281887
180.637251879
179.004416714
177.337626940
175.640972612
173.922185517
172.185190384
170.439523483
168.694477794
166.952634334
165.223686490
163.512612808
161.826407818
160.174750507
158.563621532
156.996193809
155.479328875
154.020772057
152.622270315
151.293867919
150.032662996
148.846627911
147.740642007
146.716307449
145.776550698
144.923543326
144.159337669
143.484118706
142.902602801
142.409858700
142.011408202
141.706679355
141.492832460
141.369797539
141.337877262
141.392607924
141.534543546
141.761602793
142.070571754
142.457966088
142.922065828
143.457852420
144.060638908
144.729297016
145.457034091
146.241204088
147.071179800
147.951608526
148.868736098
221.856051116
220.511657708
219.197793994
217.910065155
216.657117152
215.444371295
214.271942326
213.146505772
212.070688301
211.039879764
210.063648220
209.138696287
208.264567072
207.440989080
206.671585329
205.945438030
205.270084077
204.636071220
204.046786789
203.492424787
202.976374500
202.485869719
202.024267143
201.583281624
201.157007635
200.739766686
200.330176140
199.917847219
199.499111228
199.068002168
198.622831852
198.151247201
197.648947206
197.114952958
196.541716139
195.919673962
195.252798935
194.535491369
193.760737367
192.925407183
192.028732311
191.067925648
190.047000440
188.960359315
187.805333995
186.591769623
185.313204682
183.976395285
182.583147576
181.132669336
179.634837740
178.089111340
176.507310908
174.885919323
173.237218767
171.565184163
169.877197019
168.176806190
166.473112920
164.775000230
163.084614791
161.411541861
159.760210156
158.137189948
156.551723660
155.009422120
153.513018757
152.069288132
150.685178931
149.362634557
148.110939457
146.927301503
145.819180373
144.791367410
143.845061940
142.983118446
142.207644251
141.520597655
140.921748233
140.415920085
139.998061973
139.673589985
139.442015619
139.300118200
139.248144799
139.286107935
139.409544920
139.619108360
139.912613436
140.286829626
140.738255463
141.264950148
141.862099417
142.524908937
143.252135661
144.037071565
144.876748081
145.760742690
146.693493083
147.661298556
223.030049145
221.558542622
220.114422045
218.694487163
217.307057866
215.958487473
214.648615199
213.384883536
212.169948151
210.999372339
209.883032760
208.817802737
207.803359793
206.839808461
205.930387973
205.064819998
204.250582745
203.478236963
202.751562037
202.060516454
201.409146420
200.784334822
200.190001476
199.617625513
199.062019076
198.517437058
197.982722818
197.447731392
196.909180063
196.361410554
195.802746533
195.221550235
194.613751235
193.978362669
193.308634951
192.594979003
191.841857113
191.043823352
190.194538133
189.290599554
188.332035602
187.315842612
186.246387627
185.118278524
183.928727612
182.687921406
181.389427995
180.039603202
178.640523882
177.191397837
175.701405443
174.170547269
172.609602086
171.015415355
169.399651240
167.766103256
166.121803555
164.469871396
162.818979704
161.177550528
159.547328171
157.937764027
156.352732289
154.798459133
153.283724390
151.813768072
150.390957878
149.021998191
147.713074135
146.466349169
145.290405668
144.182592980
143.149884523
142.197046935
141.324878454
140.536227303
139.833158873
139.217570727
138.688858564
138.251955714
137.901760932
137.643558831
137.477000107
137.398521398
137.408668992
137.507190882
137.689651247
137.956811756
138.306404448
138.735180671
139.239638706
139.817615326
140.464509590
141.175457712
141.949068946
142.778758384
143.661223916
144.586271991
145.558118799
146.563137163
223.837542173
222.230403801
220.648808163
219.090765943
217.564189721
216.076306548
214.626696640
213.223479283
211.869276125
210.559876531
209.305367460
208.102763783
206.951887468
205.853154101
204.809408195
203.811046126
202.865403332
201.963070069
201.108171758
200.290489471
199.514629862
198.767194606
198.052613222
197.362099716
196.691227598
196.034135381
195.389854061
194.748499945
194.107136954
193.460384903
192.806523748
192.134621542
191.440809978
190.723999561
189.978178420
189.193755529
188.375542943
187.518156861
186.615917727
185.665065359
184.666327995
183.616393547
182.519920600
181.371628511
180.168541522
178.921040676
177.622717818
176.279411770
174.893402001
173.463821607
171.999124721
170.499748157
168.975405533
167.423248955
165.854292423
164.272097470
162.683355226
161.090720945
159.502454483
157.926474971
156.364167351
154.824832549
153.311790412
151.831007119
150.390783270
148.995988951
147.648702253
146.355572804
145.122064980
143.950575931
142.849048806
141.815002054
140.854948465
139.973691345
139.171626840
138.451659387
137.815830978
137.266008159
136.801254836
136.426607663
136.136981762
135.937503223
135.828012985
135.804641088
135.868212896
136.018236916
136.250324240
136.565355902
136.960999481
137.433984745
137.980826718
138.599140135
139.284543247
140.032140602
140.840364538
141.702789750
142.615775389
143.569378769
144.567585324
145.596867959
224.189411213
222.441034125
220.717831122
219.019007731
217.351984586
215.724767101
214.136690649
212.596435587
211.106513516
209.662977132
208.276009481
206.942723568
205.663087076
204.437740859
203.269124382
202.148322176
201.082438351
200.062098700
199.091719642
198.160952068
197.274852599
196.419812026
195.600698446
194.808434510
194.039373758
193.287496019
192.551965360
191.823173813
191.098484709
190.372756954
189.644172483
188.902483950
188.143991018
187.367414661
186.567409932
185.734404682
184.873424411
183.979065925
183.046279889
182.070879511
181.054198589
179.992531874
178.890772530
177.743667732
176.547997442
175.314199334
174.035892051
172.718300444
171.363844019
169.971517364
168.549040531
167.097183944
165.624594728
164.128679696
162.619785076
161.101202374
159.579293919
158.056232275
156.539883451
155.037629713
153.550545395
152.087770442
150.652073147
149.249243764
147.887092915
146.570122677
145.300196099
144.083920937
142.926090713
141.829338822
140.801035695
139.838890949
138.948981621
138.136204940
137.400552169
136.745042036
136.171708744
135.682412495
135.275928923
134.957385790
134.721776377
134.574041745
134.514259496
134.538286837
134.647206211
134.840312808
135.113279115
135.467115823
135.899443199
136.406965891
136.986232491
137.634638332
138.348024349
139.121501114
139.953299009
140.837186837
141.769186162
142.739623831
143.752249537
144.793668177
223.999407665
222.107599881
220.242179829
218.403497881
216.598396809
214.835525847
213.113988422
211.442885434
209.824532594
208.255264904
206.745233995
205.291596463
203.894456880
202.554578501
201.273986771
200.044445951
198.872739519
197.749526679
196.679451738
195.652073162
194.672777617
193.727815771
192.822409635
191.947169871
191.099226164
190.272367953
189.465826451
188.670282859
187.883348753
187.100078360
186.318505966
185.529040787
184.728113869
183.914182421
183.082493319
182.223513796
181.342355464
180.433527873
179.492571879
178.514826898
177.502142557
176.450348170
175.364520097
174.239363932
173.071374535
171.870919486
170.631656823
169.358120341
168.052815278
166.714545285
165.350306820
163.961107608
162.554544764
161.128232242
159.691843219
158.248371884
156.803865363
155.360009218
153.924295068
152.503540263
151.098560988
149.718328319
148.365062913
147.044459666
145.763831158
144.527313440
143.336625117
142.198339473
141.116634625
140.094369934
139.138410947
138.246674375
137.424824560
136.677902953
136.005491900
135.410776780
134.895796192
134.462423289
134.109189496
133.841295399
133.653869970
133.551642087
133.534968914
133.599465783
133.746449751
133.975029377
134.280948533
134.665357895
135.125846556
135.659091192
136.261690820
136.930827708
137.662566335
138.452061147
139.297321192
140.192342003
141.132815495
142.109354146
143.125471343
144.167941369
223.213887236
221.179511196
219.174342159
217.199795096
215.262052412
213.370240410
211.523242914
209.730424186
207.993813943
206.310030491
204.689061693
203.128045349
201.627207254
200.187319087
198.809987148
197.487628484
196.226622138
195.017651798
193.865522996
192.759732655
191.705874374
190.690129750
189.717982156
188.779718525
187.873221089
186.992069863
186.135492948
185.294473737
184.466820662
183.647738603
182.835073069
182.019856930
181.198617966
180.369490702
179.528238076
178.665388494
177.786023692
176.884515057
175.956945536
174.998155522
174.010426835
172.989065763
171.939285955
170.855696266
169.734481088
168.585822998
167.403438977
166.191114188
164.951391898
163.682842805
162.391764780
161.079312328
159.752062980
158.407793076
157.055505991
155.697880357
154.340659780
152.985049466
151.638183626
150.306291333
148.989982230
147.698052044
146.432176035
145.198028615
144.002416867
142.849111247
141.739750858
140.680875437
139.676106081
138.728505452
137.844501706
137.022227593
136.266956598
135.583915562
134.972274128
134.435430085
133.975435663
133.594189626
133.290025390
133.068192039
132.924007988
132.861962818
132.882732956
132.981720254
133.160454029
133.417884488
133.749833480
134.157601827
134.638762847
135.189964846
135.807874208
136.489469959
137.231039578
138.027819630
138.877584097
139.774586488
140.714203095
141.687346376
142.697296997
143.731040392
221.781087239
219.607935769
217.468386485
215.364812294
213.302658748
211.291334748
209.329517787
207.426665560
205.584431818
203.799702124
202.082167219
200.428879724
198.840164123
197.316681280
195.859617032
194.461997971
193.129723380
191.853487936
190.638189720
189.473289566
188.364465346
187.297900370
186.279242039
185.298452447
184.354124974
183.439624607
182.554105346
181.688865647
180.841861155
180.008404439
179.186120249
178.366630433
177.546527162
176.723580511
175.893995233
175.048384878
174.191698981
173.318135928
172.424268104
171.504433259
170.561268509
169.589515749
168.594483926
167.570646414
166.513866171
165.434038490
164.324964291
163.189641557
162.030610604
160.846177504
159.641977285
158.419228893
157.183530885
155.932780237
154.675321733
153.413506616
152.152784004
150.893895400
149.643630002
148.407609712
147.186287606
145.988276014
144.814706898
143.671300795
142.564350689
141.497261556
140.471650754
139.494017700
138.567487690
137.695290941
136.883484648
136.130419580
135.440998832
134.820665278
134.268173679
133.787172124
133.379733078
133.047786816
132.789517056
132.610191599
132.505367982
132.479269892
132.532929046
132.661560391
132.866883390
133.147720061
133.499974160
133.925106371
134.420688846
134.983344359
135.609823594
136.296916335
137.041130743
137.837823704
138.684527097
139.575781050
140.506666953
141.468409315
142.464063176
143.480871096
219.691052082
217.385352775
215.119106345
212.895515746
210.719224955
208.599713608
206.535468118
204.535866881
202.602104275
200.731301706
198.932727641
197.203284015
195.543367584
193.953410993
192.434184688
190.979269353
189.594023162
188.269136538
187.009532510
185.804659796
184.660163668
183.562299420
182.516782144
181.513260032
180.550983099
179.623109148
178.728652721
177.859240303
177.012929944
176.185103665
175.373145109
174.569230642
173.769989114
172.972803016
172.174249364
171.365054110
170.549946571
169.722935365
168.881026985
168.018074087
167.136998503
166.231955185
165.308309228
164.360375179
163.383698239
162.387796579
161.366583360
160.322249017
159.257295661
158.169742250
157.064604452
155.943091220
154.809870079
153.662918731
152.509939900
151.352951037
150.197111000
149.042722034
147.896234458
146.762647910
145.642304510
144.543622246
143.467190845
142.418833426
141.404318241
140.426683779
139.487575197
138.593436145
137.746958918
136.951492783
136.212788360
135.529408726
134.905906655
134.347958780
133.853906184
133.427676556
133.071366478
132.786936599
132.572471691
132.433223582
132.365034803
132.371836700
132.455049465
132.609726087
132.837754327
133.137860833
133.506033038
133.943900432
134.449048170
135.018080363
135.647848477
136.334971704
137.076174735
137.866972653
138.704654579
139.584073744
140.500042667
141.444107355
142.419108034
143.412591684
216.956452435
214.526123063
212.142378465
209.809111409
207.530114795
205.314719566
203.161239741
201.078806739
199.068083625
197.126384328
195.262443009
193.472950481
191.758346642
190.118727479
188.554458449
187.059610848
185.638955973
184.283165034
182.997121296
181.770284598
180.608160038
179.497143023
178.442923342
177.434858688
176.472789964
175.549687734
174.664369808
173.808803233
172.981108438
172.176704907
171.392725645
170.621868337
169.860775545
169.106436924
168.355737421
167.599545296
166.842296989
166.077810574
165.303471006
164.512682392
163.708586843
162.884749311
162.046552968
161.188146610
160.304774678
159.405501080
158.484382232
157.542797657
156.583182480
155.603255789
154.607462635
153.596937216
152.575470303
151.541082738
150.500856917
149.456475448
148.412806444
147.369745030
146.333402645
145.308146202
144.294248265
143.299917587
142.325203430
141.376076903
140.457768511
139.572949772
138.723333749
137.915284964
137.151125914
136.434264753
135.770206578
135.157713831
134.601008551
134.106004342
133.670635043
133.299126569
132.993600789
132.756039555
132.584482467
132.484124940
132.451135885
132.489128327
132.599939568
132.778484187
133.026795589
133.343540354
133.724789388
134.172347418
134.683825638
135.255820696
135.885299745
136.568733884
137.303057976
138.083981033
138.908555665
139.771970175
140.668799017
141.590916378
142.540959526
143.506828191
213.610176378
211.064493369
208.573576458
206.141861248
203.772257931
201.473731711
199.244446419
197.093131039
195.019860593
193.022088811
191.107922290
189.273788698
187.520141212
185.846644014
184.253274443
182.734526025
181.294556353
179.924003301
178.627650923
177.394995300
176.231305633
175.123182763
174.076205653
173.079476626
172.133354412
171.230652929
170.369947808
169.543558516
168.749633970
167.983606900
167.242361495
166.519085704
165.810418562
165.112969039
164.423872687
163.734172754
163.047955224
162.358862471
161.664603382
160.958187559
160.242918428
159.511788147
158.770160123
158.012026145
157.232358610
156.439703911
155.628292541
154.798707108
153.953292524
153.089464317
152.211148936
151.319351920
150.417044949
149.502258008
148.581479057
147.656059075
146.730570842
145.804540753
144.883734973
143.971883392
143.069224856
142.183739067
141.314939811
140.468978164
139.650532493
138.861908508
138.104917091
137.385812459
136.706610848
136.070708181
135.483422031
134.943693347
134.455434136
134.024782045
133.649276765
133.333450096
133.079447474
132.889254832
132.760923190
132.699546029
132.701655488
132.770520351
132.908418730
133.110149471
133.377867505
133.710217540
134.103351502
134.559252706
135.075570084
135.648908190
136.276362453
136.954282101
137.679803170
138.448861217
139.258284520
140.103613935
140.979219602
141.877307191
142.800323537
143.736567657
209.726488689
207.074890161
204.487029101
201.967738921
199.519036121
197.149317635
194.856622960
192.649143989
190.526328912
188.485714784
186.534709768
184.669438493
182.890338581
181.196565956
179.587732678
178.058685676
176.612960209
175.241150827
173.947888413
172.722733463
171.570637623
170.478467874
169.451615993
168.478974756
167.561342723
166.691415154
165.867493349
165.082258479
164.333859732
163.617726473
162.930504918
162.265844371
161.620366422
160.990327437
160.373061265
159.759819721
159.154294734
158.549979321
157.944854068
157.331600929
156.713628677
156.083393085
155.446198314
154.795900815
154.127239425
153.448192189
152.753192537
152.042054850
151.317016411
150.575193256
149.820046437
149.052409563
148.274496536
147.484315043
146.687788885
145.885945685
145.083053902
144.278315992
143.477141860
142.682627127
141.895007469
141.122010388
140.362623641
139.623197663
138.907844778
138.218509108
137.557119879
136.929783715
136.338274461
135.785896876
135.277835268
134.813181885
134.395561369
134.031306461
133.717584745
133.459229883
133.258406330
133.117079978
133.033372421
133.012225684
133.050566186
133.151293941
133.317145493
133.542825631
133.830585175
134.179087200
134.584560154
135.049165268
135.570598799
136.145492854
136.771079965
137.443617118
138.160429152
138.917705900
139.712069645
140.539425106
141.393973692
142.268251876
143.164527915
144.071543084
205.397881585
202.649637805
199.974609802
197.377891201
194.860614176
192.430427208
190.085273762
187.832697815
185.671502028
183.599247700
181.622598187
179.737347455
177.943890367
176.240818767
174.627406699
173.098786803
171.657881543
170.295234769
169.015277314
167.807664306
166.676963160
165.610361099
164.612997340
163.673608803
162.793353717
161.964851522
161.186110640
160.450180644
159.755187855
159.096549761
158.470693729
157.871703733
157.296174331
156.740050522
156.200819867
155.669975807
155.150787503
154.636635652
154.125724428
153.610485882
153.094383055
152.569390433
152.040713893
151.502108711
150.948128142
150.386145730
149.810825047
149.221256424
148.619558944
148.002562891
147.373318287
146.732456590
146.081498797
145.418404827
144.748569165
144.072710717
143.394783058
142.713715815
142.034548824
141.359756009
140.689595775
140.031517005
139.383999207
138.753597749
138.143847030
137.556339521
136.993132763
136.460144364
135.958968425
135.492734851
135.066543963
134.679605663
134.335282646
134.040056448
133.790754632
133.592495175
133.447454054
133.357545284
133.321021399
133.342619512
133.419683661
133.554721530
133.750936951
134.002961615
134.313112108
134.680111563
135.100256851
135.575879994
136.104730827
136.683490696
137.309532756
137.979052136
138.689545940
139.437477621
140.219286701
141.031244123
141.867417597
142.720668601
143.593095009
144.473917516
200.732602456
197.895989481
195.142304315
192.476775343
189.899679885
187.417766011
185.028911494
182.739928541
180.548974330
178.453577174
176.459633202
174.562591121
172.762778304
171.058188205
169.447787085
167.926930054
166.497951730
165.151341883
163.891290501
162.707580890
161.604343788
160.569133666
159.606782951
158.705932422
157.868020001
157.085633624
156.356484061
155.673992664
155.036243636
154.438641844
153.877420884
153.347074912
152.844164136
152.364374868
151.905309234
151.458734282
151.027480311
150.604859926
150.189257566
149.772939862
149.359376191
148.940131404
148.520273150
148.093500001
147.654234130
147.209221971
146.753381314
146.285135668
145.806481784
145.313986322
144.810341816
144.295960564
143.771738070
143.235567469
142.692352971
142.142525871
141.589713855
141.032630105
140.475930184
139.921489737
139.369611510
138.827437901
138.292968409
137.772955219
137.270348415
136.786405363
136.323312693
135.886756615
135.478211917
135.100549817
134.758830915
134.452344768
134.184221395
133.961029165
133.779299041
133.644403310
133.558519325
133.523471805
133.537705153
133.605696061
133.725221855
133.898376166
134.128829990
134.411162576
134.747721893
135.137333751
135.576351993
136.067266311
136.607882118
137.194953702
137.825992211
138.497162180
139.206111734
139.949588098
140.723875164
141.525603583
142.348740040
143.186460017
144.040694897
144.901173744
195.859142051
192.941013319
190.115499312
187.387854685
184.757548998
182.230312524
179.803987692
177.484599717
175.269678079
173.156664670
171.150689237
169.246852731
167.445393307
165.743692383
164.140440173
162.631156432
161.217625626
159.890282819
158.653043154
157.495852591
156.422366485
155.420544375
154.494869355
153.633947693
152.839419187
152.103882976
151.424759342
150.795840281
150.215152022
149.678091743
149.180728448
148.717942904
148.286255864
147.881154784
147.500323009
147.135829476
146.790062373
146.456314095
146.133111708
145.812643783
145.498341623
145.181445861
144.866846952
144.548238590
144.219971712
143.888157139
143.547986908
143.197287206
142.837935435
142.466264942
142.084663647
141.693321219
141.292578175
140.880249652
140.460793378
140.034381706
139.604307256
139.169128046
138.733103739
138.297547431
137.862824419
137.435743575
137.013865122
136.604117582
136.208867749
135.829063415
135.467011973
135.128128127
134.813824789
134.526634853
134.271617583
134.048101462
133.859017180
133.710944017
133.600171433
133.532283420
133.509446094
133.533353026
133.602699725
133.721646385
133.888409633
134.104650325
134.374495000
134.692490372
135.060976306
135.478922747
135.942724801
136.455008779
137.013633030
137.615448178
138.258092798
138.937730355
139.652134212
140.398333149
141.172485545
141.971564330
142.789463240
143.619655366
144.463903171
145.312463357
/

COPY
 'PERMX'  'PERMY'  /
 'PERMX'  'PERMZ' /
/

DX
 10000*10 /
DY
 10000*10 /
DZ
 10000*10 /

TOPS
 10000*2355 /

PORO
 10000*0.18 /

PROPS    ===============================================================

-- Two-phase (water-oil) rel perm curves
-- Sw Krw  Kro  Pcow
SWOF
    0.1500       0.0    1.0000         0.0
    0.2000    0.0059    0.8521         0.0
    0.2500    0.0237    0.7160         0.0
    0.3000    0.0533    0.5917         0.0
    0.3500    0.0947    0.4793         0.0
    0.4000    0.1479    0.3787         0.0
    0.4500    0.2130    0.2899         0.0
    0.5000    0.2899    0.2130         0.0
    0.5500    0.3787    0.1479         0.0
    0.6000    0.4793    0.0947         0.0
    0.6500    0.5917    0.0533         0.0
    0.7000    0.7160    0.0237         0.0
    0.7500    0.8521    0.0059         0.0
    0.8000    1.0000       0.0         0.0
/

--PVCDO
-- REF.PRES.   FVF   COMPRESSIBILITY  REF.VISC.  VISCOSIBILITY
--   234         1.065    6.65e-5         5.0     1.9e-3   /

-- In a e300 run we must use PVDO
PVDO
 220    1.065    5.0 
 240    1.06499    5.0 /

DENSITY               
912.0   1000.0   0.8266         
/
               
PVTW               
234.46   1.0042   5.43E-05   0.5   1.11E-04   /

-- ROCK COMPRESSIBILITY
--
--    REF. PRES   COMPRESSIBILITY
ROCK
         235           0.00045   /

REGIONS  ===============================================================

ENDBOX

SOLUTION ===============================================================

--    DATUM  DATUM   OWC    OWC    GOC    GOC    RSVD   RVVD   SOLN
--    DEPTH  PRESS  DEPTH   PCOW  DEPTH   PCOG  TABLE  TABLE   METH
EQUIL
     2355.00 200.46 3000 0.00  2355.0 0.000     0     0 /

RPTSOL
'PRES' 'SWAT' /

RPTRST
 BASIC=2 /

SUMMARY ================================================================

RUNSUM

EXCEL

--RPTONLY
FOPT
FGPT
FWPT
FWIT

WWIR
/

WOPR
/

WWPR
/

SCHEDULE =============================================================

RPTSCHED
 'NEWTON=2' /

RPTRST
 BASIC=2 /

-- AJGWELLS
-- 'INJ-1' 'WWIR' /
-- 'PRO-1' 'WLPR' /
--/

-- AJGPARAM
-- 'PERMX' 'PORO' /

------------------- WELL SPECIFICATION DATA --------------------------
WELSPECS
'INJ-1'  'G'    1   1  2357   WATER     1*   'STD'   3*  /
'INJ-2'  'G'   100   1  2357   WATER     1*   'STD'   3*  /
'PRO-1'  'G'   50  80  2357   OIL       1*   'STD'   3*  /
/
COMPDAT
--                                        RADIUS    SKIN
'INJ-1'     1    1   1   1   'OPEN'   2*  0.15  1*  5.0 /
'INJ-2'    100    1   1   1   'OPEN'   2*  0.15  1*  5.0 /
'PRO-1'    50  80   1   1   'OPEN'   2*  0.15  1*  5.0 /
/

WCONINJE
INJ-1     WAT 1* RATE 300.0 /
INJ-2     WAT 1* RATE 300.0 /
/

WCONPROD
PRO-1     OPEN ORAT 100.0 /
/

TSTEP
 30 /

WCONINJE
INJ-1     WAT 1* RATE 300.0 /
INJ-2     WAT 1* RATE 300.0 /
/

WCONPROD
PRO-1     OPEN ORAT 100.0 /
/

TSTEP
 30 /

WCONINJE
INJ-1     WAT 1* RATE 300.0 /
INJ-2     WAT 1* RATE 300.0 /
/

WCONPROD
PRO-1     OPEN ORAT 100.0 /
/

TSTEP
 30 /

WCONINJE
INJ-1     WAT 1* RATE 300.0 /
INJ-2     WAT 1* RATE 300.0 /
/

WCONPROD
PRO-1     OPEN ORAT 100.0 /
/

TSTEP
 30 /

WCONINJE
INJ-1     WAT 1* RATE 300.0 /
INJ-2     WAT 1* RATE 300.0 /
/

WCONPROD
PRO-1     OPEN ORAT 100.0 /
/

TSTEP
 30 /

WCONINJE
INJ-1     WAT 1* RATE 300.0 /
INJ-2     WAT 1* RATE 300.0 /
/

WCONPROD
PRO-1     OPEN ORAT 100.0 /
/

TSTEP
 30 /

WCONINJE
INJ-1     WAT 1* RATE 300.0 /
INJ-2     WAT 1* RATE 300.0 /
/

WCONPROD
PRO-1     OPEN ORAT 100.0 /
/

TSTEP
 30 /

WCONINJE
INJ-1     WAT 1* RATE 300.0 /
INJ-2     WAT 1* RATE 300.0 /
/

WCONPROD
PRO-1     OPEN ORAT 100.0 /
/

TSTEP
 30 /

WCONINJE
INJ-1     WAT 1* RATE 300.0 /
INJ-2     WAT 1* RATE 300.0 /
/

WCONPROD
PRO-1     OPEN ORAT 100.0 /
/

TSTEP
 30 /

WCONINJE
INJ-1     WAT 1* RATE 300.0 /
INJ-2     WAT 1* RATE 300.0 /
/

WCONPROD
PRO-1     OPEN ORAT 100.0 /
/

TSTEP
 30 /

WCONINJE
INJ-1     WAT 1* RATE 300.0 /
INJ-2     WAT 1* RATE 300.0 /
/

WCONPROD
PRO-1     OPEN ORAT 100.0 /
/

TSTEP
 30 /

WCONINJE
INJ-1     WAT 1* RATE 300.0 /
INJ-2     WAT 1* RATE 300.0 /
/

WCONPROD
PRO-1     OPEN ORAT 100.0 /
/

TSTEP
 30 /

WCONINJE
INJ-1     WAT 1* RATE 300.0 /
INJ-2     WAT 1* RATE 300.0 /
/

WCONPROD
PRO-1     OPEN ORAT 100.0 /
/

TSTEP
 30 /

WCONINJE
INJ-1     WAT 1* RATE 300.0 /
INJ-2     WAT 1* RATE 300.0 /
/

WCONPROD
PRO-1     OPEN ORAT 100.0 /
/

TSTEP
 30 /

WCONINJE
INJ-1     WAT 1* RATE 300.0 /
INJ-2     WAT 1* RATE 300.0 /
/

WCONPROD
PRO-1     OPEN ORAT 100.0 /
/

TSTEP
 30 /

WCONINJE
INJ-1     WAT 1* RATE 300.0 /
INJ-2     WAT 1* RATE 300.0 /
/

WCONPROD
PRO-1     OPEN ORAT 100.0 /
/

TSTEP
 30 /

WCONINJE
INJ-1     WAT 1* RATE 300.0 /
INJ-2     WAT 1* RATE 300.0 /
/

WCONPROD
PRO-1     OPEN ORAT 100.0 /
/

TSTEP
 30 /

WCONINJE
INJ-1     WAT 1* RATE 300.0 /
INJ-2     WAT 1* RATE 300.0 /
/

WCONPROD
PRO-1     OPEN ORAT 100.0 /
/

TSTEP
 30 /

WCONINJE
INJ-1     WAT 1* RATE 300.0 /
INJ-2     WAT 1* RATE 300.0 /
/

WCONPROD
PRO-1     OPEN ORAT 100.0 /
/

TSTEP
 30 /

WCONINJE
INJ-1     WAT 1* RATE 300.0 /
INJ-2     WAT 1* RATE 300.0 /
/

WCONPROD
PRO-1     OPEN ORAT 100.0 /
/

TSTEP
 30 /

WCONINJE
INJ-1     WAT 1* RATE 300.0 /
INJ-2     WAT 1* RATE 300.0 /
/

WCONPROD
PRO-1     OPEN ORAT 100.0 /
/

TSTEP
 30 /

WCONINJE
INJ-1     WAT 1* RATE 300.0 /
INJ-2     WAT 1* RATE 300.0 /
/

WCONPROD
PRO-1     OPEN ORAT 100.0 /
/

TSTEP
 30 /

WCONINJE
INJ-1     WAT 1* RATE 300.0 /
INJ-2     WAT 1* RATE 300.0 /
/

WCONPROD
PRO-1     OPEN ORAT 100.0 /
/

TSTEP
 30 /

WCONINJE
INJ-1     WAT 1* RATE 300.0 /
INJ-2     WAT 1* RATE 300.0 /
/

WCONPROD
PRO-1     OPEN ORAT 100.0 /
/

TSTEP
 30 /

WCONINJE
INJ-1     WAT 1* RATE 300.0 /
INJ-2     WAT 1* RATE 300.0 /
/

WCONPROD
PRO-1     OPEN ORAT 100.0 /
/

TSTEP
 30 /

WCONINJE
INJ-1     WAT 1* RATE 300.0 /
INJ-2     WAT 1* RATE 300.0 /
/

WCONPROD
PRO-1     OPEN ORAT 100.0 /
/

TSTEP
 30 /

WCONINJE
INJ-1     WAT 1* RATE 300.0 /
INJ-2     WAT 1* RATE 300.0 /
/

WCONPROD
PRO-1     OPEN ORAT 100.0 /
/

TSTEP
 30 /

WCONINJE
INJ-1     WAT 1* RATE 300.0 /
INJ-2     WAT 1* RATE 300.0 /
/

WCONPROD
PRO-1     OPEN ORAT 100.0 /
/

TSTEP
 30 /

WCONINJE
INJ-1     WAT 1* RATE 300.0 /
INJ-2     WAT 1* RATE 300.0 /
/

WCONPROD
PRO-1     OPEN ORAT 100.0 /
/

TSTEP
 30 /

WCONINJE
INJ-1     WAT 1* RATE 300.0 /
INJ-2     WAT 1* RATE 300.0 /
/

WCONPROD
PRO-1     OPEN ORAT 100.0 /
/

TSTEP
 30 /

WCONINJE
INJ-1     WAT 1* RATE 300.0 /
INJ-2     WAT 1* RATE 300.0 /
/

WCONPROD
PRO-1     OPEN ORAT 100.0 /
/

TSTEP
 30 /

WCONINJE
INJ-1     WAT 1* RATE 300.0 /
INJ-2     WAT 1* RATE 300.0 /
/

WCONPROD
PRO-1     OPEN ORAT 100.0 /
/

TSTEP
 30 /

WCONINJE
INJ-1     WAT 1* RATE 300.0 /
INJ-2     WAT 1* RATE 300.0 /
/

WCONPROD
PRO-1     OPEN ORAT 100.0 /
/

TSTEP
 30 /

WCONINJE
INJ-1     WAT 1* RATE 300.0 /
INJ-2     WAT 1* RATE 300.0 /
/

WCONPROD
PRO-1     OPEN ORAT 100.0 /
/

TSTEP
 30 /

WCONINJE
INJ-1     WAT 1* RATE 300.0 /
INJ-2     WAT 1* RATE 300.0 /
/

WCONPROD
PRO-1     OPEN ORAT 100.0 /
/

TSTEP
 30 /

WCONINJE
INJ-1     WAT 1* RATE 300.0 /
INJ-2     WAT 1* RATE 300.0 /
/

WCONPROD
PRO-1     OPEN ORAT 100.0 /
/

TSTEP
 30 /

WCONINJE
INJ-1     WAT 1* RATE 300.0 /
INJ-2     WAT 1* RATE 300.0 /
/

WCONPROD
PRO-1     OPEN ORAT 100.0 /
/

TSTEP
 30 /

WCONINJE
INJ-1     WAT 1* RATE 300.0 /
INJ-2     WAT 1* RATE 300.0 /
/

WCONPROD
PRO-1     OPEN ORAT 100.0 /
/

TSTEP
 30 /

WCONINJE
INJ-1     WAT 1* RATE 300.0 /
INJ-2     WAT 1* RATE 300.0 /
/

WCONPROD
PRO-1     OPEN ORAT 100.0 /
/

TSTEP
 30 /

WCONINJE
INJ-1     WAT 1* RATE 300.0 /
INJ-2     WAT 1* RATE 300.0 /
/

WCONPROD
PRO-1     OPEN ORAT 100.0 /
/

TSTEP
 30 /

WCONINJE
INJ-1     WAT 1* RATE 300.0 /
INJ-2     WAT 1* RATE 300.0 /
/

WCONPROD
PRO-1     OPEN ORAT 100.0 /
/

TSTEP
 30 /

WCONINJE
INJ-1     WAT 1* RATE 300.0 /
INJ-2     WAT 1* RATE 300.0 /
/

WCONPROD
PRO-1     OPEN ORAT 100.0 /
/

TSTEP
 30 /

WCONINJE
INJ-1     WAT 1* RATE 300.0 /
INJ-2     WAT 1* RATE 300.0 /
/

WCONPROD
PRO-1     OPEN ORAT 100.0 /
/

TSTEP
 30 /

WCONINJE
INJ-1     WAT 1* RATE 300.0 /
INJ-2     WAT 1* RATE 300.0 /
/

WCONPROD
PRO-1     OPEN ORAT 100.0 /
/

TSTEP
 30 /

WCONINJE
INJ-1     WAT 1* RATE 300.0 /
INJ-2     WAT 1* RATE 300.0 /
/

WCONPROD
PRO-1     OPEN ORAT 100.0 /
/

TSTEP
 30 /

WCONINJE
INJ-1     WAT 1* RATE 300.0 /
INJ-2     WAT 1* RATE 300.0 /
/

WCONPROD
PRO-1     OPEN ORAT 100.0 /
/

TSTEP
 30 /

WCONINJE
INJ-1     WAT 1* RATE 300.0 /
INJ-2     WAT 1* RATE 300.0 /
/

WCONPROD
PRO-1     OPEN ORAT 100.0 /
/

TSTEP
 30 /

WCONINJE
INJ-1     WAT 1* RATE 300.0 /
INJ-2     WAT 1* RATE 300.0 /
/

WCONPROD
PRO-1     OPEN ORAT 100.0 /
/

TSTEP
 30 /

WCONINJE
INJ-1     WAT 1* RATE 300.0 /
INJ-2     WAT 1* RATE 300.0 /
/

WCONPROD
PRO-1     OPEN ORAT 100.0 /
/

TSTEP
 30 /

WCONINJE
INJ-1     WAT 1* RATE 300.0 /
INJ-2     WAT 1* RATE 300.0 /
/

WCONPROD
PRO-1     OPEN ORAT 100.0 /
/

TSTEP
 30 /

WCONINJE
INJ-1     WAT 1* RATE 300.0 /
INJ-2     WAT 1* RATE 300.0 /
/

WCONPROD
PRO-1     OPEN ORAT 100.0 /
/

TSTEP
 30 /

WCONINJE
INJ-1     WAT 1* RATE 300.0 /
INJ-2     WAT 1* RATE 300.0 /
/

WCONPROD
PRO-1     OPEN ORAT 100.0 /
/

TSTEP
 30 /

WCONINJE
INJ-1     WAT 1* RATE 300.0 /
INJ-2     WAT 1* RATE 300.0 /
/

WCONPROD
PRO-1     OPEN ORAT 100.0 /
/

TSTEP
 30 /

WCONINJE
INJ-1     WAT 1* RATE 300.0 /
INJ-2     WAT 1* RATE 300.0 /
/

WCONPROD
PRO-1     OPEN ORAT 100.0 /
/

TSTEP
 30 /

WCONINJE
INJ-1     WAT 1* RATE 300.0 /
INJ-2     WAT 1* RATE 300.0 /
/

WCONPROD
PRO-1     OPEN ORAT 100.0 /
/

TSTEP
 30 /

WCONINJE
INJ-1     WAT 1* RATE 300.0 /
INJ-2     WAT 1* RATE 300.0 /
/

WCONPROD
PRO-1     OPEN ORAT 100.0 /
/

TSTEP
 30 /

WCONINJE
INJ-1     WAT 1* RATE 300.0 /
INJ-2     WAT 1* RATE 300.0 /
/

WCONPROD
PRO-1     OPEN ORAT 100.0 /
/

TSTEP
 30 /

WCONINJE
INJ-1     WAT 1* RATE 300.0 /
INJ-2     WAT 1* RATE 300.0 /
/

WCONPROD
PRO-1     OPEN ORAT 100.0 /
/

TSTEP
 30 /

WCONINJE
INJ-1     WAT 1* RATE 300.0 /
INJ-2     WAT 1* RATE 300.0 /
/

WCONPROD
PRO-1     OPEN ORAT 100.0 /
/

TSTEP
 30 /

WCONINJE
INJ-1     WAT 1* RATE 300.0 /
INJ-2     WAT 1* RATE 300.0 /
/

WCONPROD
PRO-1     OPEN ORAT 100.0 /
/

TSTEP
 30 /
