-- *------------------------------------------*
-- *                                          *
-- * base grid model with input parameters    *
-- *                                          *
-- *------------------------------------------*
RUNSPEC

TITLE
 3 WELL MODEL

DIMENS
-- NDIVIX NDIVIY NDIVIZ
   100    100      1 /

-- Gradient option
-- AJGRADNT

-- Gradients readeable
-- UNCODHMD

--BLACKOIL
OIL
WATER

METRIC

TABDIMS
-- NTSFUN  NTPVT  NSSFUN  NPPVT  NTFIP  NRPVT  NTENDP
     1       1      35      30     5     30      1 /

EQLDIMS
-- NTEQUL  NDRXVD  NDPRVD
   1       5       100 /

WELLDIMS
-- NWMAXZ NCWMAX NGMAXZ MWGMAX 
    10     1     2      20 /

VFPPDIMS
-- MXMFLO MXMTHP MXMWFR MXMGFR MXMALQ NMMVFT
   10     10     10     10     1      1 /

VFPIDIMS
-- MXSFLO MXSTHP NMSVFT
   10     10     1 /

AQUDIMS
-- MXNAQN  MXNAQC NIFTBL NRIFTB NANAQU NCAMAX
   0       0      1      36     2       200/

START
 01 JAN 2029 /

NSTACK
 25 /

NOECHO

UNIFIN
UNIFOUT

GRID
INIT

PERMX
197.961782846
198.481328361
199.080405711
199.759509196
200.516802416
201.344008804
202.241703122
203.201906012
204.221389140
205.290673054
206.406742687
207.565275444
208.756729244
209.975797033
211.213384755
212.461071426
213.718773814
214.973283324
216.218477683
217.452204140
218.660280114
219.843872013
220.990395428
222.102007449
223.169984927
224.191795181
225.158820320
226.078885081
226.944194936
227.755067510
228.509730992
229.213007857
229.865212518
230.465638679
231.023297591
231.536366228
232.009785867
232.456474521
232.876405767
233.274537144
233.661986107
234.036750480
234.417768287
234.805274036
235.211419053
235.635763528
236.091999771
236.584378920
237.123309660
237.704025654
238.344451100
239.045608159
239.812240499
240.648013351
241.557030138
242.539391359
243.601031272
244.743057465
245.961212349
247.258596456
248.634794228
250.085646797
251.605859711
253.197541080
254.850687762
256.559807577
258.319312857
260.117618474
261.951762969
263.810571037
265.681725446
267.550863337
269.416525446
271.257809487
273.065480779
274.823599216
276.525902001
278.148223280
279.683041777
281.116860673
282.441043799
283.631350366
284.680012727
285.585577049
286.324365642
286.890922297
287.280243330
287.480288513
287.483055599
287.290725187
286.892580773
286.287537237
285.478918079
284.467476201
283.254304908
281.836280074
280.230734509
278.432307275
276.456606339
274.312661159
200.890708478
201.572630394
202.327181243
203.154461582
204.052845471
205.013251960
206.036320773
207.113668857
208.241783773
209.411166928
210.618000190
211.858012087
213.121539505
214.402714285
215.692627889
216.981732218
218.270809121
219.545708041
220.800409688
222.032515237
223.228229926
224.388015325
225.499769271
226.565446078
227.576656660
228.530433968
229.418853244
230.249950790
231.016105971
231.717680788
232.353804964
232.928928190
233.444329217
233.899431747
234.304092771
234.656035854
234.961440399
235.233391791
235.472121975
235.683485296
235.878301149
236.055365451
236.234150221
236.414474018
236.609693183
236.819042561
237.056330924
237.326391126
237.639627022
237.991103117
238.399419198
238.865418076
239.393930032
239.988557501
240.653631929
241.389240352
242.201397109
243.090959291
244.054302480
245.094089706
246.210629134
247.399099230
248.655348635
249.980915420
251.366766487
252.807384717
254.297747281
255.826665257
257.391939602
258.983058293
260.588321551
262.194274526
263.800339499
265.386614839
266.944959294
268.460271177
269.927497858
271.324115746
272.643170562
273.873044680
275.005677427
276.018856514
276.905391340
277.665513739
278.276261918
278.733352784
279.032674371
279.163050873
279.117565926
278.898432263
278.495599313
277.908303663
277.139760965
276.190786668
275.062525137
273.751294643
272.273466695
270.623747917
268.816286672
266.859554893
203.726806988
204.569663294
205.477505705
206.449966597
207.485581744
208.574450631
209.717220613
210.905081836
212.134197579
213.395095216
214.683099929
215.994004777
217.318036991
218.648798656
219.977594038
221.293781054
222.599032809
223.878352575
225.125877411
226.339025474
227.504474535
228.622083462
229.680360037
230.681056140
231.616279883
232.482734950
233.273329881
233.996353581
234.644494749
235.218267585
235.717823762
236.147275741
236.508981238
236.802627517
237.038908394
237.215256958
237.339109339
237.423716653
237.469654686
237.483753032
237.476471833
237.447527065
237.416850861
237.383921734
237.363208970
237.353721198
237.369269278
237.415352783
237.502255740
237.624966903
237.802660556
238.035953544
238.329801534
238.687690593
239.114157179
239.609238060
240.179022053
240.824080799
241.541370611
242.333144520
243.200386535
244.137551724
245.141651845
246.213582970
247.345280380
248.531166219
249.766747185
251.041200607
252.353002983
253.692310911
255.047985266
256.407425827
257.770846022
259.119328719
260.445712870
261.735692977
262.985343404
264.173712646
265.294373758
266.337437488
267.295349690
268.147901006
268.888442330
269.518629727
270.016320992
270.378354353
270.601380116
270.675057112
270.593563052
270.359100766
269.962301871
269.402723481
268.683462539
267.805450217
266.769875055
265.572657184
264.229186794
262.734328380
261.100865603
259.336738524
206.492419554
207.492820741
208.549785790
209.662408901
210.829327565
212.039812584
213.294463538
214.584013351
215.904270253
217.245827501
218.603112557
219.971997577
221.342614594
222.708080776
224.059940833
225.386513284
226.690382689
227.955828532
229.177203597
230.351817741
231.466911273
232.521871667
233.505939937
234.420691066
235.258892711
236.017058536
236.689057385
237.283495210
237.793505396
238.219881721
238.563913099
238.829427767
239.019970705
239.135633726
239.187934150
239.174190496
239.103102302
238.988088292
238.830148658
238.637156235
238.419160983
238.176906736
237.930697221
237.679761425
237.439563503
237.208983537
237.001727423
236.824021866
236.685914349
236.582412586
236.533145975
236.538458505
236.603463298
236.731472580
236.927193639
237.190577693
237.527767582
237.939023764
238.421812190
238.978006978
239.609204917
240.309087591
241.075825904
241.909616756
242.803333480
243.751314851
244.749546861
245.787539041
246.864347102
247.970792127
249.096236371
250.228864716
251.369586382
252.500446674
253.615132261
254.700091396
255.752424659
256.752668961
257.694881267
258.570725787
259.373094362
260.083718988
260.696450502
261.214104456
261.615442556
261.898358238
262.060126847
262.091205580
261.986848042
261.749207488
261.369605115
260.847904714
260.187072592
259.388202696
258.452518208
257.375690333
256.172126252
254.836924239
253.381612465
251.813630034
209.207350155
210.360025665
211.560032848
212.805863306
214.096185251
215.419440031
216.776125857
218.156482390
219.555943656
220.965203743
222.377765546
223.789598205
225.190757377
226.573933819
227.930943528
229.249142798
230.532043470
231.763348534
232.937695673
234.052372134
235.095277153
236.065485325
236.953089515
237.759541055
238.478425653
239.106238931
239.637921547
240.082482847
240.433634477
240.692594077
240.861893297
240.945146162
240.947182392
240.868643012
240.721849188
240.504187150
240.225613447
239.899717145
239.527994191
239.119411698
238.683570836
238.222329599
237.756259459
237.284439893
236.823186613
236.371341662
235.942407343
235.543366194
235.183914029
234.859167778
234.589073173
234.373655897
234.218206957
234.125803262
234.101275642
234.144455818
234.261503528
234.452349461
234.714881876
235.050625771
235.461712829
235.941012944
236.487825335
237.101606028
237.776107405
238.505574284
239.286406577
240.108408828
240.971112351
241.865987603
242.782838891
243.710551449
244.650634066
245.586065564
246.511235504
247.413303405
248.290283815
249.124107627
249.909271876
250.638803866
251.305992285
251.894419389
252.398391854
252.821628856
253.143861879
253.363966205
253.479704063
253.482294174
253.368027734
253.138976356
252.787152327
252.312705718
251.718464799
251.005726283
250.175741028
249.224072065
248.164158163
246.991397252
245.716180665
244.345486351
211.904110620
213.201961092
214.537061745
215.907244264
217.311128434
218.736333165
220.183206784
221.641455633
223.106132554
224.568063754
226.019816483
227.457479534
228.871056957
230.252884786
231.595087315
232.884157274
234.124547383
235.299555386
236.404183453
237.435792086
238.383043182
239.244882267
240.012365524
240.686905118
241.263054678
241.737493660
242.106331235
242.379085227
242.550176234
242.621403358
242.596633477
242.479354051
242.275763021
241.987193446
241.626746254
241.192058083
240.694323046
240.147303482
239.553051368
238.921659052
238.262252892
237.577867021
236.889223718
236.195358132
235.513273375
234.841852899
234.194308176
233.578371542
233.003278120
232.464336635
231.981652756
231.554893251
231.189533520
230.888351525
230.656242807
230.492887531
230.404411230
230.390401475
230.449070230
230.581620106
230.790625859
231.068123712
231.414483435
231.828394018
232.304403393
232.836663067
233.421907829
234.050200069
234.721437321
235.427714330
236.159219220
236.905441808
237.668393803
238.431952444
239.191058779
239.933540558
240.658206317
241.348277637
241.998647436
242.603506349
243.156501462
243.642948543
244.057564150
244.404728719
244.665190663
244.838726500
244.923451358
244.911306065
244.799564265
244.590190896
244.275883855
243.857053852
243.336387213
242.715414836
241.995411363
241.171959617
240.257558448
239.247960990
238.152544753
236.977874472
214.622548476
216.056470423
217.516670929
219.000275948
220.505770902
222.019971979
223.543036002
225.064096588
226.577834144
228.075238074
229.547946987
230.992201875
232.397989585
233.757377431
235.062846368
236.300147400
237.474689284
238.569559506
239.580217698
240.504204066
241.331057196
242.059799609
242.682554607
243.200811992
243.610233049
243.907908019
244.091194149
244.170239066
244.140296137
244.003912587
243.766363671
243.431113151
243.005790692
242.492556079
241.905258514
241.241958396
240.515052931
239.738476215
238.914879491
238.055485299
237.168929260
236.259452891
235.347798248
234.433059040
233.532742711
232.645836499
231.785182993
230.959220819
230.176622795
229.432958368
228.748320919
228.121982040
227.559591418
227.063562186
226.638784850
226.284756682
226.007504795
225.806263567
225.679461859
225.628001325
225.654795651
225.751042405
225.918097159
226.153871973
226.453605360
226.811365115
227.224130872
227.682187089
228.185685429
228.727309867
229.297577083
229.886478120
230.496433738
231.112178138
231.729052966
232.335510922
232.931032096
233.500020351
234.037721755
234.539290011
234.998703037
235.402875230
235.746888019
236.035562407
236.250693892
236.392877738
236.460457200
236.446057667
236.347868491
236.167733441
235.899025642
235.542389360
235.100372541
234.574763290
233.966862441
233.272388141
232.502939984
231.654674604
230.736079091
229.753361887
217.386983304
218.945680196
220.518774798
222.102655446
223.695584381
225.283611255
226.866668919
228.433284226
229.977792374
231.491379828
232.964784497
234.394444936
235.770377400
237.084481969
238.329658521
239.491061867
240.575075073
241.564792121
242.456237485
243.247245532
243.928356194
244.498891302
244.952135706
245.289804151
245.508789253
245.606835952
245.582612587
245.447022748
245.196268005
244.833809994
244.366380398
243.797531274
243.136362108
242.385977828
241.560933099
240.659867470
239.696328624
238.684410497
237.627387050
236.537584228
235.423137902
234.289493566
233.157268585
232.025709175
230.912628513
229.817159230
228.751705836
227.725331993
226.746056213
225.809761767
224.936343760
224.124649532
223.380475240
222.705804101
222.105442645
221.578675723
221.131358469
220.762364313
220.470230492
220.255571965
220.121529693
220.058476096
220.068644584
220.149176390
220.295881089
220.502759815
220.766939894
221.078895795
221.438922652
221.840250388
222.273674390
222.729579592
223.210707112
223.702601218
224.200860478
224.694518524
225.183606770
225.653599597
226.100056353
226.518899262
226.904418709
227.244979834
227.535985529
227.782502439
227.967385992
228.091967437
228.154705226
228.148873309
228.073500914
227.930305737
227.713320486
227.423395821
227.062950515
226.634043556
226.138010369
225.570805167
224.943177077
224.251728267
223.504173705
222.706430395
220.239756110
221.909959187
223.581741794
225.250739433
226.914904189
228.559572970
230.184435961
231.777388568
233.332468906
234.841099814
236.293170112
237.685378202
239.007829980
240.252375873
241.412414668
242.472672839
243.440531968
244.299329107
245.045774564
245.678119014
246.188038222
246.575387158
246.834695805
246.968078171
246.973762962
246.850403020
246.598022203
246.228406550
245.738807781
245.133762189
244.421475281
243.605704763
242.697028714
241.699592581
240.628601457
239.483402896
238.278624102
237.028493980
235.736909590
234.417239937
233.077116026
231.723148933
230.375675694
229.034174125
227.716554794
226.422114380
225.162759108
223.948060446
222.785303381
221.670718667
220.623810663
219.642980259
218.734126192
217.898738135
217.141455063
216.461321392
215.863942308
215.347822797
214.911503402
214.555319570
214.282524672
214.082696598
213.958821175
213.907289258
213.924353434
214.003971099
214.143316503
214.333028544
214.573438772
214.858273739
215.178564208
215.524982246
215.900508048
216.291444835
216.693516674
217.096293268
217.500244454
217.891803205
218.266805398
218.621760141
218.951259114
219.244964818
219.498560488
219.717193013
219.884774595
220.003293037
220.071222706
220.082453452
220.036773535
219.935779145
219.774141884
219.552893601
219.274339467
218.940813292
218.553699041
218.109273413
217.617488288
217.075427826
216.490144817
215.867335325
223.200816597
224.967197599
226.721411516
228.458346897
230.175564092
231.857763621
233.504390008
235.102697356
236.646497975
238.127500597
239.534820213
240.865497573
242.109803709
243.259673721
244.309103472
245.242580677
246.068514702
246.770738800
247.346781046
247.795434732
248.109652957
248.290061094
248.332502720
248.239685409
248.011255489
247.647023644
247.148392605
246.528146651
245.784670632
244.923720113
243.954954616
242.882452252
241.718243618
240.467580018
239.146244427
237.754388828
236.307626517
234.820279243
233.296842944
231.751633039
230.191771603
228.624960600
227.071093150
225.529938381
224.019290514
222.538606856
221.099242141
219.711129187
218.380753634
217.104708963
215.901914982
214.770313303
213.715847771
212.739455764
211.845524879
211.032833911
210.306660507
209.665135897
209.106706715
208.631430621
208.242560687
207.928928076
207.694133401
207.533852397
207.444649968
207.420467701
207.458426449
207.549311531
207.693391140
207.884835219
208.114873377
208.374362007
208.666447987
208.978137712
209.305165784
209.637592310
209.976220545
210.308331529
210.630003617
210.938167320
211.227708917
211.489431817
211.719260578
211.922286617
212.083458837
212.205345413
212.286351139
212.320950415
212.309605927
212.253804072
212.148828456
211.995868406
211.797134636
211.555230138
211.271604996
210.942927876
210.578408524
210.175643370
209.741120943
209.280390355
226.280082971
228.124933522
229.942974633
231.728379110
233.478245646
235.176742032
236.823083640
238.403895204
239.912860278
241.342036109
242.679867102
243.923841761
245.064488232
246.093977659
247.007020120
247.788074542
248.446611623
248.967226229
249.348405216
249.589608476
249.685213111
249.636845615
249.441714175
249.103324395
248.622792996
248.001324093
247.241698556
246.357792350
245.349183214
244.222964056
242.990186651
241.655353664
240.231883238
238.726160273
237.154453721
235.517775654
233.832609672
232.113306697
230.364911450
228.602553309
226.832837798
225.064450598
223.316669831
221.589594191
219.900688142
218.249543997
216.646919428
215.102938106
213.623236040
212.204766655
210.865677430
209.603446872
208.423996398
207.327660267
206.318494882
205.394991938
204.562029724
203.817362161
203.159257777
202.587494214
202.105218453
201.700578128
201.377646507
201.131431578
200.958685231
200.853363627
200.812439993
200.826836444
200.896668144
201.016494396
201.177715637
201.371276703
201.600429614
201.852826157
202.124116226
202.404803392
202.695932398
202.985525106
203.269872162
203.546180041
203.809625542
204.052000395
204.269433037
204.466854317
204.630215223
204.762592952
204.862251342
204.924220497
204.949551066
204.939637532
204.890342612
204.802991594
204.679722481
204.523391310
204.335534882
204.113265886
203.865105117
203.589185515
203.291514456
202.977567810
229.484587807
231.388189359
233.249506872
235.062057474
236.822424251
238.514375094
240.136935096
241.676136806
243.125658282
244.477983904
245.721017108
246.852822923
247.864293916
248.748003658
249.499509431
250.103468286
250.570446242
250.886071568
251.049931825
251.062271806
250.919036096
250.623067864
250.172967703
249.573242857
248.826500475
247.935545948
246.904510681
245.748424045
244.468087601
243.072016372
241.572546595
239.974691859
238.293153126
236.535436231
234.718182477
232.843277729
230.927937592
228.986457778
227.024358074
225.057416875
223.091711668
221.136776635
219.211103609
217.315136812
215.465805453
213.662793597
211.916224743
210.236229071
208.627559895
207.087512846
205.633289792
204.261912831
202.979209342
201.784869874
200.682549130
199.670435777
198.752947851
197.927461506
197.191999369
196.546055097
195.992576331
195.519102351
195.130039441
194.819785735
194.585164536
194.420178948
194.321568505
194.280391672
194.296532785
194.364887113
194.477005329
194.623833975
194.808680211
195.019780830
195.252626364
195.498115522
195.757455279
196.019305439
196.280140822
196.537320474
196.786306726
197.019732760
197.233894742
197.433485326
197.605408938
197.753185484
197.874878462
197.966045328
198.028238448
198.062780911
198.066075171
198.039562759
197.985330184
197.906461815
197.804601441
197.677340402
197.532559733
197.368946383
197.192093283
197.007474629
232.794363543
234.734870251
236.616905745
238.433421855
240.180452603
241.841530612
243.415551413
244.888021933
246.252763191
247.502780879
248.625592489
249.619990014
250.477349455
251.190824867
251.756964767
252.160862236
252.414207628
252.503932562
252.430861518
252.196127814
251.797377994
251.238859965
250.520567260
249.648199215
248.625836401
247.458053921
246.150275896
244.718707386
243.165371366
241.500248750
239.736806678
237.880631807
235.947564616
233.946175828
231.893345538
229.791804611
227.659341977
225.510093991
223.349961657
221.195180489
219.051284689
216.928500228
214.844366055
212.799667724
210.810607409
208.876905333
207.008023117
205.213908317
203.498416418
201.859157202
200.312234019
198.854230010
197.490807202
196.220984975
195.047959090
193.969604842
192.989834384
192.105649070
191.314776361
190.616422440
190.013257351
189.492296480
189.058147294
188.704664217
188.428639925
188.224156964
188.087646120
188.010309624
187.991735762
188.027104909
188.108103745
188.225604432
188.382929155
188.568838660
188.778608735
189.003483697
189.244766085
189.491655756
189.740785064
189.989563528
190.233731355
190.466624969
190.684671855
190.892274036
191.077227540
191.243433951
191.388707153
191.509104340
191.606593833
191.682448569
191.733565826
191.761484115
191.768258704
191.757168699
191.729984553
191.684793697
191.628880525
191.561497477
191.487872257
191.413544766
236.184954091
238.138546223
240.016928702
241.812613191
243.521076384
245.125813011
246.625674457
248.005740993
249.260149258
250.382535807
251.360212367
252.192865798
252.872484411
253.392987338
253.752063219
253.935484402
253.956082518
253.802352592
253.476477036
252.980559215
252.314063241
251.482792841
250.488101817
249.337044654
248.035117838
246.588783631
245.004667868
243.300125702
241.478362438
239.550821879
237.531902573
235.427796454
233.255303411
231.023960436
228.750733313
226.439128125
224.107331766
221.769200142
219.430905656
217.108929483
214.808243697
212.539596642
210.319417697
208.148813186
206.043086996
204.001932495
202.034133635
200.149270888
198.350305840
196.635128097
195.018617233
193.496945623
192.075545202
190.752750787
189.531259060
188.408629275
187.388239339
186.466724611
185.641487440
184.911445607
184.278931963
183.730527795
183.270924467
182.893503719
182.594942540
182.369435177
182.213041682
182.117122906
182.080919279
182.099849638
182.165728952
182.269289615
182.413839897
182.588603979
182.788606070
183.005385969
183.240288449
183.482961425
183.730170069
183.979293317
184.226338752
184.465217800
184.692453755
184.912127115
185.112853930
185.298861805
185.467675196
185.615822920
185.745605891
185.858268139
185.951151263
186.025873140
186.084474236
186.130389096
186.165531152
186.188485801
186.205977630
186.217828888
186.228934766
186.244961942
239.605214816
241.546388065
243.395289692
245.144149404
246.787904731
248.310240270
249.710069194
250.972175777
252.091202472
253.061538053
253.870486718
254.518808584
254.999234368
255.306632333
255.439975394
255.385953997
255.158537774
254.748024160
254.158049591
253.391738512
252.450461312
251.341681235
250.068043062
248.638081837
247.058610725
245.338037822
243.484067153
241.515127919
239.435532133
237.258135982
234.998030336
232.662013205
230.267634703
227.825261291
225.351778154
222.851362118
220.342412452
217.838373402
215.345570506
212.880508866
210.447580217
208.057882438
205.726595372
203.455114294
201.257699373
199.133954548
197.091983256
195.140827932
193.282579718
191.515372611
189.852768041
188.290566299
186.833914833
185.480466130
184.232395570
183.086951450
182.046967824
181.108728158
180.269298281
179.527310684
178.884719220
178.327763750
177.861117255
177.477763390
177.174194637
176.944747101
176.785060315
176.686674373
176.648440891
176.665974729
176.731214926
176.834698107
176.979698454
177.155842405
177.357880440
177.577595977
177.816332920
178.064100170
178.317769885
178.574628094
178.830932218
179.081051511
179.321566998
179.556224080
179.774377306
179.980528900
180.171879794
180.345401272
180.503645878
180.647846597
180.775734829
180.888989198
180.989648194
181.081257399
181.165886015
181.242605072
181.317609270
181.391289388
181.468225572
181.554265794
242.999175990
244.901520328
246.694481751
248.370195016
249.923103699
251.337334067
252.611982529
253.731696323
254.691823724
255.487631763
256.106625963
256.550818976
256.813806811
256.891581571
256.784528305
256.480480138
255.994513285
255.318934325
254.458895882
253.418557780
252.201250130
250.816144160
249.267068752
247.564117678
245.715281352
243.730910268
241.619632353
239.400825906
237.079799946
234.670727591
232.189122257
229.642358858
227.048508515
224.418600589
221.769266738
219.105224403
216.444897603
213.801184825
211.180446401
208.598990373
206.060614138
203.576598247
201.160755616
198.814733465
196.551634185
194.370914854
192.280010865
190.287276180
188.393973420
186.598448406
184.912883778
183.332755987
181.862886321
180.500262306
179.246534473
178.098651919
177.058913843
176.123270447
175.288456846
174.552826921
173.917932044
173.369760428
172.912883309
172.539959498
172.247244959
172.029244069
171.881138326
171.794670555
171.768273063
171.797718396
171.875067577
171.990614794
172.147586217
172.335950965
172.550175437
172.782233695
173.033435672
173.294069052
173.561086902
173.831636363
174.102202248
174.367505359
174.624145336
174.875532969
175.111673914
175.337298699
175.549256266
175.744930462
175.927048801
176.096848670
176.252394526
176.395408492
176.527935708
176.653586805
176.774596696
176.890498339
177.006981739
177.125000862
177.248825239
177.384533513
246.302138538
248.138729696
249.849108313
251.425527770
252.862007921
254.143387590
255.269076727
256.223768951
257.003719179
257.605197088
258.016120069
258.239923046
258.271175605
258.107147370
257.749738240
257.188123244
256.438417991
255.495103594
254.364867476
253.052876268
251.564430704
249.910399060
248.095648462
246.131854668
244.028009706
241.796337769
239.446209425
236.997781109
234.457218516
231.839875587
229.161397557
226.429678949
223.663073235
220.873083341
218.075916037
215.276681900
212.493647492
209.739037015
207.019133241
204.349836841
201.734345002
199.183967565
196.711061542
194.317488963
192.015114116
189.803200243
187.688544164
185.678686549
183.774121274
181.973379463
180.287239617
178.710910009
177.248860405
175.897444444
174.657802906
173.526604268
172.505639209
171.590548742
170.777757559
170.065352366
169.454474974
168.930948232
168.499176193
168.151564264
167.884094508
167.691462628
167.568365514
167.506774070
167.504679076
167.557976849
167.658848744
167.797306834
167.976521519
168.186745637
168.422158831
168.674872211
168.946135293
169.226436472
169.512781570
169.802145784
170.091211717
170.374955442
170.649952752
170.919289823
171.173529776
171.417588373
171.647936037
171.862336881
172.063619901
172.253037522
172.428927974
172.593038446
172.747423797
172.895712760
173.040311093
173.181180048
173.323524909
173.468853306
173.621117240
173.786669509
249.425362242
251.169408923
252.771057655
254.222912194
255.518662047
256.644138003
257.599195637
258.368777211
258.950234880
259.340956520
259.529476342
259.520799857
259.310556414
258.897420153
258.284873462
257.463600733
256.450649904
255.242793273
253.848225990
252.273049301
250.524499838
248.615072534
246.550492501
244.343985174
242.005338538
239.548521668
236.983446373
234.330837391
231.597553512
228.799959917
225.953534419
223.066610108
220.157584499
217.238232327
214.324171752
211.420751307
208.545908681
205.711076783
202.922359783
200.195058234
197.531773007
194.943709004
192.441705783
190.027806864
187.712591329
185.495093844
183.381516408
181.378489076
179.485810294
177.702177961
176.036971103
174.485191623
173.050946354
171.729997836
170.523007378
169.426385853
168.441456078
167.563577013
166.788895159
166.115244118
165.543362961
165.058988663
164.666309988
164.357545594
164.128379259
163.973716556
163.887752866
163.862712821
163.896130026
163.983994622
164.118606420
164.289662854
164.500274209
164.740920441
165.005498244
165.286201838
165.584200456
165.890109732
166.200958929
166.513529952
166.824668522
167.129520186
167.424592891
167.712665108
167.984762552
168.245946427
168.492285453
168.721890873
168.937624488
169.140760812
169.329853390
169.506656371
169.673233453
169.833186579
169.989094744
170.141307392
170.294562379
170.450909704
170.613969093
170.790407458
252.295324847
253.921581973
255.390277381
256.694603113
257.828025823
258.777641975
259.543873793
260.112120635
260.480998709
260.649108950
260.605787517
260.357725199
259.901665869
259.237775845
258.371145284
257.294092060
256.024448332
254.561338232
252.914389420
251.090522201
249.098829541
246.953306476
244.660328479
242.234585047
239.686436192
237.031415446
234.279764803
231.452542085
228.557122944
225.610693896
222.628273077
219.618536715
216.599703575
213.583618275
210.585165934
207.609780843
204.674922529
201.791135883
198.964264491
196.208842604
193.526893240
190.929406948
188.425676537
186.017901389
183.715362508
181.516845314
179.428017218
177.454527911
175.595566069
173.849985477
172.225800476
170.717871159
169.329943643
168.057241235
166.899988963
165.854365815
164.921278685
164.095833135
163.373937902
162.753189173
162.233940824
161.801914323
161.461049544
161.203438519
161.024452007
160.919217703
160.881419870
160.903560155
160.982703128
161.114904884
161.292578824
161.505079361
161.755453399
162.034352531
162.335395262
162.650804180
162.981650946
163.318607523
163.658693865
163.998484784
164.334947464
164.663319141
164.979991583
165.287456636
165.577104417
165.854104355
166.114100253
166.355514795
166.581177614
166.792388423
166.987857720
167.169328364
167.338867627
167.500009080
167.655504586
167.806046912
167.955923294
168.107714548
168.264687784
168.433862577
254.837052423
256.322527949
257.636663811
258.773473259
259.726315722
260.483809025
261.047042605
261.402079666
261.548932518
261.487483074
261.208026182
260.719010610
260.018313630
259.107638227
257.993661105
256.670410509
255.156316716
253.452860181
251.570979994
249.518263646
247.305537505
244.948123953
242.452822162
239.835654146
237.107320730
234.284698701
231.378150264
228.408817924
225.384414126
222.322747417
219.238104299
216.139400519
213.044477997
209.965059077
206.915175664
203.900207139
200.937010625
198.035171378
195.200210880
192.445761839
189.773302098
187.193524883
184.714176467
182.337595175
180.071781559
177.915265031
175.873250671
173.950364354
172.145278180
170.456998423
168.892232665
167.445764481
166.120992338
164.912658016
163.820602814
162.840799855
161.973799751
161.214483621
160.558567737
160.003426810
159.549054812
159.181218189
158.903587534
158.708180659
158.590048034
158.544546435
158.564845756
158.643744733
158.777830512
158.963199256
159.192370274
159.454331699
159.752063432
160.076335690
160.420494620
160.776736439
161.146020522
161.519007270
161.892672639
162.263376492
162.628160652
162.982284529
163.321972362
163.649451400
163.956379194
164.247996535
164.519500436
164.769586777
165.000992205
165.215040316
165.410542086
165.589210680
165.753107169
165.905659482
166.049789739
166.186486028
166.319602348
166.452238698
166.587285790
166.732153958
256.980570565
258.305540176
259.447108705
260.400326015
261.158560672
261.712176243
262.063000214
262.197954670
262.118536662
261.825943956
261.311551174
260.585589770
259.647051293
258.499174359
257.150154843
255.595759630
253.854799588
251.931061922
249.836637578
247.579600363
245.172352732
242.631335307
239.963536496
237.186143825
234.309972121
231.352993049
228.325490555
225.248442437
222.129725203
218.987571527
215.835295073
212.681946818
209.544826347
206.435358801
203.366632168
200.343847004
197.383161928
194.493158910
191.678997039
188.953304607
186.317060873
183.780604177
181.350161755
179.028201935
176.821489615
174.728302031
172.753464762
170.900558535
169.167835561
167.554457004
166.065900318
164.696935359
163.450634050
162.321317050
161.308500457
160.407975580
159.620001095
158.939260377
158.361325749
157.883364593
157.505040853
157.212216628
157.008282410
156.885225868
156.837775420
156.861517245
156.949108727
157.093661705
157.291278347
157.538071068
157.826652417
158.145624932
158.497896225
158.874304239
159.267926274
159.670878204
160.083992151
160.497851697
160.909349835
161.314628431
161.710751184
162.092936310
162.457184755
162.805481488
163.129654154
163.434977935
163.716181465
163.972191858
164.205595089
164.417733709
164.607464358
164.776451629
164.926736433
165.061609579
165.184158632
165.295617344
165.399426914
165.499195890
165.597414214
165.701922297
258.682473543
259.831479839
260.786990347
261.545276524
262.099822467
262.442919695
262.577165674
262.490516002
262.185989498
261.666098320
260.923376485
259.969811872
258.805455345
257.435033768
255.868153810
254.102302064
252.156432081
250.036540141
247.755682036
245.322220937
242.749952366
240.056206895
237.247932374
234.343292440
231.353007645
228.295885711
225.181956215
222.031798013
218.853295000
215.664920446
212.478816097
209.304070513
206.157315466
203.049529499
199.992798519
196.992043085
194.062657424
191.212206326
188.445467069
185.773994304
183.198327691
180.728417017
178.369021724
176.122738353
173.995162726
171.984332295
170.094781942
168.329044816
166.685049203
165.162116479
163.764583256
162.487263611
161.332928125
160.295536084
159.374338984
158.564966308
157.867449807
157.276297957
156.786987483
156.396488732
156.104167531
155.896021107
155.775156524
155.733566121
155.765657281
155.867239088
156.030462079
156.248761748
156.517748226
156.833526898
157.188785275
157.571725559
157.985173809
158.419987258
158.868975280
159.324119867
159.786109980
160.245389065
160.698725945
161.142043130
161.572368750
161.984822359
162.375122065
162.745030790
163.086451339
163.404654818
163.693880739
163.953242036
164.185119775
164.390866832
164.569333811
164.722117743
164.851222203
164.959775539
165.051025409
165.126401452
165.188957253
165.242801608
165.290000296
165.338866214
259.919202971
260.881805608
261.642936975
262.200234488
262.547388883
262.678749832
262.597674427
262.293299509
261.770149377
261.032014219
260.072622909
258.905646794
257.532109119
255.958137354
254.194608108
252.240666088
250.115163367
247.826169328
245.387502272
242.807614416
240.101497829
237.287139283
234.371233338
231.372721954
228.302052032
225.178610546
222.012029590
218.822278656
215.617116829
212.415097020
209.227037381
206.061978200
202.935800343
199.858915118
196.842381932
193.890763608
191.018653520
188.232613741
185.537039036
182.942372249
180.448782022
178.065816726
175.796837750
173.644573423
171.613533960
169.701533772
167.912909824
166.249158749
164.707976844
163.288851977
161.995077267
160.821562154
159.770802101
158.836452575
158.017560878
157.309608335
156.712464212
156.220480199
155.829084277
155.535056114
155.337495470
155.222564398
155.193089023
155.241092572
155.360665057
155.547825505
155.794228010
156.093636344
156.441163332
156.832884060
157.261538082
157.714918161
158.195755369
158.694881303
159.204835089
159.717413308
160.233144326
160.742271021
161.241393147
161.726215026
162.193666600
162.638716854
163.056736896
163.449285606
163.808247182
164.138847499
164.434817563
164.695405095
164.922733931
165.118154902
165.280462713
165.411166995
165.512211741
165.586543863
165.637563596
165.666845556
165.677086847
165.672888565
165.655870973
165.634864162
260.694505086
261.465585290
262.029389001
262.385017105
262.526437685
262.450133407
262.160168152
261.646976802
260.916522564
259.973804982
258.813741482
257.451573453
255.889184821
254.133983474
252.197952071
250.081797526
247.804032656
245.374636704
242.807985148
240.112428095
237.303953546
234.400981453
231.409764035
228.349828826
225.231204695
222.073617157
218.886193550
215.688116695
212.486916282
209.301092910
206.140038430
203.012673279
199.934086687
196.914032116
193.962548506
191.083787438
188.291530858
185.591378477
182.987356230
180.488784629
178.095536231
175.816761478
173.654507121
171.611639009
169.691676666
167.892229823
166.217529835
164.668057636
163.241362355
161.937102869
160.757629774
159.697990493
158.760429833
157.938352597
157.230659522
156.632690638
156.144213755
155.759435816
155.473781422
155.283839817
155.188475497
155.174036404
155.243074145
155.387660607
155.601573823
155.881023628
156.217182754
156.604142022
157.036512796
157.510318639
158.018321344
158.547903650
159.101682376
159.670423251
160.246389940
160.821145572
161.395038272
161.958053701
162.506575295
163.036092220
163.543369893
164.023180261
164.470479983
164.886639211
165.263433189
165.605997791
165.907539042
166.167382985
166.387346406
166.568762590
166.710323179
166.813429886
166.879941331
166.912610622
166.914981636
166.888723122
166.836214225
166.762541204
166.668860878
166.564568080
261.052903896
261.632881199
262.001850003
262.160422860
262.102890629
261.827888697
261.340094060
260.631325071
259.708872387
258.578851689
257.237325931
255.700962595
253.972381153
252.060126630
249.977117133
247.725500322
245.323235138
242.782033701
240.116635880
237.335119700
234.454279126
231.492768810
228.456243858
225.364642713
222.227474752
219.064590076
215.884547412
212.705604005
209.534988465
206.391051112
203.281704555
200.215696100
197.207322433
194.265620036
191.399641447
188.613096548
185.918968025
183.321956864
180.825744141
178.438541834
176.160003822
173.998898091
171.956049444
170.034466285
168.236779679
166.560410084
165.009573011
163.583759858
162.280447575
161.099466764
160.042325775
159.104243234
158.287233465
157.584497744
156.994843051
156.513467077
156.140092579
155.868787127
155.695014452
155.615167302
155.627903540
155.719769873
155.893052643
156.139882333
156.453731643
156.830976111
157.262327320
157.742195892
158.264689779
158.825760591
159.418156748
160.028859290
160.660345970
161.303281277
161.949645154
162.590723564
163.226662134
163.847136897
164.448265391
165.025325914
165.574849208
166.091369508
166.569357823
167.010007415
167.404898230
167.759025884
168.065058953
168.322338326
168.532325863
168.696318175
168.812859092
168.883220829
168.909145720
168.893187673
168.839022952
168.748362737
168.623315151
168.469443176
168.287427196
168.087275058
261.055170837
261.449702268
261.631388295
261.602352223
261.357230345
260.896779457
260.226163616
259.338641308
258.242683904
256.945414209
255.443966555
253.756273765
251.885559622
249.841351916
247.637335375
245.276962381
242.777454405
240.152076928
237.415761121
234.576172371
231.650736224
228.658175929
225.603430070
222.506698540
219.376910249
216.233858628
213.085508939
209.949093014
206.831496407
203.750854257
200.713591277
197.728243785
194.808349162
191.962194945
189.197903217
186.518731069
183.936891276
181.456267167
179.080224618
176.815899839
174.662804291
172.629346984
170.715227135
168.923598596
167.256308734
165.710599327
164.290755146
162.995306232
161.821721749
160.769999602
159.840903113
159.029846264
158.338626886
157.760283949
157.293578209
156.933555788
156.679945816
156.526675620
156.469287727
156.503966590
156.629189154
156.831707270
157.113553857
157.466920366
157.884983252
158.364252737
158.895006392
159.471959856
160.088720476
160.741149420
161.421939041
162.117689538
162.830708303
163.551529604
164.271839265
164.982608235
165.683755810
166.364601379
167.020945974
167.647863514
168.241577740
168.796351231
169.306096334
169.771838828
170.184881706
170.550026464
170.859397513
171.112280837
171.309738299
171.453008448
171.540446197
171.573172068
171.552777866
171.481620085
171.363494205
171.200102345
170.993338377
170.749231652
170.467978833
170.160249920
260.804628118
261.023959961
261.030198148
260.826933647
260.409149113
259.779648302
258.943932544
257.896732826
256.647530901
255.204342173
253.565276794
251.749367565
249.760317422
247.608481220
245.308158712
242.863964076
240.292241660
237.607638786
234.825135402
231.951879954
229.005778853
226.005499898
222.955182795
219.875172600
216.773797689
213.670650821
210.573118882
207.497346833
204.449864321
201.448560434
198.498401291
195.607691897
192.789271404
190.050671336
187.399156786
184.837537216
182.377297592
180.021598596
177.773522710
175.639177253
173.618003945
171.718080365
169.938077178
168.281291879
166.748892474
165.337945967
164.052884681
162.891305729
161.850722966
160.931291141
160.133120815
159.451836240
158.889025910
158.437602032
158.096320481
157.860059199
157.728600021
157.695723128
157.757087959
157.908653307
158.148738578
158.464302820
158.857139754
159.319498564
159.844271758
160.428069147
161.060769561
161.737373141
162.450995602
163.197392259
163.969151881
164.752528940
165.549623978
166.350820132
167.147497747
167.930283806
168.698845481
169.442107124
170.155502005
170.833909319
171.473172519
172.067256189
172.609440347
173.100590286
173.531656751
173.907187796
174.218764595
174.465540919
174.648136142
174.767706988
174.822379589
174.813100326
174.741270890
174.609057834
174.420359155
174.176814278
173.880168233
173.536901060
173.146723437
172.721013028
260.424619631
260.483116824
260.329491406
259.968722203
259.396120663
258.616430522
257.635325066
256.449021150
255.067828659
253.500543392
251.746141937
249.824599273
247.739984077
245.503330959
243.129426825
240.623906945
238.002144295
235.280013661
232.472434825
229.585972633
226.638891051
223.649721036
220.621755509
217.575404428
214.518410405
211.470059785
208.437209929
205.434891513
202.469290896
199.558050632
196.704737876
193.917420278
191.208321332
188.584230348
186.051639138
183.612929061
181.278906580
179.052114474
176.935381516
174.933844262
173.046941228
171.282447042
169.638098862
168.117330589
166.720732584
165.445193122
164.295363285
163.267934116
162.360505439
161.573372078
160.906078078
160.354465030
159.919912119
159.595234857
159.379219663
159.266553742
159.257112690
159.344517437
159.524581530
159.793016042
160.148004118
160.576711231
161.080708871
161.652295887
162.284097547
162.972784790
163.707882430
164.484648396
165.295724679
166.136750135
167.000156360
167.871905427
168.753849626
169.636209775
170.510050435
171.365636019
172.202356691
173.008712954
173.779722132
174.510082484
175.195185625
175.828682025
176.403147985
176.919295057
177.367655196
177.752460894
178.064761115
178.303495170
178.468802041
178.561731531
178.580146069
178.524795160
178.396847432
178.198293761
177.933114325
177.602831891
177.209116491
176.758876737
176.251341041
175.698633717
260.048459547
259.963080574
259.667379833
259.167620260
258.459412640
257.549313172
256.442998617
255.138173385
253.645792857
251.975332006
250.126519215
248.120129916
245.960503791
243.659221927
241.231459675
238.683739364
236.030414774
233.288454008
230.472640961
227.588926812
224.655834264
221.691717936
218.699004394
215.698121804
212.696268471
209.712352551
206.752778267
203.831460306
200.954273978
198.138638510
195.386803012
192.706603042
190.109741279
187.602293237
185.190066792
182.875043090
180.667402167
178.569178208
176.582971836
174.713012640
172.958794902
171.327817187
169.816973708
168.429821546
167.166470861
166.023619113
165.006200382
164.110023930
163.332807068
162.674962192
162.135546803
161.710620965
161.401347966
161.200473885
161.106845482
161.114932609
161.224741984
161.429720190
161.725872320
162.108637450
162.576082892
163.115579575
163.728497728
164.407174617
165.143991669
165.935641535
166.771350621
167.646603365
168.553596834
169.487849151
170.441577870
171.400525254
172.366250970
173.328813714
174.278954033
175.206567891
176.110745504
176.979546949
177.807528727
178.589227124
179.319513569
179.991719516
180.597650686
181.137870673
181.602435619
181.995198253
182.306696569
182.535568450
182.681438378
182.745223319
182.724489092
182.619765690
182.431940939
182.162848474
181.816524721
181.394319786
180.897907966
180.334593830
179.703131908
179.016420958
259.834252288
259.624505918
259.206637691
258.588072065
257.764678219
256.744683329
255.533601195
254.130615992
252.547151741
250.793277234
248.869354350
246.796842156
244.580275844
242.231667813
239.766516284
237.192106368
234.521770372
231.773460490
228.961782771
226.092078574
223.183057981
220.252900598
217.303171584
214.354305557
211.413020347
208.497808829
205.614721073
202.776577407
199.988991254
197.269205590
194.618246797
192.043735506
189.556956754
187.163315093
184.868024844
182.672703689
180.586958038
178.612425985
176.751500909
175.007573732
173.380245563
171.876764078
170.493266194
169.233413711
168.096929069
167.080300296
166.188801323
165.417381965
164.763899570
164.228856859
163.810898463
163.506299531
163.315995208
163.232686332
163.255304871
163.378074416
163.601166336
163.917835378
164.324316533
164.815751199
165.390110501
166.034970816
166.751525919
167.532137876
168.368975455
169.258712814
170.190344963
171.159546983
172.158112847
173.181443079
174.221481430
175.263843563
176.309751254
177.349113265
178.372342508
179.368975070
180.337782997
181.266383548
182.148833943
182.979535275
183.752777098
184.461580759
185.096922564
185.659226746
186.138029223
186.536739850
186.845420434
187.062318947
187.186518424
187.218777849
187.156338485
186.999489351
186.748787466
186.405931536
185.974983192
185.457062715
184.853931957
184.173246683
183.413300019
182.587777109
259.930665964
259.616766016
259.096957925
258.379699510
257.461075236
256.350840752
255.054192315
253.571785757
251.915352401
250.095489069
248.113078898
245.990174941
243.731455252
241.349268586
238.859403162
236.269794411
233.592789688
230.847240355
228.047560725
225.198515296
222.318949502
219.426903530
216.523102023
213.628002339
210.747917492
207.900913801
205.092800879
202.335338415
199.633937520
197.005726261
194.450608682
191.976015088
189.592915406
187.306093630
185.120256049
183.036698410
181.064501553
179.205019417
177.460450744
175.833417582
174.323670156
172.938225424
171.672543232
170.530366293
169.511115746
168.611045325
167.835819916
167.179549241
166.640246784
166.218474762
165.912533047
165.718905906
165.638283972
165.663347147
165.793132764
166.021590528
166.349087287
166.768668660
167.276840208
167.868421165
168.541307099
169.283283062
170.095396331
170.970019617
171.899149316
172.879403301
173.899623544
174.955636846
176.038890532
177.144679160
178.264611922
179.384291813
180.504558183
181.615194807
182.706288174
183.767038628
184.795887217
185.780020980
186.712967346
187.589025353
188.401849005
189.144172560
189.806093298
190.387906981
190.878596718
191.281069181
191.584955520
191.788025921
191.888800144
191.887854692
191.782080552
191.571505043
191.256300605
190.838053927
190.320813386
189.705410217
188.993775393
188.193856355
187.303498397
186.337165459
260.492937159
260.095437870
259.493900327
258.697685466
257.703049486
256.521136657
255.156685818
253.611816134
251.898421933
250.027583467
248.000596728
245.840048660
243.550726969
241.145241383
238.639666799
236.042487889
233.365136445
230.627301316
227.843214199
225.017119741
222.167963526
219.313711366
216.454278556
213.610187076
210.787426996
208.003649531
205.264547502
202.580861671
199.957867806
197.412652922
194.944098906
192.559477797
190.269542770
188.078514132
185.990669428
184.007027653
182.136187278
180.379327625
178.738459717
177.215505621
175.810399273
174.529943422
173.368995411
172.331351428
171.416212031
170.619567736
169.947519753
169.393355533
168.955256320
168.633810711
168.427036384
168.331620830
168.347990686
168.468830283
168.693298937
169.015047632
169.434667592
169.944979538
170.542803105
171.222613931
171.982253771
172.809724515
173.705961892
174.663335945
175.673721406
176.733645535
177.831886977
178.964383920
180.122308814
181.300872237
182.491289328
183.679284796
184.865274944
186.038957482
187.190101339
188.307612186
189.389597055
190.422842223
191.400325450
192.316286951
193.163703838
193.935062216
194.619545539
195.217337156
195.716849862
196.120434377
196.417349162
196.604804144
196.680741966
196.645534592
196.495701360
196.230989180
195.851130345
195.357621492
194.754452048
194.042103426
193.222751734
192.304559282
191.284937013
190.179094057
261.653791171
261.192904580
260.529220349
259.672876937
258.620260335
257.383771368
255.967569010
254.375230340
252.618686668
250.709476720
248.649206345
246.460962893
244.149628004
241.728013183
239.212502527
236.612036620
233.937226614
231.208556383
228.440100202
225.635657389
222.814248560
219.993852534
217.173610699
214.374169952
211.601278124
208.872199841
206.192638778
203.572359547
201.016573196
198.542405921
196.147812432
193.839944528
191.629427307
189.519978534
187.515516261
185.616831506
183.832076344
182.162361163
180.609509603
179.174811749
177.858413013
176.666913099
175.594637736
174.645406344
173.818274019
173.108937482
172.523974945
172.055868711
171.702977207
171.465882097
171.342377115
171.329348446
171.426938904
171.627865817
171.931423288
172.330945784
172.827276160
173.412998385
174.085292964
174.838275945
175.669759200
176.567976094
177.533791428
178.559561155
179.637100205
180.762817098
181.925525987
183.121236807
184.340934523
185.579778220
186.828532909
188.073197789
189.313731528
190.539797768
191.740865656
192.905602467
194.031790235
195.105859333
196.120230830
197.069138516
197.944853229
198.739668714
199.441835294
200.051444461
200.556335817
200.958259921
201.246170369
201.416642047
201.467032647
201.397489870
201.204141428
200.886436770
200.443609453
199.877083296
199.190733470
198.384628862
197.461254317
196.428891223
195.284525313
194.044048459
263.539041926
263.034198987
262.326943135
261.428070996
260.334060643
259.058444225
257.604697126
255.977850477
254.189763992
252.252426924
250.167656198
247.959029435
245.631520408
243.198095759
240.675492812
238.073020100
235.400581929
232.679430067
229.923517205
227.136285714
224.336810571
221.543189092
218.753823767
215.989561656
213.255984029
210.570010041
207.937483531
205.367232567
202.864476054
200.446464245
198.110311090
195.863091650
193.715380800
191.670457966
189.731940253
187.900443331
186.183701364
184.582857323
183.099543110
181.734482973
180.488056400
179.366666684
178.364175808
177.484395311
176.726304939
176.085277228
175.568404825
175.167381769
174.880752884
174.709060850
174.649929993
174.700443843
174.860442420
175.122708768
175.486681292
175.945368747
176.499891670
177.142590018
177.871055141
178.679034260
179.564335084
180.515444546
181.533201100
182.609938138
183.737483008
184.912104043
186.122757170
187.365485661
188.631188268
189.915015096
191.207230747
192.494274928
193.775623166
195.040968050
196.279505883
197.479737127
198.639139684
199.743849127
200.785735237
201.759087492
202.655456803
203.467014835
204.181077923
204.797672796
205.304077444
205.701411133
205.978398105
206.130916262
206.155737677
206.052769256
205.817730364
205.449757683
204.947527757
204.312402218
203.548078312
202.654149133
201.633455364
200.494283959
199.233199260
197.866682117
266.243369857
265.712879530
264.979373153
264.054192836
262.933875749
261.632967598
260.154174061
258.503977378
256.694071148
254.736900043
252.634395031
250.410631216
248.070681510
245.627628220
243.098619543
240.493244924
237.820826268
235.103365437
232.354731248
229.578106174
226.792595720
224.016531344
221.247607637
218.506954432
215.800051846
213.143522168
210.543475263
208.007834932
205.541899840
203.163129257
200.867871467
198.663173839
196.559624033
194.560130216
192.668054796
190.883894302
189.214986715
187.662603577
186.228178119
184.911932778
183.714500116
182.642089574
181.688166529
180.856503996
180.146072232
179.551892918
179.081607345
178.726140437
178.484234929
178.356365877
178.340039687
178.432541568
178.633392457
178.935480664
179.338395111
179.834822033
180.426184435
181.104578517
181.868059413
182.710005649
183.628249197
184.611561016
185.660802385
186.768279972
187.925916597
189.129827864
190.369222291
191.640143086
192.933516410
194.244535901
195.562924236
196.875737726
198.181954245
199.471369079
200.732942210
201.955091936
203.135028128
204.258664981
205.317341828
206.305474476
207.213895495
208.034738602
208.754404467
209.372888143
209.876929938
210.267001509
210.531676713
210.666089578
210.666430919
210.532352299
210.259147960
209.845628600
209.289852937
208.593120872
207.758877588
206.786175515
205.678235149
204.443216308
203.077256142
201.597297620
269.839503580
269.300163871
268.556156453
267.619262283
266.486051603
265.171968744
263.678882453
262.014721101
260.190928922
258.220421302
256.105144599
253.869690981
251.519244958
249.066968281
246.530486505
243.919579684
241.243118299
238.523840409
235.775566237
233.001320353
230.220207797
227.450915348
224.690454792
221.960324407
219.265956202
216.623728376
214.040137153
211.522225458
209.075442201
206.717537540
204.444158496
202.262379294
200.182846931
198.208168467
196.341486060
194.583237874
192.940381080
191.414406411
190.006540049
188.716565863
187.545386293
186.499015351
185.570590498
184.763817801
184.077719911
183.506947187
183.059721504
182.726220416
182.505400219
182.397644495
182.400391012
182.511136566
182.729072062
183.047237279
183.465373746
183.975862745
184.580452564
185.271003404
186.046089369
186.898729547
187.826810821
188.819425900
189.877510965
190.993344814
192.159037666
193.370548207
194.617449359
195.895754695
197.196540561
198.515103661
199.840592682
201.160859595
202.474381711
203.771136684
205.039893978
206.269082168
207.455693542
208.585503930
209.649355662
210.641868578
211.553173167
212.375459563
213.094249864
213.709545618
214.207584525
214.588189897
214.839864364
214.956968975
214.935122408
214.773708857
214.467581274
214.015213155
213.413984665
212.665123498
211.771740574
210.732282629
209.550349874
208.233826004
206.778405947
205.201336853
274.372053068
273.839485191
273.099562909
272.164403044
271.030588870
269.714347490
268.216660672
266.546890867
264.716157778
262.737866485
260.613876363
258.369320521
256.009508891
253.547643327
251.001895300
248.382137973
245.696921213
242.969703987
240.214283788
237.433631848
234.646807468
231.872975629
229.108481810
226.375277002
223.678782370
221.035186795
218.451484869
215.933851526
213.487954257
211.131911160
208.860721046
206.681545797
204.605120978
202.633826787
200.770607859
199.015910654
197.376322246
195.853637185
194.448868193
193.161423254
191.992492070
190.947888003
190.020493250
189.213922402
188.527309575
187.954922028
187.505592794
187.168778419
186.943669846
186.830542242
186.826811940
186.930204743
187.139576759
187.448173357
187.855886943
188.354826973
188.947088520
189.624311493
190.385645277
191.223769764
192.136658692
193.113772290
194.156174541
195.256120081
196.406004834
197.601636454
198.833060858
200.096239555
201.382526785
202.687388235
203.999378068
205.307320614
206.609202626
207.895268057
209.154149872
210.374385387
211.552813778
212.675161804
213.731821549
214.717700448
215.622257370
216.437840624
217.149149962
217.756235576
218.244876705
218.614265019
218.852907013
218.954382052
218.913749141
218.730115012
218.397874978
217.915156534
217.278601244
216.489341678
215.550064751
214.458548065
213.218743360
211.838096559
210.311834362
208.657321784
279.849207191
279.337320790
278.614465426
277.692990578
276.569482546
275.260827584
273.767089913
272.099042463
270.267409317
268.286104182
266.156789694
263.905161870
261.536665917
259.064497462
256.507437099
253.875341278
251.176566103
248.435266710
245.665228433
242.869473265
240.066949447
237.277417256
234.496564406
231.746869798
229.033763821
226.373298187
223.773066147
221.238376625
218.775179588
216.402029337
214.113319439
211.916366054
209.822003321
207.832463297
205.950504315
204.176653911
202.517137117
200.974129974
199.548429434
198.239130783
197.047730296
195.979832617
195.028143935
194.196168362
193.483208431
192.883148992
192.405462546
192.038918823
191.782971153
191.637777923
191.600781113
191.669960666
191.843841967
192.115939310
192.486289610
192.946782769
193.499879425
194.137025163
194.858001311
195.655180199
196.526656889
197.462311964
198.463390388
199.522131246
200.631319791
201.786628496
202.978679220
204.203366512
205.452452565
206.721640914
207.998884268
209.274147592
210.544950087
211.801885734
213.033512632
214.228576308
215.383839786
216.485071424
217.522271444
218.490720023
219.379247044
220.180462579
220.878316601
221.472952156
221.949738664
222.307267990
222.534116943
222.623093978
222.568711217
222.369788069
222.020243676
221.517851605
220.858454616
220.043053943
219.073815797
217.947785814
216.669210520
215.244926564
213.669654698
211.960666614
286.236161102
285.757288285
285.063090980
284.166045573
283.062739173
281.770580479
280.288705393
278.629254774
276.802486630
274.822836849
272.691651625
270.435200841
268.059068317
265.576383347
263.006587117
260.359393965
257.643083758
254.882467174
252.091307541
249.272778168
246.445626344
243.630313913
240.821870967
238.043365416
235.300237815
232.608450159
229.976279459
227.408160481
224.910385083
222.501999302
220.176826930
217.942410208
215.809672693
213.780782199
211.858311668
210.042949824
208.340567002
206.753790876
205.283207217
203.927663762
202.688986949
201.572561801
200.571007325
199.687705335
198.922182534
198.267957235
197.735167507
197.311940292
196.998026812
196.793470815
196.695786467
196.703241422
196.814045182
197.022052779
197.327435157
197.721933786
198.208391251
198.778094203
199.431511613
200.160751447
200.964065662
201.831813867
202.765472975
203.757280198
204.800514937
205.890740503
207.019247156
208.181856248
209.370864802
210.582282767
211.803468877
213.025681389
214.246007142
215.455470452
216.642621467
217.796509308
218.913908399
219.980716756
220.986609593
221.927324912
222.791116048
223.570956504
224.250133447
224.828927220
225.292348455
225.638436541
225.855893912
225.936788259
225.875099725
225.669350393
225.312963532
224.803354300
224.135508378
223.310248703
222.329120752
221.188379569
219.892484193
218.447485983
216.847553900
215.109637260
293.479091907
293.043811499
292.388366961
291.525250347
290.451058960
289.183570886
287.721003850
286.076800303
284.260682452
282.287611399
280.158485857
277.900144694
275.518301842
273.025945571
270.443208888
267.779521063
265.043189292
262.259618178
259.442513474
256.595293762
253.736386869
250.887046042
248.041634904
245.223851299
242.439126213
239.703372268
237.025615448
234.409399671
231.861409777
229.401224593
227.022126251
224.731960010
222.541708783
220.453565373
218.469909028
216.591675747
214.824390768
213.171194139
211.632473796
210.206897904
208.896651514
207.706888159
206.630238182
205.669958412
204.825853937
204.091110407
203.476554182
202.969725453
202.570716002
202.279469309
202.093617878
202.011759148
202.031812727
202.148055200
202.360775038
202.661656661
203.053937666
203.528790309
204.087424334
204.721737191
205.430174524
206.203636796
207.043881045
207.943160537
208.895351740
209.895944065
210.936975577
212.014196753
213.120558646
214.252444001
215.396638812
216.545827233
217.696709222
218.840813429
219.966751649
221.063965932
222.129336171
223.148971862
224.112297780
225.015590955
225.846589374
226.598724496
227.254721108
227.815039275
228.264383323
228.600301504
228.811663987
228.889848047
228.828317672
228.625288709
228.273669623
227.770516756
227.109905194
226.292424747
225.318901897
224.184747997
222.894531544
221.453344949
219.854754372
218.115147692
301.457571890
301.074630245
300.466536378
299.645678133
298.608685401
297.373528212
295.937542009
294.315372894
292.516135728
290.555305704
288.433191614
286.177171983
283.793069185
281.293635783
278.699702763
276.020250859
273.263701458
270.455963312
267.610619467
264.731418563
261.836318788
258.947430895
256.058436533
253.193677499
250.358533811
247.568898628
244.834587730
242.158230653
239.546946718
237.020868421
234.572760562
232.210850528
229.946129521
227.780909665
225.717359824
223.756754332
221.904288190
220.163662341
218.535091663
217.017135915
215.612373801
214.325713440
213.149908344
212.088096428
211.140415599
210.299772087
209.577699048
208.961220842
208.450819677
208.046366464
207.745658895
207.547673682
207.450079798
207.447664265
207.540811946
207.721260937
207.992653859
208.346102022
208.783605411
209.296915143
209.884708242
210.538490245
211.260341252
212.042553154
212.879697616
213.767234615
214.698012976
215.667723850
216.670080447
217.701897781
218.749425973
219.806881851
220.870633028
221.932776777
222.982057116
224.008387785
225.008851958
225.969842624
226.880612857
227.738053383
228.529453725
229.248787067
229.878325979
230.418748800
230.854504915
231.182724008
231.392472090
231.474503313
231.421783467
231.232213824
230.898169675
230.416354203
229.779884010
228.989056375
228.043884718
226.938892856
225.678638579
224.267089976
222.697157533
220.984425507
310.038183057
309.713889837
309.159689553
308.387738607
307.394735989
306.198644192
304.795979593
303.202458812
301.426519376
299.484121913
297.374833342
295.126515204
292.745060630
290.242873629
287.641457044
284.949161814
282.174589302
279.344030829
276.470850662
273.559198419
270.626381087
267.695403974
264.759244449
261.842869467
258.951544800
256.101161846
253.302336131
250.556755743
247.872002548
245.268758940
242.739294913
240.292298362
237.938696211
235.681017366
233.521196551
231.460939781
229.505133272
227.658072948
225.919837437
224.288953146
222.768432547
221.362924514
220.065428955
218.878982299
217.804107908
216.833507230
215.979432400
215.228480338
214.581579067
214.038569104
213.597460156
213.257665269
213.016656366
212.869826456
212.817630384
212.851990894
212.976961429
213.183655219
213.474906645
213.842394595
214.285066351
214.795097009
215.374927430
216.016915644
216.716418550
217.468920465
218.268126596
219.109689196
219.988177947
220.900891155
221.833595289
222.782118553
223.742557669
224.707631783
225.666287135
226.608975167
227.533080462
228.425339739
229.274916485
230.079379296
230.825641564
231.508286370
232.109253199
232.629470728
233.053182464
233.377181750
233.590743372
233.684081291
233.649683735
233.485128384
233.182242652
232.737387912
232.142682407
231.398070054
230.502665786
229.450071889
228.244703879
226.889254116
225.375925815
223.719262659
319.035492300
318.773865943
318.278251599
317.560436564
316.617241087
315.466395282
314.103688598
312.545735773
310.800227950
308.883561502
306.794402714
304.561006062
302.189280338
299.691148820
297.088722597
294.389524800
291.602378000
288.753798979
285.856804923
282.915998626
279.947824734
276.976183472
273.993321038
271.024772094
268.075603761
265.161707263
262.294472988
259.474619389
256.710201545
254.022420816
251.403074296
248.861384123
246.408119829
244.046125469
241.777072314
239.603189507
237.529086465
235.559669967
233.694932022
231.933443718
230.278697495
228.735069019
227.295939002
225.964270866
224.741024062
223.618792607
222.610550786
221.702575891
220.896300412
220.191591857
219.586719077
219.081593966
218.673559209
218.358714314
218.137553428
218.002331028
217.957515111
217.994289255
218.116360793
218.315418105
218.590718329
218.935167478
219.351598508
219.832467108
220.373993593
220.971748565
221.620318124
222.315345501
223.052332454
223.829100691
224.630998787
225.455513335
226.298535460
227.153446318
228.009460497
228.857618621
229.695699998
230.510831838
231.292169369
232.038011419
232.734970553
233.378289654
233.949698918
234.450403175
234.864485923
235.188494118
235.411910573
235.524505353
235.518313574
235.390583451
235.132584660
234.740357351
234.204993331
233.526025730
232.701600509
231.724378490
230.598498490
229.325247063
227.896076211
226.324266320
328.248747736
328.050647714
327.615591439
326.954853186
326.065443669
324.964616235
323.647556432
322.131566209
320.423528819
318.540205551
316.479203653
314.269048676
311.915593951
309.430136049
306.835291287
304.137548581
301.345966965
298.487097847
295.573453984
292.610122256
289.612450286
286.605193526
283.579837659
280.562386410
277.557605460
274.581369462
271.645779405
268.750559533
265.904228100
263.128442875
260.414551697
257.772375785
255.212413716
252.737920431
250.350270698
248.052300831
245.848386792
243.744040351
241.739227913
239.832645647
238.028315060
236.330325107
234.732579705
233.238007988
231.848053007
230.555319157
229.373494610
228.288665049
227.302825396
226.415943523
225.626592009
224.935248468
224.339207770
223.835377801
223.424257520
223.098594513
222.863270938
222.709615166
222.642237823
222.652923867
222.741281225
222.901002456
223.135336699
223.436873588
223.802759137
224.228719992
224.710226967
225.242952510
225.823385777
226.449898315
227.107501679
227.795354317
228.509208774
229.243135565
229.986678267
230.731502841
231.475869305
232.207328557
232.915107411
233.598272812
234.243214795
234.845865429
235.387874427
235.870739181
236.278428151
236.607335822
236.847141565
236.987277827
237.019357657
236.940296517
236.740803770
236.416628668
235.957822220
235.363457339
234.630657908
233.751139348
232.728631476
231.562911187
230.244646257
228.785652192
337.447064611
337.310401702
336.935379591
336.332609310
335.499374980
334.452193646
333.185797355
331.717926585
330.054603153
328.212860535
326.189093265
324.011942694
321.687118858
319.225135593
316.648969853
313.963866042
311.179106685
308.321053615
305.401532713
302.426119389
299.408812334
296.375138393
293.315792279
290.257104172
287.203419467
284.170560734
281.171232834
278.204147493
275.278252318
272.415565187
269.607011794
266.863061982
264.193813874
261.603021702
259.091728166
256.663448887
254.322382181
252.074615166
249.920160136
247.857918778
245.892491838
244.027670859
242.258029140
240.586510392
239.015084055
237.536502438
236.165145669
234.887056494
233.704847230
232.618673064
231.627453977
230.732301527
229.930557289
229.220037683
228.601210435
228.067486254
227.624159737
227.262780724
226.988884928
226.794444767
226.679460298
226.638458014
226.675121030
226.782211620
226.957846034
227.197983753
227.498962641
227.856528935
228.268193748
228.732890092
229.235384922
229.776489541
230.351883554
230.956340923
231.579787270
232.214535106
232.859399207
233.502374113
234.132834734
234.750637818
235.342031627
235.903644959
236.417177745
236.884427609
237.289291619
237.628109259
237.890734743
238.066378257
238.146269443
238.126992164
237.998703010
237.756902194
237.390602151
236.898377929
236.276301526
235.515157236
234.618143075
233.583455240
232.400959614
231.080834467
346.393539132
346.312742194
345.994128864
345.447496263
344.670498653
343.678651911
342.466411088
341.051677135
339.439572167
337.647290360
335.669876499
333.535904301
331.250843842
328.824268878
326.279335858
323.619843291
320.855259555
318.011507237
315.099527793
312.125361680
309.101404591
306.053826361
302.972504591
299.883911685
296.791844886
293.712019348
290.657595291
287.626265224
284.627346430
281.683086979
278.784022682
275.941301844
273.164478032
270.457882135
267.822189949
265.261647533
262.780345308
260.384888417
258.075413550
255.851106375
253.717193782
251.677161333
249.726395501
247.867911986
246.104241779
244.428437238
242.855532100
241.371693028
239.980196625
238.681484652
237.474863037
236.362144765
235.340822344
234.409714610
233.569220070
232.813587288
232.148518408
231.565861092
231.072088158
230.659449849
230.328380280
230.074275904
229.901263442
229.802319958
229.776555581
229.820244354
229.930551982
230.103350124
230.337182781
230.631540167
230.971049768
231.358122453
231.788427889
232.257445434
232.755526717
233.275637772
233.817207999
234.368683716
234.919658946
235.470786137
236.008254714
236.529375309
237.016029550
237.470314047
237.876098199
238.229764221
238.521313647
238.739855056
238.876282358
238.926854210
238.881193553
238.734605120
238.475084545
238.100684581
237.606421742
236.982183255
236.230526622
235.348032687
234.323766451
233.166130603
354.832613083
354.798837174
354.530085326
354.035189851
353.312278906
352.375605059
351.219539133
349.861840891
348.306709710
346.571369883
344.649402415
342.569105394
340.335601973
337.957375081
335.457543842
332.838277698
330.109168138
327.295428737
324.406913370
321.450072423
318.435454616
315.389699545
312.301848636
309.198293719
306.082153510
302.968959589
299.872141332
296.788378928
293.727273924
290.711142261
287.730169090
284.796186297
281.918051458
279.100732795
276.344507600
273.654379280
271.034411444
268.491644675
266.026420692
263.638283855
261.333127463
259.114127700
256.977619488
254.926753797
252.964649460
251.084822487
249.302902761
247.605364877
245.996183914
244.476197417
243.045130405
241.705559911
240.455241690
239.294079895
238.222366939
237.235360506
236.339164318
235.525997502
234.803270273
234.163598444
233.607891432
233.132438015
232.741811717
232.429247173
232.194849837
232.035293550
231.948512719
231.930560135
231.981000693
232.099861949
232.271746296
232.500579590
232.782078111
233.112418269
233.482411149
233.885669722
234.322280086
234.781138848
235.252123665
235.736670024
236.220993876
236.703050021
237.165031217
237.609322112
238.019808906
238.393011141
238.719045724
238.987041620
239.187614122
239.316708034
239.363443482
239.322993582
239.182378408
238.939119398
238.587200538
238.115666739
237.526343740
236.814200912
235.967524009
234.992841657
362.548959889
362.550425479
362.322257375
361.872179039
361.198896137
360.315151730
359.215431954
357.917044758
356.423261980
354.751195548
352.892880372
350.876115733
348.705570331
346.388502082
343.947752079
341.383707915
338.706002797
335.938866054
333.090869475
330.168789140
327.181109657
324.154731644
321.077852828
317.976532640
314.853089188
311.722777408
308.599079713
305.477689320
302.368383334
299.293357737
296.242494833
293.228288853
290.258748158
287.339521193
284.470461523
281.657326620
278.904246408
276.218589102
273.600981247
271.051394064
268.576416915
266.178919384
263.856303780
261.611924331
259.449502450
257.363185508
255.369123028
253.454292849
251.623386678
249.877752059
248.217558743
246.646203301
245.161819495
243.765462945
242.457287047
241.233718706
240.101255940
239.052556001
238.095955050
237.224514888
236.439660373
235.738578689
235.126286024
234.596317898
234.149752415
233.783749978
233.496936330
233.285603169
233.150302758
233.091564026
233.094086390
233.163197000
233.294708334
233.485476559
233.726794322
234.012903854
234.344571754
234.711135672
235.102812995
235.521795009
235.954410140
236.399199808
236.838793790
237.275845185
237.694303625
238.090916159
238.455882242
238.778472289
239.049088806
239.263381573
239.410010196
239.484090278
239.471728450
239.369921066
239.171671811
238.865256768
238.451700141
237.924404538
237.270918303
236.495841125
369.336532202
369.358833231
369.159443561
368.744843566
368.114413934
367.279170884
366.233909407
364.995179954
363.565340714
361.961241125
360.173327546
358.228670617
356.131381599
353.887384824
351.518987708
349.024683504
346.414054524
343.710074616
340.919861669
338.050405868
335.107953911
332.119428687
329.072192639
325.991703221
322.879371901
319.750069846
316.617097791
313.475205976
310.334220771
307.216009975
304.110211103
301.029930887
297.982182152
294.973314480
292.002741685
289.076939548
286.200205339
283.380106302
280.617626683
277.913223531
275.274196546
272.703119690
270.198558309
267.764137049
265.404182135
263.113636470
260.909072635
258.778171870
256.726340767
254.755550909
252.866431988
251.063243911
249.344611256
247.712785344
246.167751136
244.707245983
243.338153379
242.053624431
240.862896007
239.759545409
238.745549419
237.818980920
236.985287684
236.238346590
235.580161730
235.008464109
234.522477188
234.118789275
233.798884187
233.563742311
233.398285148
233.309101731
233.292140039
233.344912039
233.459201213
233.629851029
233.858312306
234.134348203
234.448562715
234.803859642
235.186765291
235.596332190
236.015745554
236.447899043
236.876854146
237.299668008
237.706589767
238.087147836
238.431605951
238.735342725
238.986611808
239.180551858
239.302438957
239.348765958
239.311635625
239.178648441
238.949980235
238.617552067
238.168239145
237.604702919
375.016627678
375.043488839
374.859165760
374.468775269
373.872454879
373.079313419
372.084631319
370.903913169
369.538635489
368.005230949
366.292559996
364.426737133
362.411222767
360.250532961
357.966182367
355.554706443
353.025538071
350.400143214
347.684050115
344.884328119
342.004870009
339.072363921
336.073366859
333.032458368
329.950064930
326.840557248
323.716814995
320.572711600
317.417984090
314.273954789
311.130086312
308.000021810
304.889646304
301.806010268
298.748084975
295.722995490
292.735312255
289.792658782
286.896438668
284.047643251
281.254278117
278.518642357
275.840529811
273.223899737
270.673671059
268.185734222
265.776970548
263.435961874
261.168804799
258.978202746
256.865248524
254.835094286
252.886959535
251.024308482
249.246934589
247.553998621
245.952758606
244.436901059
243.016523563
241.685773358
240.447210013
239.299759658
238.249283081
237.290034207
236.424873240
235.652179784
234.971668851
234.380278842
233.880351337
233.473254130
233.144257280
232.901050277
232.739745226
232.658481275
232.649529314
232.708298527
232.836907915
233.025527381
233.265183841
233.559437254
233.895096742
234.271635107
234.672902171
235.101997891
235.543146217
235.993787037
236.444189894
236.884249537
237.304171306
237.699092866
238.056925925
238.372917629
238.631615577
238.829044095
238.956509546
239.001047346
238.961960861
238.829814030
238.590891816
238.245955343
379.462109843
379.476404831
379.292420367
378.913807053
378.341515788
377.582614507
376.633011994
375.506910594
374.204949222
372.742991352
371.108358400
369.325991266
367.398619717
365.329313556
363.138542842
360.820873570
358.385491473
355.852130076
353.224638195
350.510010651
347.709737434
344.850007296
341.916624462
338.933021620
335.898596142
332.827097616
329.730755427
326.602651358
323.452292300
320.300238550
317.135859446
313.973236242
310.817015887
307.674930505
304.545520728
301.436462955
298.352706778
295.301784908
292.285567050
289.305616388
286.370619894
283.482635384
280.642717239
277.855217969
275.125623369
272.450906844
269.848128828
267.306958929
264.834137932
262.433197536
260.105685149
257.857657418
255.689021015
253.604440952
251.603504552
249.686875827
247.862175235
246.123650312
244.482206333
242.932597302
241.477990620
240.118113902
238.859216474
237.695959140
236.631967904
235.666340013
234.799168382
234.027788641
233.355311029
232.783416921
232.297847948
231.907216739
231.607817028
231.398383663
231.271659494
231.223578615
231.256892814
231.362158512
231.530851159
231.767119079
232.058135336
232.403690837
232.788397812
233.215520608
233.669498085
234.148212543
234.641928199
235.141002683
235.635666486
236.120849533
236.584192813
237.021136715
237.415618477
237.763238532
238.054631719
238.276391523
238.426946249
238.495660258
238.468327698
238.343890497
382.579606862
382.564392734
382.365912858
381.986268583
381.427249170
380.693799038
379.782555893
378.706205863
377.464602361
376.072892706
374.516951722
372.820346160
370.985013635
369.012579327
366.922236390
364.706622902
362.374588002
359.943946966
357.416834048
354.800005686
352.092574523
349.319972190
346.467327824
343.556679881
340.586395310
337.569483086
334.517320979
331.422303332
328.293573362
325.150726599
321.983133665
318.805200107
315.620253735
312.436674074
309.252600872
306.076140048
302.912722639
299.769648646
296.649282901
293.553787211
290.492484534
287.467238281
284.480358506
281.536640280
278.642098183
275.794897089
273.012136651
270.284741666
267.620029391
265.022436899
262.493944570
260.041505891
257.665787999
255.372611138
253.161350196
251.034211105
248.999160776
247.051014483
245.201416261
243.445743632
241.787786034
240.228000611
238.772993468
237.417852016
236.166859974
235.019885904
233.977282301
233.036818626
232.202271648
231.475553107
230.842991369
230.313932823
229.884857416
229.555062488
229.317734886
229.169287462
229.113052322
229.139950465
229.241918720
229.423617817
229.672658715
229.989042291
230.358224049
230.783586288
231.249835018
231.755339976
232.290339491
232.845735880
233.411868592
233.983496634
234.548065968
235.101291973
235.626633488
236.119319328
236.569454755
236.963325714
237.298504084
237.563342342
237.743257641
237.835496725
384.320794770
384.260694648
384.034059564
383.641381069
383.085274581
382.368533720
381.488572641
380.456398774
379.271135611
377.947076983
376.468783210
374.858269535
373.116638883
371.244112652
369.258402517
367.150309382
364.928270004
362.608040072
360.190061618
357.680684007
355.076743417
352.402672677
349.643028498
346.818240806
343.925687733
340.977525845
337.984120315
334.937296381
331.845716318
328.727831985
325.573120774
322.396190113
319.199001734
315.990537957
312.768584294
309.541539177
306.315408241
303.097132514
299.889581660
296.695533737
293.524881154
290.379354384
287.262479616
284.179530969
281.137003994
278.134333505
275.188514041
272.291865940
269.452197500
266.674906011
263.962370981
261.322415923
258.756519101
256.271579862
253.866763719
251.545814436
249.317026761
247.175771944
245.134351382
243.188761721
241.343418976
239.599421426
237.963694634
236.431762617
235.008446205
233.694422340
232.490186966
231.393968094
230.410099509
229.540635936
228.772597113
228.115869660
227.567113878
227.126156651
226.786591720
226.545263008
226.406016359
226.360117327
226.399965801
226.530654644
226.740298609
227.028998986
227.383119256
227.806110376
228.282996705
228.812665879
229.385315292
229.992457321
230.624621773
231.276434751
231.935224382
232.597054449
233.245047280
233.874115927
234.473986749
235.030777634
235.541239866
235.992922295
236.370986084
236.671142372
384.664402349
384.546091087
384.279246210
383.862715874
383.299889560
382.591437566
381.735542922
380.741428984
379.607542727
378.347199217
376.943811906
375.417694228
373.769091589
371.996898060
370.117173767
368.119018294
366.010395743
363.804909653
361.501388123
359.105608976
356.612303329
354.044689260
351.386878265
348.657516921
345.853082146
342.984776935
340.061844374
337.075669311
334.034340207
330.955018461
327.827403030
324.666181010
321.471936951
318.254206435
315.010484268
311.749317729
308.477365569
305.201109102
301.923912837
298.649178854
295.387284927
292.139902704
288.911701810
285.708457082
282.537089252
279.398347257
276.308976052
273.262797430
270.268011902
267.331002671
264.454504024
261.647161066
258.911290068
256.254759847
253.676539590
251.181861292
248.779324509
246.464825872
244.251229341
242.135126130
240.121549710
238.212136850
236.414088567
234.723364215
233.145192837
231.681075828
230.331542775
229.095289016
227.977093136
226.979062991
226.088999995
225.317138273
224.660301565
224.118814982
223.686633649
223.360983652
223.146147983
223.033717139
223.016545557
223.100075688
223.272981308
223.535358625
223.874525332
224.293949139
224.779022830
225.329166232
225.934527278
226.587275965
227.278208425
228.001856143
228.745505822
229.505632776
230.265169402
231.018770500
231.755937897
232.462763259
233.135227690
233.760298219
234.323005554
234.817714175
383.635449334
383.448936863
383.132666531
382.683835033
382.106516259
381.399336097
380.561182465
379.599449010
378.511951694
377.310918617
375.978809033
374.534113630
372.976216562
371.302790801
369.528114789
367.639756667
365.645167282
363.555752149
361.368856563
359.089530515
356.710633293
354.253986067
351.703401016
349.075613780
346.366326626
343.585704232
340.741815458
337.825737165
334.844921265
331.815131198
328.726408090
325.593402966
322.415348922
319.202286161
315.951495756
312.671533426
309.369771586
306.052163454
302.722540080
299.384929392
296.050094229
292.719734212
289.399562438
286.095859528
282.815913093
279.561793375
276.349860574
273.175504166
270.047211577
266.972347400
263.953948437
261.001414625
258.117901345
255.312111325
252.582839353
249.936714842
247.382613891
244.916912973
242.552933769
240.287819004
238.127198352
236.073134187
234.133055197
232.303343010
230.589504113
228.993858751
227.516871249
226.157697974
224.921450760
223.810202617
222.812610662
221.939070205
221.186543635
220.555823968
220.041176697
219.640162806
219.357417865
219.184840242
219.115720382
219.155769557
219.294262774
219.531194267
219.854862903
220.268701794
220.758517796
221.324262431
221.956032625
222.646684137
223.387348655
224.172500163
224.989456782
225.835154912
226.692485867
227.555902213
228.414832442
229.255482372
230.073125142
230.854372885
231.584251630
232.255989776
381.264368642
381.003479338
380.631901773
380.145203596
379.548016797
378.837048818
378.011776051
377.077774190
376.032263962
374.886293766
373.621580118
372.254698520
370.784184793
369.206618827
367.534408760
365.753785346
363.871662852
361.897248894
359.826577474
357.663831084
355.400277330
353.056195146
350.615257841
348.092210170
345.482140005
342.794105571
340.035008562
337.195748953
334.283111766
331.311397664
328.271110771
325.176765729
322.026302105
318.830222066
315.585679768
312.301112135
308.984642280
305.641665927
302.276435585
298.893601109
295.504200124
292.110055269
288.717803051
285.334217241
281.966893731
278.619196798
275.306979348
272.027222813
268.788595265
265.599406772
262.462939108
259.389263328
256.382349793
253.451577990
250.595598068
247.822307443
245.140825306
242.547949939
240.057347435
237.666653422
235.382059390
233.205934587
231.145883459
229.198685979
227.369998710
225.662931381
224.077800090
222.614198355
221.277465637
220.069556613
218.980038945
218.019295582
217.184395864
216.476571771
215.890345616
215.423567316
215.081138525
214.855249248
214.739600063
214.740094372
214.846636381
215.059034599
215.366577120
215.772612057
216.263402266
216.839416275
217.490704890
218.210819725
218.991288173
219.826561532
220.704056940
221.621206332
222.561005818
223.517758718
224.480962574
225.437071215
226.380720983
227.298391531
228.175225679
229.003538783
377.613500910
377.276438591
376.847548383
376.320819691
375.701288178
374.983907348
374.168583498
373.259139645
372.252226172
371.157639551
369.956575021
368.663632008
367.276526597
365.790891290
364.217219089
362.540613564
360.767449487
358.904779260
356.947531574
354.898904147
352.748889228
350.516119709
348.184301091
345.766157804
343.256349545
340.662781771
337.991254924
335.232616827
332.392991273
329.485195936
326.500316598
323.452650554
320.338933321
317.170095189
313.943256054
310.666627675
307.349096097
303.995510221
300.610485611
297.199286302
293.773106922
290.333993464
286.889371770
283.446478136
280.013161583
276.594018167
273.204289576
269.842529082
266.517484194
263.238343431
260.008572856
256.838815770
253.733810611
250.703439183
247.746243664
244.871227370
242.087713459
239.392854687
236.800541606
234.308833104
231.924434702
229.649902815
227.492962439
225.450757977
223.528976768
221.731465950
220.058328539
218.509554796
217.090615407
215.803270394
214.638033277
213.605117208
212.701662725
211.929312994
211.282793189
210.760199558
210.366613845
210.094503185
209.937946280
209.902968753
209.980117075
210.168945969
210.459723676
210.855665708
211.343527046
211.924266539
212.587900242
213.328668342
214.138544114
215.011988048
215.936577285
216.910257738
217.916269471
218.948815395
219.997590311
221.049420918
222.098382889
223.131034722
224.132748871
225.095155017
372.762123962
372.351011965
371.866289210
371.300446689
370.658750753
369.934598081
369.128133834
368.241541982
367.270917813
366.224754541
365.083949082
363.861095417
362.553130057
361.154893729
359.674960700
358.097523913
356.428431396
354.672659879
352.824258768
350.885350173
348.844984219
346.720084912
344.494563028
342.179138721
339.768244670
337.268607463
334.685041644
332.008456803
329.244352474
326.404083657
323.479427536
320.484405254
317.414660055
314.281527204
311.082183814
307.824535863
304.518216155
301.167576028
297.777524131
294.353927494
290.908016838
287.442160724
283.964435154
280.482488555
277.004373866
273.535826698
270.091394231
266.671138934
263.283796970
259.939339594
256.641356771
253.400952917
250.223568934
247.119404529
244.086935642
241.136085493
238.276335588
235.505121973
232.836436746
230.268685143
227.809028084
225.460092780
223.229668110
221.115221328
219.122363768
217.255607206
215.514797135
213.900265823
212.417530847
211.068090447
209.843420956
208.753427833
207.795286372
206.971023050
206.275515766
205.707068175
205.270861177
204.959626088
204.767784858
204.701423644
204.751730587
204.917957904
205.191329833
205.574886196
206.055905389
206.635801114
207.304573036
208.057128124
208.885927227
209.785469134
210.743545943
211.758621423
212.814310669
213.904760955
215.019975854
216.147269788
217.280237771
218.405710500
219.509393428
220.582454684
366.784084583
366.305006788
365.769518274
365.168720694
364.507926669
363.779195681
362.982701611
362.119142887
361.184065065
360.184628129
359.101649200
357.945715460
356.713033510
355.397811263
354.006738707
352.523312380
350.952880109
349.298451910
347.553433452
345.718807633
343.783019206
341.761257781
339.637809637
337.421447576
335.106580902
332.698752894
330.201947354
327.607234968
324.919554451
322.148855785
319.287702669
316.349804954
313.329841176
310.239538534
307.076216676
303.847424059
300.563496050
297.228369352
293.847168566
290.426348121
286.977056093
283.502077245
280.009998433
276.508813906
273.006738745
269.510529735
266.033980093
262.578559815
259.152918147
255.767688246
252.426527204
249.140881779
245.916813936
242.764656055
239.682861941
236.682073339
233.771880323
230.949931274
228.230196185
225.611348453
223.100936531
220.701550192
218.420985197
216.256985371
214.214994615
212.300099190
210.511863942
208.850896305
207.322690458
205.928427475
204.660544908
203.528525230
202.529542772
201.665980018
200.932822484
200.328547103
199.858360179
199.515245437
199.293932045
199.200514704
199.226809565
199.371736781
199.627440166
199.996746237
200.467482075
201.041474038
201.708730091
202.464789113
203.302632622
204.216823093
205.195415777
206.237382340
207.326832086
208.457896758
209.620981390
210.803988451
212.000113609
213.196629979
214.379666819
215.540143164
359.770709259
359.233257026
358.655264607
358.026576807
357.352367873
356.623593214
355.840238841
355.001700067
354.102973717
353.149877398
352.123355637
351.032016436
349.871392704
348.635216802
347.328364955
345.933842528
344.456535505
342.897621361
341.250094790
339.513768795
337.676807982
335.752679009
333.726203806
331.604301999
329.381556938
327.062345369
324.650004466
322.135848692
319.524341136
316.824115959
314.028601041
311.151181211
308.185707178
305.144294500
302.024479002
298.833429520
295.582111910
292.274158734
288.914828378
285.511143089
282.074054055
278.606844562
275.118479717
271.617216587
268.111398703
264.608665712
261.122020407
257.654204328
254.213720623
250.811725137
247.451889561
244.145878479
240.900284411
237.725391252
234.619675610
231.594289789
228.658878628
225.811235299
223.065187672
220.419601491
217.882337896
215.455852682
213.147892438
210.956429044
208.886665427
206.944158518
205.128189815
203.439566693
201.883704567
200.461424386
199.166107049
198.006720356
196.980405631
196.089872927
195.330177549
194.699940922
194.204330646
193.836571269
193.591665152
193.475672688
193.481013304
193.606264817
193.844444430
194.198133752
194.655728598
195.219421136
195.879257743
196.631364506
197.469268180
198.387617594
199.374772323
200.430189545
201.538578521
202.694091731
203.887606992
205.107701246
206.347250803
207.594114517
208.834922287
210.060539904
351.823522987
351.239556878
350.629342957
349.981623733
349.301261092
348.578344797
347.812465766
347.001919764
346.141155382
345.234661770
344.263704182
343.234965978
342.143370754
340.982326967
339.755000064
338.444098238
337.054093965
335.584485757
334.028080865
332.383524407
330.639004876
328.806310955
326.870946814
324.838104520
322.702723852
320.468052742
318.136983071
315.701138721
313.164607498
310.534821868
307.806129918
304.991597766
302.084388139
299.097006638
296.027264144
292.881954925
289.672578006
286.402589440
283.077297901
279.704268610
276.294148060
272.850784133
269.383396439
265.900408940
262.410266465
258.921337702
255.445819144
251.987560216
248.554875494
245.159289149
241.804441199
238.502086959
235.259252608
232.086001933
228.980877551
225.955335608
223.019017716
220.169801880
217.421257715
214.772373475
212.231243811
209.800107373
207.486607434
205.288895520
203.211877760
201.261468427
199.436682194
197.738445396
196.172053941
194.737938584
193.430392152
192.257798738
191.217240054
190.311724076
189.536347003
188.889851289
188.377311891
187.992184533
187.729713065
187.595890564
187.583706423
187.691403913
187.912821747
188.250271324
188.692732125
189.242714323
189.890337749
190.632263843
191.462583521
192.376050431
193.361365221
194.418438444
195.532670592
196.698267690
197.906632494
199.147086793
200.412266095
201.690729419
202.969670679
204.240076586
343.036522754
342.419679641
341.789170635
341.132804945
340.454975375
339.745139025
339.002302164
338.223872579
337.403752687
336.545134232
335.629776645
334.662517147
333.637733781
332.548652625
331.396856130
330.164930907
328.856988009
327.471012848
325.999827922
324.440942364
322.782839368
321.035701099
319.185840848
317.236871205
315.184245907
313.030141229
310.777206414
308.417423688
305.954611568
303.395132454
300.734286840
297.984843748
295.139414114
292.210898470
289.197422960
286.105436948
282.946853877
279.725090299
276.445423926
273.115931910
269.746859538
266.342666171
262.912715745
259.465494214
256.009527477
252.553752106
249.109562556
245.681732290
242.278363409
238.911187497
235.583774389
232.307844358
229.090760980
225.942211878
222.860846401
219.858226927
216.943933454
214.115878160
211.387264164
208.757142962
206.233760844
203.819072733
201.520567694
199.336531397
197.271534556
195.331731555
193.515902290
191.825010150
190.264204399
188.833507999
187.528082337
186.355681514
185.313306915
184.404232974
183.623576985
182.970183976
182.448993371
182.053681912
181.779708362
181.632972984
181.606995875
181.699708663
181.905715543
182.227039226
182.653253058
183.187136440
183.818922026
184.545749675
185.362287627
186.263409408
187.238188489
188.286948622
189.395857818
190.559204730
191.768950949
193.015217381
194.290473568
195.584064708
196.883797501
198.180929835
333.518834926
332.883258971
332.244785579
331.590468639
330.924102455
330.234733109
329.520622818
328.778505136
328.001746085
327.192291670
326.332549774
325.425613829
324.465385511
323.445039871
322.364728680
321.207077182
319.975893465
318.667826987
317.275896212
315.796539518
314.218770065
312.551261678
310.781243286
308.910917152
306.936382121
304.858818386
302.680831042
300.394794194
298.004365053
295.514979403
292.922897895
290.240625985
287.460351236
284.595372576
281.644151380
278.612840290
275.513630693
272.350033765
269.127217797
265.853732457
262.539334597
259.189117962
255.812491881
252.417891683
249.013906150
245.609873252
242.216402828
238.838994927
235.485526772
232.167773614
228.889201893
225.661372548
222.491891902
219.389932465
216.354284792
213.396433349
210.525836679
207.740400056
205.052860657
202.462283928
199.976986434
197.598588397
195.334376896
193.182730900
191.147863359
189.236050650
187.445883283
185.778281326
184.238232908
182.825347235
181.535602591
180.376097080
179.343739053
178.442035800
177.666115468
177.014912495
176.493198690
176.094862483
175.815556840
175.661070725
175.625412822
175.706238567
175.898860944
176.205002085
176.614835417
177.131362926
177.744972157
178.453222615
179.251368697
180.134416140
181.091839049
182.124329439
183.218883639
184.369899943
185.569916669
186.809892419
188.082202123
189.377035575
190.682848217
191.991294490
323.386451293
322.745796205
322.111204495
321.469154735
320.822743164
320.160808089
319.480745808
318.778818530
318.047875514
317.288684203
316.484432115
315.636590730
314.738653688
313.783863149
312.771107905
311.683192741
310.523681530
309.288068581
307.969720953
306.564097325
305.060933461
303.467511508
301.772057584
299.975544590
298.074813519
296.070140288
293.964265246
291.749973766
289.430862590
287.011588432
284.489354456
281.876441970
279.164731641
276.367919327
273.484800358
270.521292387
267.489715826
264.393800481
261.238532908
258.032887612
254.786058153
251.503772216
248.195398300
244.869207979
241.533835631
238.198857613
234.874128377
231.565672650
228.281142613
225.032198075
221.822176926
218.662362763
215.560516224
212.525177993
209.555308691
206.662150279
203.854982410
201.131673905
198.504407784
195.972227212
193.543440588
191.219299128
189.006845344
186.904517203
184.916161329
183.048063175
181.298677783
179.668808249
178.163275912
176.781282443
175.519564619
174.384556659
173.373068947
172.488806245
171.726906010
171.086383687
170.571820784
170.177309264
169.898680700
169.741600226
169.700522007
169.772869830
169.954609992
170.247158196
170.641290473
171.140187041
171.734434571
172.421952701
173.198587722
174.059486273
174.994548084
176.004785362
177.078068706
178.208930208
179.390489301
180.614565698
181.873506285
183.158378260
184.458309778
185.765451262
312.765202536
312.131725216
311.511509663
310.890634030
310.271431749
309.642713323
309.000927778
308.342053692
307.658456569
306.949805440
306.200177410
305.409559683
304.571109191
303.678238155
302.728753831
301.705763620
300.612646876
299.443925613
298.193439781
296.855785211
295.421570284
293.896818391
292.270810723
290.543480404
288.712475116
286.777272244
284.740903481
282.596574622
280.347912245
277.998940609
275.547766073
273.006487476
270.366781708
267.642731868
264.833447993
261.944681114
258.988726017
255.969636807
252.892153437
249.765618989
246.598600724
243.397436031
240.171377276
236.928421309
233.677228981
230.427458421
227.188243741
223.965934874
220.767965581
217.605729941
214.482417359
211.408922653
208.393080642
205.442704854
202.556946522
199.746662702
197.020898587
194.377466505
191.827919420
189.371253067
187.015693246
184.762102909
182.617241797
180.579579364
178.652598175
176.842487007
175.147624682
173.568630634
172.110161577
170.771026527
169.548658343
168.448834529
167.468269362
166.610827402
165.871661188
165.249862629
164.749808252
164.365784977
164.093793340
163.939365186
163.897358293
163.965014280
164.138898955
164.420121303
164.800058454
165.282026647
165.856856182
166.522768196
167.276202627
168.112452673
169.021864942
170.005722140
171.052800113
172.157785772
173.314373454
174.515252056
175.752801727
177.018977046
178.303591424
179.599366672
301.790133317
301.173990285
300.576649900
299.983952858
299.397440269
298.806048110
298.205239108
297.590874198
296.954880799
296.295921176
295.599048326
294.862916504
294.080416427
293.245218723
292.354237009
291.390986942
290.358720805
289.251169732
288.062741240
286.787304573
285.416448007
283.955080626
282.393571063
280.731004742
278.965867747
277.096955137
275.127716908
273.051778475
270.872872299
268.594531525
266.215704809
263.748348640
261.184024642
258.537184333
255.807214615
252.999770507
250.126967482
247.193264454
244.203100570
241.166122211
238.090220357
234.982296569
231.851420751
228.705212849
225.552336629
222.402387038
219.263816598
216.143110889
213.047495167
209.987962251
206.967538566
203.996628401
201.083070099
198.233877965
195.448406929
192.737010225
190.108448119
187.560465654
185.103922334
182.737753618
180.470033848
178.301232480
176.237793501
174.278197782
172.425575054
170.685921982
169.057601527
167.540993729
166.140597043
164.854851263
163.681820781
162.626645420
161.685952100
160.863726179
160.155147056
159.559382140
159.080594656
158.713258950
158.453540070
158.306829332
158.268349537
158.335211788
158.504531337
158.777115241
159.144937145
159.611410814
160.167653901
160.812133591
161.541882456
162.352343234
163.234329015
164.189343700
165.207086735
166.282417958
167.409593457
168.582166301
169.792606393
171.033746789
172.296089664
173.572981536
290.590317897
289.999405877
289.431329274
288.871836403
288.321679860
287.770044082
287.211407510
286.641652757
286.052326961
285.441183361
284.794315585
284.109203229
283.378539675
282.596326867
281.758773760
280.849891732
279.872859952
278.820794084
277.688736090
276.469977780
275.157154327
273.754210411
272.252611082
270.650783215
268.948051803
267.142653039
265.238549840
263.229780009
261.120240372
258.913104924
256.608087539
254.217037095
251.731474109
249.166188946
246.520794687
243.800917527
241.018347530
238.178001240
235.283974219
232.346144727
229.371690519
226.368013719
223.343944509
220.306636297
217.264727331
214.227620325
211.203125559
208.197690751
205.218344684
202.275560690
199.372193105
196.518065540
193.720960144
190.987042756
188.315877927
185.717220092
183.199500942
180.760394687
178.410018442
176.147244065
173.979932980
171.908168314
169.938050492
168.068059015
166.300987978
164.642559021
163.091178119
161.646941371
160.314197690
159.091047363
157.976121723
156.973950615
156.081088114
155.301600473
154.630710098
154.067660968
153.616400163
153.271582026
153.029535564
152.895505602
152.865045455
152.935185959
153.103545540
153.370638190
153.729026312
154.182184636
154.721560595
155.345814547
156.052567675
156.837412169
157.691643856
158.616940058
159.603928989
160.647657512
161.742925039
162.884130612
164.063884197
165.275871676
166.511278359
167.764108036
279.318384672
278.757749414
278.222627834
277.698799684
277.186263507
276.674547371
276.157185061
275.630192381
275.084807033
274.517975825
273.916877693
273.277979965
272.593848729
271.858874967
271.068750451
270.208055080
269.279944739
268.277089356
267.195207376
266.027171826
264.766695982
263.416914224
261.970376181
260.425033376
258.781025137
257.036156093
255.194966323
253.251893849
251.211042252
249.075346799
246.845197510
244.532364014
242.128386598
239.648355581
237.092048841
234.465124651
231.778914936
229.038817333
226.248552797
223.418155395
220.554064668
217.664106113
214.756818753
211.838816149
208.918675715
206.005496352
203.106483537
200.227893838
197.376568715
194.562363674
191.787955518
189.062508828
186.393700058
183.786817911
181.241634367
178.767233653
176.371681319
174.052582011
171.819274852
169.670572053
167.614068306
165.649476179
163.782529886
162.011700402
160.339466810
158.771205493
157.305418913
155.941886500
154.684815861
153.532001972
152.482578733
151.540499799
150.702264659
149.971979981
149.344929307
148.820436367
148.402231497
148.085142269
147.865664147
147.748889286
147.730671567
147.808008315
147.978978451
148.243815862
148.595660576
149.038014455
149.562694640
150.168506218
150.853651480
151.613870273
152.440955227
153.336712371
154.292693042
155.304142227
156.366382102
157.474629262
158.621679478
159.802033702
161.007548806
162.232902026
268.114847684
267.586748186
267.085671172
266.597528675
266.121626374
265.647903996
265.169022574
264.681215674
264.175492179
263.648096699
263.087319680
262.488778304
261.844980670
261.150749609
260.401440750
259.582259451
258.696383682
257.736196983
256.698113936
255.574749346
254.360893521
253.059022396
251.662739367
250.169691864
248.580786615
246.893522578
245.113050182
243.234191442
241.261281017
239.197121453
237.042680397
234.809667522
232.489690618
230.098091080
227.634744098
225.105390160
222.520787308
219.886808792
217.206782599
214.490818549
211.744605808
208.976305980
206.194121160
203.404070867
200.614629911
197.834502779
195.070323560
192.328028709
189.614278739
186.938234711
184.302394120
181.715198078
179.184178598
176.713738675
174.303848988
171.962874498
169.698485261
167.508222082
165.400623820
163.374452960
161.436992297
159.587607477
157.831648607
156.167576753
154.597578107
153.126626855
151.753369473
150.477247043
149.302332732
148.226153077
147.248282461
146.372134554
145.594176019
144.918513408
144.340510213
143.859573544
143.479218468
143.194439056
143.001901151
142.906537556
142.904477124
142.992724726
143.169780772
143.435614935
143.783929931
144.218223071
144.730717529
145.320318698
145.985799042
146.723042139
147.524348343
148.391610666
149.317288184
150.296830741
151.326062132
152.400978474
153.514601633
154.662199973
155.836284970
157.032208481
257.118446433
256.622958549
256.155006535
255.700709315
255.258761325
254.819557421
254.374981531
253.921543631
253.450109496
252.956324909
252.429601182
251.864861943
251.254624791
250.594173451
249.878697134
249.094070432
248.243532121
247.319326780
246.318566716
245.233765255
244.060761807
242.801521502
241.450654748
240.005662382
238.468155256
236.835448361
235.113308955
233.296924890
231.390871392
229.397909487
227.319482990
225.167252588
222.932931082
220.632056074
218.264530474
215.836216212
213.357204726
210.833813215
208.268971666
205.672786947
203.050196322
200.409607727
197.758845442
195.103302969
192.451305285
189.811093205
187.188759751
184.589818775
182.020752361
179.489972429
176.999799344
174.557900790
172.171635282
169.844529287
167.576738186
165.375878903
163.249205260
161.194201583
159.218597325
157.321119121
155.508700973
153.780390527
152.141140813
150.589405400
149.127099896
147.758752575
146.483192903
145.299513126
144.211655673
143.216917053
142.315252478
141.509573042
140.796336086
140.179608255
139.654851059
139.221559058
138.883034051
138.634430140
138.472588676
138.402275095
138.419872999
138.522428551
138.708828767
138.978797331
139.326581947
139.755645815
140.258650408
140.834562389
141.482709666
142.199114473
142.976592962
143.817087799
144.713942396
145.662813739
146.660007395
147.702253455
148.782835088
149.897733596
151.040093870
152.205931594
246.463856301
245.998976051
245.561322624
245.137273346
244.725007044
244.315395878
243.899659343
243.474618556
243.031085349
242.564206003
242.064507246
241.526367174
240.942378188
240.308300917
239.619314286
238.861992110
238.039667208
237.144578510
236.174523077
235.122060511
233.984030472
232.762026417
231.451607345
230.050267005
228.560247390
226.978792479
225.312271090
223.556216920
221.715442478
219.792743809
217.789939921
215.718645801
213.570707441
211.361801091
209.091788815
206.766681701
204.395836684
201.985961630
199.539595658
197.066766715
194.571670439
192.062872062
189.547781735
187.031157270
184.521122472
182.025406820
179.549588903
177.098683888
174.678994175
172.298148749
169.958296160
167.666294603
165.429309416
163.250014126
161.128730178
159.072315242
157.087594226
155.172002893
153.332463375
151.567681531
149.884214330
148.280822615
146.762053330
145.326357392
143.975400938
142.713233600
141.538898426
140.451136832
139.453760591
138.543873869
137.721756390
136.989852092
136.344633186
135.790087892
135.321790987
134.939328411
134.645789671
134.436482814
134.308429389
134.266218253
134.306471341
134.426302376
134.624952917
134.901921403
135.251979224
135.678527505
136.174694632
136.739473975
137.372730521
138.070619522
138.826478018
139.642265273
140.512179110
141.432081733
142.398743320
143.409576456
144.458156209
145.541118041
146.652216367
147.788110693
236.278182320
235.840364163
235.428798146
235.030148693
234.642184120
234.256259342
233.863052041
233.459710316
233.037080562
232.589903745
232.109805422
231.590753815
231.025479131
230.410223232
229.740295267
229.002986150
228.201749487
227.328936752
226.383005687
225.356696575
224.247783691
223.057617461
221.782637726
220.420451081
218.973851091
217.440112480
215.826171873
214.127887442
212.350294920
210.496286297
208.567958924
206.576877377
204.515041486
202.398206967
200.226130793
198.004989491
195.743362178
193.448276996
191.121900437
188.774111719
186.408383678
184.033355511
181.655991954
179.280427232
176.914530084
174.565492382
172.238401586
169.937724425
167.669579638
165.440799525
163.253368999
161.113315859
159.027600391
156.998079761
155.025220265
153.115124379
151.274184298
149.499794568
147.798082872
146.167750155
144.614956129
143.138207546
141.741640434
140.423709585
139.185851069
138.031614137
136.960276881
135.970236285
135.065169234
134.242024108
133.501352852
132.845164640
132.269970567
131.779643709
131.369884549
131.040373300
130.793987273
130.626182538
130.534164660
130.522335862
130.587543119
130.726986533
130.940233374
131.226578834
131.581294022
132.007692051
132.499392187
133.055385502
133.676051705
134.357673897
135.094111965
135.887313696
136.732296659
137.625122341
138.563011870
139.544005020
140.561995374
141.614211655
142.694992847
143.801615170
226.675579056
226.260328386
225.869824281
225.491027522
225.121402855
224.752780648
224.375419883
223.986795768
223.577873053
223.143073773
222.675095434
222.167617029
221.613565638
221.009658152
220.351456268
219.626974685
218.839808199
217.982522562
217.054204693
216.047893926
214.962221824
213.798413010
212.553715060
211.225947538
209.818375966
208.328394438
206.763462446
205.119740964
203.402469269
201.614683196
199.758669489
197.845933986
195.868645353
193.842584330
191.767345095
189.649277359
187.496165275
185.315276766
183.108434369
180.885307569
178.648674133
176.407174249
174.167300814
171.932597401
169.710624225
167.508028458
165.329427753
163.178715122
161.061819458
158.984779702
156.949428824
154.960955804
153.026111276
151.145981638
149.321155024
147.556994658
145.859463549
144.225920754
142.661720991
141.165574229
139.743230219
138.392973413
137.118527087
135.918356543
134.793684668
133.747546850
132.779469665
131.887517282
131.075223774
130.339415520
129.680868572
129.101185016
128.596938311
128.171851841
127.821759869
127.546439754
127.348554391
127.223702731
127.169276726
127.189480898
127.281377405
127.442263734
127.672007246
127.969723275
128.331155861
128.759505829
129.248903780
129.798314155
130.408605437
131.076184121
131.795431963
132.568261634
133.390472201
134.258314107
135.169449696
136.122487326
137.111661628
138.134732468
139.186597060
140.265115415
217.749759265
217.352354419
216.977784489
216.613299125
216.256164785
215.898670592
215.530775819
215.150271061
214.748315580
214.319091165
213.856331934
213.353532023
212.803869139
212.204519815
211.551401975
210.833249813
210.053813274
209.205956631
208.289358998
207.297457970
206.229657539
205.087159126
203.867941700
202.570116814
201.197344121
199.747210287
198.227644642
196.635088131
194.974958800
193.250471337
191.464022327
189.627045922
187.731889626
185.794310050
183.813688425
181.796547200
179.749881543
177.681112553
175.591755779
173.491219904
171.381621733
169.271541600
167.166979267
165.070938863
162.990619754
160.932135410
158.899653405
156.896489183
154.928375357
153.000576157
151.114786678
149.275361078
147.488842401
145.755598881
144.076316891
142.455646741
140.899132790
139.404102844
137.975167298
136.611057415
135.317107894
134.091410719
132.937277581
131.853191057
130.840175806
129.900746825
129.034685814
128.239740145
127.519289680
126.870069726
126.293037135
125.789409850
125.355845961
124.995887565
124.705506830
124.484579956
124.335552275
124.254160757
124.237984792
124.291020121
124.410536122
124.593932450
124.841353705
125.151760167
125.521339462
125.953158607
126.441875780
126.986409946
127.588089152
128.243440689
128.947364098
129.701718595
130.503044633
131.347767783
132.233986038
133.160817263
134.122856151
135.118332547
136.142675918
137.194293675
209.591556170
209.207174636
208.843401701
208.487755037
208.137400943
207.785064480
207.420513874
207.041835039
206.640448087
206.210362977
205.746309809
205.241684006
204.689962481
204.088758362
203.434430825
202.716420440
201.938640902
201.094321870
200.183696592
199.200681646
198.145364602
197.019014006
195.820264400
194.547579008
193.204941093
191.790188749
190.311666318
188.766072644
187.158979562
185.493806461
183.772991966
182.007886246
180.191022108
178.338093144
176.448226826
174.528113416
172.583986769
170.623335219
168.647411496
166.665324440
164.678569484
162.695621118
160.721969802
158.760147225
156.816943648
154.897963959
153.006945422
151.146639995
149.322578760
147.539280399
145.798319621
144.103229478
142.460352175
140.869394250
139.331117553
137.849491667
136.429658542
135.068916683
133.771165598
132.535167179
131.365841321
130.261114431
129.223889924
128.252672673
127.348301482
126.512769430
125.746113719
125.045782885
124.414988167
123.850400903
123.353120145
122.923996336
122.559793475
122.263843038
122.032255042
121.865005881
121.764317500
121.726061015
121.748002724
121.833918197
121.981277680
122.187581943
122.453232822
122.777060923
123.155666116
123.591962246
124.081147882
124.622082691
125.216521419
125.861111857
126.551264592
127.288771315
128.070872767
128.894152384
129.757142485
130.659410682
131.595928112
132.565334154
133.563565264
134.589537158
202.272206235
201.896507022
201.538943372
201.187270189
200.838643822
200.486199924
200.119611249
199.737234660
199.330807079
198.894226059
198.423174254
197.911017242
197.351574294
196.742866953
196.081764268
195.358391927
194.576831807
193.730730373
192.820837553
191.841611256
190.793734061
189.678618791
188.495482711
187.243182981
185.925963867
184.541960047
183.099877161
181.596650030
180.037981423
178.427511989
176.767667216
175.069701331
173.326336068
171.553173463
169.749054548
167.920829791
166.074015933
164.216086648
162.348080118
160.478777667
158.609095766
156.747371483
154.898574084
153.064841627
151.252510389
149.466713866
147.710777837
145.986918655
144.300462119
142.655219082
141.052662439
139.495525654
137.989961315
136.535071614
135.131671801
133.783087722
132.494079606
131.261916033
130.089822496
128.976597577
127.926752387
126.938070635
126.013052454
125.150228800
124.350263146
123.614628796
122.943614316
122.334388543
121.789977785
121.307012726
120.886701511
120.529538025
120.232412585
119.998420106
119.823804568
119.708643712
119.654929077
119.658663324
119.717798031
119.835878001
120.010569082
120.239467811
120.523216373
120.860541916
121.248423699
121.689605926
122.179837458
122.717909473
123.305968008
123.940784014
124.618269404
125.340138689
126.104292260
126.907450437
127.748582871
128.627648018
129.540006555
130.484648906
131.457994285
132.459425343
195.850652208
195.479873152
195.124558200
194.772661364
194.421407528
194.064317188
193.691046736
193.300197327
192.883867066
192.435890542
191.952857076
191.428155335
190.855983492
190.234739354
189.561854507
188.828112342
188.037763900
187.184908731
186.270778545
185.290418803
184.245020081
183.136206340
181.963708219
180.726805159
179.429949521
178.071605477
176.660791236
175.194657200
173.679017623
172.117746182
170.513212025
168.876564891
167.200717572
165.501164396
163.776435673
162.033533860
160.277317299
158.515170665
156.747969101
154.984150369
153.224096047
151.475989352
149.744270246
148.030771149
146.341334551
144.680667921
143.051704865
141.456164661
139.899166169
138.383855131
136.911623110
135.484430531
134.108255001
132.781650470
131.505465769
130.282421162
129.116919041
128.006195642
126.952840232
125.955691177
125.018860724
124.140008776
123.321237917
122.561107618
121.860114320
121.219215975
120.638945155
120.116209949
119.653834026
119.248426866
118.901278154
118.612530376
118.379220041
118.204182808
118.083789425
118.018220537
118.009228867
118.052947950
118.147512332
118.296226447
118.496947670
118.747359953
119.048332293
119.398515458
119.795234290
120.241050569
120.732270752
121.267613781
121.849578950
122.475066780
123.140479000
123.847447499
124.594492751
125.378448987
126.198729892
127.055627641
127.944903496
128.865842944
129.815324848
130.793157023
190.366359676
189.997756926
189.641786282
189.286558202
188.929432378
188.564289336
188.180831007
187.777875467
187.347914277
186.884758769
186.385859071
185.844663009
185.255777732
184.617941687
183.929187352
183.180923144
182.377566050
181.513690968
180.590979407
179.605095912
178.557653877
177.450545208
176.283949480
175.057583309
173.776063608
172.438206183
171.053298611
169.618687387
168.140283588
166.622200536
165.066719819
163.484881480
161.869789863
160.236827580
158.584197095
156.919045415
155.245641437
153.571215939
151.896534195
150.229685111
148.570559520
146.927184420
145.303465787
143.701025011
142.125175662
140.580251227
139.068812953
137.592128834
136.155112651
134.760290629
133.408994987
132.102443793
130.846457103
129.639094540
128.481221290
127.374991080
126.324474751
125.326872451
124.384175811
123.495263297
122.663862309
121.887524081
121.167960599
120.503760944
119.895262229
119.342912836
118.847480487
118.405631097
118.019967785
117.687095236
117.408363165
117.183562404
117.009896017
116.889921291
116.820126034
116.800796240
116.833436909
116.914313701
117.041742319
117.218778327
117.443467429
117.713570859
118.030174216
118.391879389
118.796322627
119.245874324
119.737403207
120.269557113
120.845147910
121.461216179
122.114639524
122.806965059
123.537295749
124.302553759
125.102606553
125.938025086
126.804979434
127.702996148
128.629391922
129.584356683
185.858998203
185.490578100
185.131815937
184.770933847
184.405480937
184.029676064
183.633311570
183.215396679
182.768838486
182.287456331
181.769516450
181.208548540
180.599593491
179.941693494
179.233509264
178.467037605
177.646857093
176.768028461
175.832655683
174.837042770
173.783144707
172.673170691
171.507690371
170.286863224
169.015436848
167.692592076
166.327850403
164.918736403
163.471248718
161.989744382
160.476396265
158.942134159
157.380252454
155.806030432
154.217330419
152.621438877
151.022109874
149.426365583
147.834914699
146.255499894
144.687564079
143.138987436
141.613138872
140.111526613
138.638903955
137.199285311
135.794879031
134.426551200
133.099015003
131.814222601
130.573469083
129.377261692
128.231282440
127.133145787
126.083718303
125.084624594
124.139631144
123.245896755
122.404852570
121.615414580
120.880942250
120.198889136
119.570583457
118.994644117
118.471254911
118.000361472
117.582956857
117.215482080
116.900302105
116.634029663
116.418059434
116.251825229
116.132717573
116.062999793
116.039265293
116.061908682
116.132178440
116.246476023
116.403296934
116.605441193
116.851140314
117.138222327
117.467982600
117.839002497
118.249195114
118.700735492
119.191056975
119.718742329
120.286873702
120.892646687
121.533398915
122.210594487
122.923883320
123.670248035
124.450022806
125.264005017
126.108780043
126.984064461
127.887592546
128.819893370
182.353469250
181.984289272
181.621638770
181.253805788
180.878571358
180.490474529
180.079426467
179.644603598
179.179341325
178.677490226
178.138090874
177.554765447
176.923008494
176.242129300
175.511435319
174.723474138
173.882980386
172.985502267
172.033544856
171.024064894
169.959281878
168.841767538
167.672429461
166.451870319
165.184944251
163.871205306
162.520382133
161.130162555
159.706630362
158.254389529
156.775493488
155.280766398
153.763691657
152.239464548
150.705600057
149.169522445
147.634549322
146.107450458
144.588930557
143.086396141
141.598882753
140.134144140
138.695009233
137.282973410
135.902201305
134.556444126
133.247576827
131.976114089
130.746575823
129.560383818
128.418818510
127.321707327
126.274614922
125.274754725
124.322982462
123.420428296
122.570582107
121.770555103
121.021253116
120.321625212
119.674682045
119.077786918
118.531891674
118.035644458
117.589081633
117.191653168
116.844568103
116.544059190
116.292236708
116.085732243
115.925976712
115.812037328
115.741514818
115.716367188
115.733280738
115.792764125
115.895800626
116.038934506
116.220841459
116.444061149
116.707009196
117.007570564
117.347246960
117.724628168
118.137869995
118.588952952
119.075874866
119.597164181
120.156128941
120.750138938
121.376974230
122.038019451
122.733438820
123.460245581
124.219255050
125.011441214
125.833808548
126.686214291
127.566791064
128.476363225
179.872574130
179.502493680
179.135654868
178.760366736
178.374674812
177.973424929
177.546660943
177.093705580
176.608327684
176.084425930
175.521777064
174.914096155
174.257347542
173.551071596
172.795234370
171.982895544
171.118939952
170.199396849
169.227156284
168.199835625
167.119844914
165.990160291
164.811980426
163.586347116
162.318203865
161.007482016
159.664097549
158.285888701
156.879026776
155.448365471
153.995834898
152.532162514
151.051018032
149.567541593
148.078895950
146.592643908
145.111745348
143.642683164
142.186208968
140.749407490
139.330943774
137.938474207
136.574283584
135.239955251
133.939038172
132.675075614
131.449627605
130.262907575
129.119251347
128.019591147
126.965215130
125.955299722
124.995314486
124.082109408
123.216520406
122.399214857
121.633433094
120.916232572
120.248026528
119.627790753
119.058208926
118.536558408
118.063422114
117.637476995
117.258617661
116.925806382
116.640460134
116.398619236
116.202125071
116.047636376
115.936619208
115.867761008
115.838897533
115.851674632
115.902858401
115.993079089
116.123047984
116.289462018
116.491179761
116.730477978
117.005955646
117.315546709
117.660959316
118.040820840
118.453496463
118.900779230
119.381228061
119.893332798
120.440581592
121.020542229
121.631417418
122.274518834
122.950494581
123.656357561
124.393419639
125.162784843
125.961877871
126.790650390
127.647614365
128.533845755
178.427202976
178.056931282
177.686426482
177.303976298
176.907912461
176.493379938
176.050555404
175.578889685
175.072583798
174.525595886
173.938403955
173.304809014
172.621257769
171.887486644
171.104128161
170.264715454
169.374278300
168.429314539
167.433088579
166.383885312
165.284233205
164.137554917
162.945298088
161.708938850
160.433500073
159.119292435
157.776406933
156.402822473
155.004806405
153.587465224
152.152609113
150.710881991
149.256138174
147.803499184
146.349773350
144.902666140
143.464857444
142.042518061
140.636496464
139.253572478
137.892075026
136.559599090
135.257879596
133.988689013
132.754934401
131.560004507
130.405162463
129.290368947
128.219786843
127.193896367
126.214014980
125.278695158
124.393333856
123.554449773
122.762853032
122.018776777
121.325237949
120.679234637
120.080717974
119.528683289
119.025510811
118.568394250
118.157555586
117.791700974
117.470589111
117.192704025
116.959664052
116.767333179
116.617272340
116.506174546
116.435546891
116.403681454
116.408676425
116.451863635
116.530076043
116.644075200
116.794295485
116.977599890
117.193035093
117.442614543
117.725120463
118.038530161
118.384761153
118.762507396
119.170310610
119.609789675
120.080056954
120.579583600
121.111990149
121.675069963
122.267426143
122.890304874
123.544809548
124.227920297
124.941460210
125.686619158
126.461239677
127.265323287
128.097742220
128.959779265
178.023816053
177.654820666
177.281901698
176.893286433
176.487606184
176.060303066
175.601675345
175.111286794
174.583764373
174.013133295
173.400541872
172.739863537
172.028037790
171.264963952
170.451945100
169.582950987
168.663151102
167.689494688
166.665614926
165.590471693
164.466640436
163.298033153
162.086308911
160.833373018
159.544322362
158.219849116
156.870211369
155.493522767
154.096159311
152.683483860
151.257194951
149.827869516
148.389544893
146.957366063
145.527786016
144.108659714
142.702461813
141.315033429
139.947368014
138.605958084
137.288827751
136.003551614
134.751306105
133.534153486
132.354332304
131.215127679
130.117522380
129.061270487
128.050374406
127.084896260
126.166203474
125.292248679
124.468379249
123.690808578
122.960318798
122.276733677
121.642871807
121.055667373
120.514637710
120.018789860
119.570226146
119.166057499
118.806153368
118.489250902
118.214979147
117.981355477
117.790194885
117.637202093
117.523649040
117.446269015
117.406623744
117.402592667
117.432566568
117.497566598
117.594480345
117.724212739
117.886919068
118.079644939
118.301633433
118.554636199
118.837619711
119.148601903
119.489714916
119.859747779
120.257386973
120.684097275
121.139531612
121.622166572
122.135706370
122.678200215
123.248627252
123.848176487
124.478380018
125.136152107
125.823839692
126.542677577
127.290920131
128.068576974
128.874860959
129.711216705
178.666232435
178.300372732
177.926646967
177.533188845
177.118935352
176.679631203
176.205677212
175.696738355
175.147859663
174.553139276
173.914369066
173.225478914
172.483910481
171.689695622
170.844811327
169.943629592
168.991456168
167.985671381
166.930276444
165.824917159
164.672143876
163.476403538
162.239532094
160.963860788
159.654558311
158.312700775
156.948709310
155.560828937
154.155560842
152.738526956
151.311326324
149.884486628
148.452227851
147.029762008
145.613187503
144.210515703
142.824086717
141.459400373
140.117640949
138.805029247
137.519312732
136.268089511
135.051965071
133.873391392
132.733910176
131.636749949
130.582628155
129.571135991
128.606127619
127.687277868
126.816023325
125.989738185
125.213743744
124.483968225
123.801167326
123.164777514
122.577442686
122.036030624
121.539651630
121.087316646
120.680878129
120.317364372
119.996302289
119.716463783
119.477355292
119.276542990
119.116035445
118.991397069
118.903606535
118.849442761
118.830543368
118.844357635
118.889601390
118.966994782
119.073468515
119.210085030
119.376722113
119.570626844
119.791250344
120.040085833
120.316285345
120.617908001
120.947307387
121.303394287
121.684968999
122.093369292
122.528768584
122.989676486
123.479830753
123.997568726
124.542217607
125.114917663
125.717603784
126.347090220
127.006256935
127.696345026
128.416010143
129.165230109
129.943537119
130.752491994
180.344865195
179.984497409
179.612034209
179.215489785
178.794105683
178.343942674
177.855477614
177.328468199
176.758367709
176.139352663
175.473834761
174.755781934
173.983146689
173.156065337
172.277190983
171.341265130
170.353727778
169.312366843
168.221553731
167.081635889
165.895063107
164.666866699
163.399025633
162.094296271
160.757917901
159.391354495
158.005186644
156.597791588
155.175813441
153.745135628
152.307272055
150.872719916
149.435882418
148.012082324
146.597065403
145.199006808
143.820177575
142.465730143
141.137083907
139.840199723
138.572575316
137.341878110
136.148126233
134.994260677
133.881096596
132.811849474
131.786985132
130.805973161
129.872532113
128.985978068
128.147834437
127.354917002
126.612544243
125.916374914
125.267144349
124.663921511
124.109198260
123.599775917
123.134384218
122.712030979
122.334349353
121.998285474
121.703035832
121.447413469
121.230810331
121.050361859
120.908268538
120.799976532
120.726171490
120.683682636
120.674252712
120.694884077
120.744651977
120.823991709
120.929866716
121.063512754
121.224535700
121.410405087
121.620794513
121.856944003
122.118192711
122.402644735
122.712882455
123.047962521
123.406769236
123.790547512
124.199962748
124.633587490
125.095143262
125.583287202
126.097663830
126.639372166
127.210724752
127.808401330
128.435819002
129.094189408
129.782554030
130.500821734
131.248820816
132.028182543
183.048327699
182.695863959
182.326758558
181.928889502
181.501796718
181.041878775
180.539658750
179.994982002
179.403700225
178.760075978
178.067118707
177.318816993
176.513642542
175.651810438
174.736651181
173.763246042
172.737167910
171.656586225
170.526246471
169.347219021
168.121772406
166.855574986
165.550714673
164.210374105
162.839860988
161.441032071
160.024622179
158.589144313
157.141403896
155.687546052
154.229014887
152.776294737
151.323974434
149.887526975
148.462350284
147.056788328
145.673103179
144.316098094
142.987470096
141.692926825
140.429742326
139.205699211
138.020209415
136.876800240
135.775530079
134.719641034
133.709359859
132.744074922
131.827381267
130.958263783
130.138348817
129.363913802
128.640298151
127.962902705
127.332453858
126.747672445
126.210919375
125.718933566
125.270091535
124.863392266
124.500283029
124.177630112
123.894314266
123.649199460
123.441572479
123.268164981
123.131368922
123.026537670
122.954069295
122.910847620
122.898756459
122.914336956
122.957058344
123.027094440
123.121431371
123.241494654
123.386628570
123.554546125
123.745160265
123.959463759
124.196984028
124.455876664
124.738958824
125.045452839
125.374298220
125.726687288
126.103738130
126.504118043
126.931481984
127.384836463
127.864108713
128.370362232
128.906261245
129.468316806
130.060479784
130.683899574
131.337981967
132.022532578
132.737649661
133.484989117
186.745597735
186.403398948
186.039669968
185.642148637
185.210661516
184.741977154
184.226633247
183.664561656
183.052003940
182.383320611
181.662097251
180.882328635
180.043013406
179.144423510
178.190566504
177.176835908
176.108937637
174.985394017
173.811328112
172.588560535
171.319091086
170.009280941
168.661290628
167.278732183
165.866976080
164.428277810
162.973516117
161.501346740
160.018753186
158.532138370
157.042891930
155.561499961
154.082741942
152.622272164
151.175149117
149.749886991
148.348792008
146.976320672
145.634487698
144.328747174
143.056176347
141.824717589
140.633154787
139.485696944
138.381615225
137.324214235
136.313493516
135.348799491
134.433615131
133.566622566
132.749564993
131.978203359
131.257921612
130.583871547
129.956788253
129.375063819
128.840948727
128.351127785
127.903654016
127.497514126
127.134005828
126.809920482
126.523841921
126.274698065
126.061681109
125.881154798
125.735701638
125.620612677
125.536009213
125.478833373
125.451152714
125.449036431
125.472381534
125.521130740
125.592283511
125.687471556
125.805792589
125.945223618
126.105935179
126.288679518
126.493172758
126.717630631
126.965108828
127.235010044
127.526301323
127.840168576
128.178131548
128.538984378
128.926266877
129.339360126
129.778435529
130.244525261
130.740618000
131.263023101
131.816213608
132.401246861
133.017865742
133.665741968
134.345214635
135.057919572
191.392130968
191.062012487
190.705123157
190.309072325
189.873958492
189.396962277
188.868607390
188.288915399
187.654512004
186.959874245
186.209142006
185.396306209
184.520901387
183.583237192
182.587996239
181.530858606
180.417665292
179.247259448
178.025143103
176.753920053
175.435225046
174.076170171
172.678947647
171.247602892
169.787558331
168.301473302
166.800352355
165.283003220
163.756600487
162.227794946
160.697935754
159.177520339
157.661525979
156.165807068
154.685096411
153.228073313
151.797133694
150.396393414
149.028221902
147.697810871
146.402070035
145.149142321
143.937161780
142.771109292
141.649440709
140.575555139
139.549235841
138.569827316
137.640710856
136.760296310
135.930455596
135.146458600
134.413757494
133.727262140
133.087740597
132.493277594
131.946032770
131.442650137
130.980892709
130.559733765
130.180360859
129.839498926
129.535457712
129.267245656
129.033972232
128.831677695
128.663133559
128.523603679
128.412948218
128.328170604
128.271568851
128.238734824
128.230022701
128.245181687
128.281214767
128.339973948
128.420330330
128.520541605
128.641054422
128.782386532
128.944441331
129.125504154
129.328868377
129.554124574
129.800240588
130.068446017
130.360597913
130.675647915
131.016974446
131.384350590
131.778150198
132.199374695
132.651308305
133.130026992
133.640504334
134.183679003
134.759597547
135.367770837
136.008746153
136.684095934
196.927854506
196.610662181
196.261111067
195.866712628
195.427820268
194.942081218
194.399981814
193.801642562
193.144071322
192.421890135
191.639768890
190.791693252
189.877741697
188.898247954
187.858564044
186.754633286
185.592435534
184.371099917
183.096503741
181.772071477
180.398968262
178.985114469
177.532687620
176.046170152
174.531017829
172.990297135
171.435109758
169.864426020
168.285618273
166.705567387
165.125592903
163.556206378
161.992592133
160.450806378
158.925276794
157.424833971
155.951999709
154.510559125
153.103268702
151.735039467
150.402645864
149.114466603
147.867965252
146.668977065
145.515118840
144.409911581
143.352932864
142.343565967
141.385099067
140.475704414
139.617390899
138.804968890
138.043981566
137.329103096
136.661165725
136.037971449
135.461607527
134.928695419
134.436746541
133.984722674
133.573742842
133.200478245
132.862992295
132.560393573
132.291721042
132.052746765
131.846427188
131.668038836
131.517201661
131.390981606
131.291957179
131.215243477
131.161675939
131.130854211
131.119774072
131.130519390
131.161758867
131.212043155
131.282112313
131.372255228
131.482558947
131.611388288
131.762267953
131.934976172
132.128456949
132.344036328
132.583830774
132.846978581
133.136654724
133.453032482
133.796643211
134.168455953
134.572019352
135.003147556
135.467282453
135.965221757
136.497276253
137.062774202
137.662435438
138.297728680
203.249292150
202.944601919
202.601669126
202.207960262
201.764065033
201.268161853
200.710685519
200.091869654
199.409105159
198.657198866
197.841320110
196.955456252
196.000236033
194.976006317
193.888776539
192.734728677
191.519985948
190.243922875
188.912779023
187.530837185
186.098678231
184.625083542
183.112160647
181.564828958
179.988547871
178.386789353
176.770709137
175.139449846
173.500579472
171.861179941
170.222547353
168.595200520
166.974542314
165.376810754
163.796157768
162.241540471
160.715632366
159.221901706
157.763519149
156.345086754
154.963280916
153.626744285
152.332254151
151.086571692
149.886459118
148.735583357
147.633327105
146.579155633
145.576271835
144.622650495
143.720443541
142.864042089
142.059102541
141.300071096
140.587883156
139.920088060
139.298718516
138.720397741
138.182430935
137.683773848
137.225520744
136.804307477
136.417984672
136.065783306
135.746685061
135.456259976
135.197641967
134.966165240
134.761234396
134.579978443
134.425306237
134.291865088
134.180986691
134.092170764
134.022394269
133.973979381
133.945421109
133.935568135
133.945468906
133.975187011
134.024986969
134.093322162
134.183934605
134.296781199
134.430759959
134.587345593
134.768823766
134.974544490
135.207442941
135.468088616
135.757123905
136.075480373
136.426937440
136.807023236
137.221604510
137.671319807
138.156700006
138.676874296
139.232696841
139.825496062
210.240465538
209.945902483
209.606973452
209.211178967
208.759327614
208.250206168
207.674197042
207.031669431
206.320404125
205.535447719
204.682432901
203.755368758
202.755440288
201.683003383
200.544706283
199.336946619
198.065998011
196.731436613
195.339841265
193.896390275
192.400959288
190.863236547
189.285196182
187.672189919
186.029640324
184.361416657
182.678669830
180.980723405
179.275327636
177.569723682
175.865184176
174.172217031
172.486456965
170.824276638
169.179591758
167.561447641
165.972682469
164.416464926
162.896398127
161.416736451
159.974099342
158.577411081
157.222753403
155.917867830
154.658657271
153.448952894
152.287952228
151.175247247
150.113961044
149.101916042
148.141409064
147.226461238
146.362861804
145.544837602
144.773472336
144.046097883
143.364708468
142.725956892
142.126994089
141.566778386
141.046422019
140.562549644
140.112836355
139.696658947
139.312954473
138.957166346
138.632593952
138.334676931
138.062632356
137.813650564
137.591017601
137.388930385
137.209220766
137.051342028
136.912238300
136.794471665
136.696394376
136.617150336
136.558107070
136.519104877
136.500576738
136.501071667
136.524527491
136.571062351
136.639509026
136.731541565
136.849513354
136.993007270
137.164690361
137.365511037
137.596176162
137.857572381
138.153674917
138.479706625
138.841905846
139.240739258
139.676909918
140.149337904
140.658972029
141.206969382
217.741126937
217.451713889
217.111681649
216.708672189
216.243698469
215.716243001
215.116653125
214.445464063
213.700858628
212.878194746
211.983524556
211.010912347
209.962103571
208.837464940
207.644256533
206.379067225
205.048330313
203.651775140
202.196283065
200.687958781
199.125848305
197.520579345
195.873919946
194.191641346
192.479075423
190.740470926
188.986897035
187.217862516
185.441272269
183.664469867
181.888696221
180.124415770
178.367509153
176.634405616
174.918834797
173.229876124
171.570530560
169.943687180
168.353389461
166.803494371
165.290610059
163.823946433
162.398890468
161.024196102
159.694916039
158.415058700
157.183644705
156.000439196
154.868487816
153.785511910
152.753950096
151.767513543
150.832140537
149.941849632
149.097922843
148.297516518
147.542600131
146.829887524
146.156433980
145.521212297
144.925393433
144.365620845
143.839435389
143.346383115
142.885368530
142.451792061
142.049101055
141.672890804
141.322220143
140.994337304
140.692946763
140.411821646
140.153284946
139.916799341
139.699260478
139.503465363
139.327656745
139.171261745
139.035972434
138.921406369
138.828152967
138.754861785
138.705636510
138.680731238
138.678899004
138.702058402
138.752521592
138.830120685
138.937235343
139.075161915
139.244626412
139.446461606
139.684801927
139.954553030
140.262261775
140.608216631
140.993242496
141.416047569
141.877635019
142.378966368
225.554557616
225.262355048
224.913303188
224.495321454
224.009618990
223.456468305
222.826220087
222.119614975
221.335255167
220.468898473
219.526963087
218.503616661
217.401166336
216.219998265
214.967945652
213.641763340
212.248054770
210.786649903
209.264679521
207.689194754
206.058288195
204.383541320
202.666434232
200.913133721
199.128813983
197.318072188
195.491800756
193.649691026
191.799759006
189.949376704
188.099735283
186.261207338
184.429933086
182.622285802
180.831869881
179.067727297
177.333003417
175.630329734
173.964183097
172.337964483
170.748318372
169.204728985
167.701900710
166.249603720
164.842066031
163.483479364
162.172693386
160.909692958
159.697445776
158.533626602
157.420807888
156.352461188
155.334684152
154.361301243
153.433845457
152.549345489
151.709756747
150.911886764
150.152760230
149.431378461
148.749007583
148.102345314
147.488842017
146.908235118
146.359407316
145.837805235
145.347001582
144.882797602
144.444123700
144.028281337
143.639425755
143.270943082
142.925624800
142.602999327
142.299896931
142.019338774
141.759492488
141.520048021
141.303021947
141.107808443
140.935139917
140.783768854
140.657928335
140.557976901
140.482579222
140.433936854
140.414208631
140.423487927
140.463858909
140.536921418
140.643379663
140.784002989
140.963048759
141.175101294
141.426946155
141.718694162
142.051241532
142.423089371
142.835256127
143.288491209
233.459429460
233.153210735
232.784124344
232.340529099
231.823827793
231.235179762
230.564999773
229.814279983
228.982063110
228.064610765
227.068643299
225.988493146
224.827026773
223.584664324
222.269761972
220.879212740
219.419802232
217.891405934
216.301334474
214.657588967
212.957193972
211.212675688
209.425138848
207.601108526
205.745523226
203.863283522
201.964994411
200.050518773
198.127924155
196.204521229
194.281423633
192.368847328
190.463204728
188.580666915
186.714783848
184.874471098
183.062983760
181.282716640
179.538558427
177.833387859
176.163933367
174.539924182
172.955408277
171.421142263
169.930572848
168.488073909
167.092325718
165.743578588
164.444716969
163.193425519
161.992396528
160.834941195
159.727319628
158.663179281
157.644356083
156.667804319
155.735471806
154.844291622
153.991327032
153.175624320
152.398573093
151.656966447
150.948208364
150.272246204
149.627950520
149.010905318
148.424780544
147.865632649
147.332291445
146.822106529
146.339704679
145.878131491
145.440610925
145.026791279
144.633419971
144.263725919
143.915836240
143.589674695
143.287576791
143.008712409
142.753941525
142.522120504
142.317568419
142.140713134
141.990129320
141.868330190
141.777210505
141.717132856
141.689889466
141.697326779
141.740092618
141.818883581
141.938044653
142.091843810
142.287230310
142.524145387
142.803507580
143.123623718
143.485490714
143.889638272
241.198669224
240.863545480
240.459983474
239.976967067
239.416099941
238.779522976
238.057800430
237.252229586
236.362318029
235.384948107
234.327069384
233.183252467
231.956916177
230.648535201
229.266925341
227.809088567
226.282003579
224.685535229
223.027086933
221.315590736
219.546904487
217.734461503
215.878898550
213.987045835
212.063518670
210.113458738
208.147059009
206.164330785
204.173316406
202.181159601
200.188856892
198.206384968
196.230437920
194.276804763
192.339057998
190.425880871
188.540584967
186.685347024
184.865426148
183.083107859
181.335248392
179.631772329
177.966111254
176.349940183
174.775985401
173.248793333
171.766869983
170.330773307
168.943294783
167.602182361
166.310228334
165.060669453
163.859921425
162.701475603
161.587517575
160.514984975
159.485819463
158.497108323
157.546024663
156.631677645
155.755599072
154.914722773
154.106449566
153.330950572
152.587093146
151.870688141
151.185470712
150.527798866
149.896427268
149.288749322
148.709871228
148.152553926
147.620406547
147.113247633
146.627725153
146.167255901
145.729959969
145.315960959
144.927901609
144.564727988
144.227412985
143.914915972
143.631595122
143.377911654
143.152356823
142.957772841
142.795687471
142.666737151
142.572437722
142.514815913
142.494436349
142.511915697
142.571653777
142.667616527
142.806839822
142.989111385
143.215326427
143.483617629
143.794927795
144.149567740
248.493285233
248.111205893
247.655839126
247.116993125
246.496488618
245.797531938
245.010944170
244.138383745
243.179847598
242.132962037
241.004823265
239.790320418
238.493411593
237.114650036
235.663233598
234.136242255
232.540855598
230.876871849
229.151684853
227.375110356
225.541765919
223.665920720
221.747652154
219.794024555
217.809236986
215.798592728
213.771739461
211.728800866
209.677701557
207.625299227
205.572423951
203.528713120
201.491147784
199.474926337
197.473723336
195.495868358
193.544660530
191.622069344
189.733663812
187.881062984
186.061286568
184.284384570
182.543223890
180.850290235
179.197665359
177.590049507
176.025761121
174.505701595
173.032553517
171.604174941
170.223432272
168.883576254
167.591159701
166.339542101
165.131296452
163.963403090
162.837793843
161.751733190
160.702575142
159.689510239
158.714219404
157.773826652
156.865769668
155.990452463
155.146747661
154.330776948
153.546307831
152.790041774
152.060680932
151.355661062
150.680562610
150.027926876
149.401692761
148.801894496
148.225067200
147.674794275
147.149221988
146.648636662
146.175973232
145.729957442
145.311661928
144.920148947
144.559767940
144.230979796
143.932208485
143.666630957
143.435317375
143.239181415
143.079489618
142.958376361
142.876306294
142.833811885
142.835318925
142.874515142
142.958446707
143.086771875
143.260321625
143.477082175
143.737914275
144.042920176
255.068381742
254.618314981
254.091113735
253.477614081
252.779877607
252.002241735
251.135909384
250.182954898
249.143886043
248.017195327
246.810035757
245.517697125
244.144656658
242.691572002
241.167933026
239.570865816
237.907753575
236.178276357
234.389704320
232.552659100
230.660478396
228.728163241
226.755146144
224.748638471
222.712331686
220.651596426
218.575400460
216.483931980
214.384894480
212.284732691
210.184053826
208.092042750
206.005968782
203.940211373
201.888625979
199.859056549
197.854708406
195.877345436
193.932767037
192.021855646
190.141818414
188.302741147
186.496989065
184.737710598
183.016431805
181.337978447
179.700457597
178.105141435
176.554581368
175.046779880
173.584645577
172.161530222
170.784091536
169.445583656
168.148990549
166.891393492
165.674704164
164.496379305
163.354019625
162.246914947
161.176888378
160.141304927
159.137673455
158.166632950
157.227069819
156.315489798
155.435659367
154.584659988
153.761159017
152.962636202
152.195127700
151.451026153
150.734540495
150.045958377
149.381692869
148.745473313
148.135502717
147.552193495
146.998754076
146.473697710
145.978186452
145.511386416
145.077591906
144.677235424
144.308699161
143.975488008
143.678142076
143.417855163
143.195682197
143.013789966
142.872537638
142.772373255
142.717725299
142.702036435
142.732290393
142.808048355
142.930042573
143.096147079
143.307118874
143.562870651
260.662417259
260.121794210
259.501470513
258.793501162
258.000216992
257.127123349
256.165937832
255.119197461
253.987934423
252.771616188
251.477357439
250.100922905
248.647280370
247.117214317
245.520404890
243.853991997
242.125555923
240.334612666
238.488188387
236.597599777
234.654906068
232.675703266
230.658705882
228.611170995
226.536199336
224.439122558
222.328102247
220.203331587
218.072184322
215.940564371
213.808797006
211.685492598
209.568205858
207.470262384
205.385771581
203.321955795
201.281838257
199.266967527
197.283278187
195.330854246
193.407099630
191.522030571
189.667581502
187.857381663
186.082497573
184.347844640
182.651284362
180.994476145
179.379812603
177.805459384
176.274331294
174.779961697
173.329067563
171.914827580
170.540642476
169.203749154
167.906023896
166.645120987
165.418946506
164.226906552
163.070945874
161.948721437
160.857840948
159.799174363
158.771631305
157.772161200
156.804499448
155.866136910
154.955719803
154.070778537
153.217774350
152.389026949
151.588955136
150.818129525
150.072837430
149.356936431
148.668714355
148.008675983
147.380282298
146.781847451
146.214615494
145.677859553
145.175776410
144.708749016
144.275152455
143.878800071
143.519650270
143.199180274
142.918278636
142.679070673
142.481814761
142.326878547
142.218675544
142.150444090
142.129038457
142.153961616
142.225819562
142.342413229
142.504380389
142.711470622
265.048208331
264.393972855
263.658999877
262.836729147
261.929790458
260.944858893
259.874299961
258.721147312
257.486959622
256.172266160
254.784046363
253.318601130
251.781349680
250.173221275
248.503974922
246.770733925
244.981257804
243.134861009
241.238205817
239.303161432
237.320555354
235.306413625
233.258676947
231.184536377
229.086433131
226.969547369
224.841122806
222.701290370
220.556985941
218.413450235
216.270669197
214.136553650
212.008936329
209.899860897
207.803752449
205.727078131
203.672590066
201.641597580
199.640063405
197.667223771
195.720671128
193.810235228
191.927493462
190.086346846
188.277500171
186.505915456
184.769163287
183.069294084
181.408508672
179.785135135
178.202054628
176.653052389
175.144845176
173.670567255
172.234022242
170.832650189
169.468271638
168.138733883
166.842295373
165.578494094
164.349362563
163.152899191
161.986830274
160.852246693
159.748092523
158.671804392
157.627061511
156.611787397
155.624616881
154.663143316
153.734213237
152.830151371
151.955531383
151.111227540
150.293404984
149.506037563
148.747523523
148.018432840
147.322458239
146.657734327
146.025585222
145.425397301
144.861234309
144.333418831
143.840361437
143.386153895
142.970145179
142.594101038
142.258795006
141.966241993
141.716615269
141.510210650
141.351415796
141.233311933
141.162564762
141.138664241
141.162069446
141.230551380
141.344619266
141.503892480
268.041514428
267.251842846
266.382131866
265.427330332
264.390389596
263.279112961
262.086633771
260.816494901
259.470767201
258.051092461
256.564218703
255.007020297
253.385318118
251.700193192
249.961365159
248.165912164
246.321739818
244.427933944
242.490679715
240.522228327
238.512269555
236.477071885
234.413769758
232.329371927
230.225612926
228.107408729
225.980998668
223.846380947
221.709954354
219.576188971
217.444682914
215.322527680
213.207825182
211.111131828
209.027238019
206.961733540
204.917018118
202.894126143
200.898937018
198.929807718
196.984495710
195.072522676
193.185184046
191.336426911
189.516690270
187.730935641
185.976388615
184.255482480
182.570190104
180.918980689
179.304660767
177.721323767
176.175615121
174.660657210
173.180621332
171.733188518
170.320099913
168.939380663
167.589674611
166.270664738
164.984425512
163.729341986
162.503269598
161.307504530
160.141037823
159.001817961
157.893449372
156.814303734
155.763009540
154.737240427
153.744180642
152.776236369
151.838088667
150.930925807
150.050801378
149.201799015
148.382449240
147.593367389
146.838456737
146.115698246
145.426497289
144.770362923
144.151197942
143.569263002
143.023053107
142.516898072
142.049533090
141.623019461
141.238068972
140.896525320
140.598500708
140.344231548
140.138075085
139.973006830
139.855453416
139.784941000
139.761767964
139.783720515
139.851175477
139.963659532
/

COPY
 'PERMX'  'PERMY'  /
 'PERMX'  'PERMZ' /
/

DX
 10000*10 /
DY
 10000*10 /
DZ
 10000*10 /

TOPS
 10000*2355 /

PORO
 10000*0.18 /

PROPS    ===============================================================

-- Two-phase (water-oil) rel perm curves
-- Sw Krw  Kro  Pcow
SWOF
    0.1500       0.0    1.0000         0.0
    0.2000    0.0059    0.8521         0.0
    0.2500    0.0237    0.7160         0.0
    0.3000    0.0533    0.5917         0.0
    0.3500    0.0947    0.4793         0.0
    0.4000    0.1479    0.3787         0.0
    0.4500    0.2130    0.2899         0.0
    0.5000    0.2899    0.2130         0.0
    0.5500    0.3787    0.1479         0.0
    0.6000    0.4793    0.0947         0.0
    0.6500    0.5917    0.0533         0.0
    0.7000    0.7160    0.0237         0.0
    0.7500    0.8521    0.0059         0.0
    0.8000    1.0000       0.0         0.0
/

--PVCDO
-- REF.PRES.   FVF   COMPRESSIBILITY  REF.VISC.  VISCOSIBILITY
--   234         1.065    6.65e-5         5.0     1.9e-3   /

-- In a e300 run we must use PVDO
PVDO
 220    1.065    5.0 
 240    1.06499    5.0 /

DENSITY               
912.0   1000.0   0.8266         
/
               
PVTW               
234.46   1.0042   5.43E-05   0.5   1.11E-04   /

-- ROCK COMPRESSIBILITY
--
--    REF. PRES   COMPRESSIBILITY
ROCK
         235           0.00045   /

REGIONS  ===============================================================

ENDBOX

SOLUTION ===============================================================

--    DATUM  DATUM   OWC    OWC    GOC    GOC    RSVD   RVVD   SOLN
--    DEPTH  PRESS  DEPTH   PCOW  DEPTH   PCOG  TABLE  TABLE   METH
EQUIL
     2355.00 200.46 3000 0.00  2355.0 0.000     0     0 /

RPTSOL
'PRES' 'SWAT' /

RPTRST
 BASIC=2 /

SUMMARY ================================================================

RUNSUM

EXCEL

--RPTONLY
FOPT
FGPT
FWPT
FWIT

WWIR
/

WOPR
/

WWPR
/

SCHEDULE =============================================================

RPTSCHED
 'NEWTON=2' /

RPTRST
 BASIC=2 /

-- AJGWELLS
-- 'INJ-1' 'WWIR' /
-- 'PRO-1' 'WLPR' /
--/

-- AJGPARAM
-- 'PERMX' 'PORO' /

------------------- WELL SPECIFICATION DATA --------------------------
WELSPECS
'INJ-1'  'G'    1   1  2357   WATER     1*   'STD'   3*  /
'INJ-2'  'G'   100   1  2357   WATER     1*   'STD'   3*  /
'PRO-1'  'G'   50  80  2357   OIL       1*   'STD'   3*  /
/
COMPDAT
--                                        RADIUS    SKIN
'INJ-1'     1    1   1   1   'OPEN'   2*  0.15  1*  5.0 /
'INJ-2'    100    1   1   1   'OPEN'   2*  0.15  1*  5.0 /
'PRO-1'    50  80   1   1   'OPEN'   2*  0.15  1*  5.0 /
/

WCONINJE
INJ-1     WAT 1* RATE 300.0 /
INJ-2     WAT 1* RATE 300.0 /
/

WCONPROD
PRO-1     OPEN ORAT 100.0 /
/

TSTEP
 30 /

WCONINJE
INJ-1     WAT 1* RATE 300.0 /
INJ-2     WAT 1* RATE 300.0 /
/

WCONPROD
PRO-1     OPEN ORAT 100.0 /
/

TSTEP
 30 /

WCONINJE
INJ-1     WAT 1* RATE 300.0 /
INJ-2     WAT 1* RATE 300.0 /
/

WCONPROD
PRO-1     OPEN ORAT 100.0 /
/

TSTEP
 30 /

WCONINJE
INJ-1     WAT 1* RATE 300.0 /
INJ-2     WAT 1* RATE 300.0 /
/

WCONPROD
PRO-1     OPEN ORAT 100.0 /
/

TSTEP
 30 /

WCONINJE
INJ-1     WAT 1* RATE 300.0 /
INJ-2     WAT 1* RATE 300.0 /
/

WCONPROD
PRO-1     OPEN ORAT 100.0 /
/

TSTEP
 30 /

WCONINJE
INJ-1     WAT 1* RATE 300.0 /
INJ-2     WAT 1* RATE 300.0 /
/

WCONPROD
PRO-1     OPEN ORAT 100.0 /
/

TSTEP
 30 /

WCONINJE
INJ-1     WAT 1* RATE 300.0 /
INJ-2     WAT 1* RATE 300.0 /
/

WCONPROD
PRO-1     OPEN ORAT 100.0 /
/

TSTEP
 30 /

WCONINJE
INJ-1     WAT 1* RATE 300.0 /
INJ-2     WAT 1* RATE 300.0 /
/

WCONPROD
PRO-1     OPEN ORAT 100.0 /
/

TSTEP
 30 /

WCONINJE
INJ-1     WAT 1* RATE 300.0 /
INJ-2     WAT 1* RATE 300.0 /
/

WCONPROD
PRO-1     OPEN ORAT 100.0 /
/

TSTEP
 30 /

WCONINJE
INJ-1     WAT 1* RATE 300.0 /
INJ-2     WAT 1* RATE 300.0 /
/

WCONPROD
PRO-1     OPEN ORAT 100.0 /
/

TSTEP
 30 /

WCONINJE
INJ-1     WAT 1* RATE 300.0 /
INJ-2     WAT 1* RATE 300.0 /
/

WCONPROD
PRO-1     OPEN ORAT 100.0 /
/

TSTEP
 30 /

WCONINJE
INJ-1     WAT 1* RATE 300.0 /
INJ-2     WAT 1* RATE 300.0 /
/

WCONPROD
PRO-1     OPEN ORAT 100.0 /
/

TSTEP
 30 /

WCONINJE
INJ-1     WAT 1* RATE 300.0 /
INJ-2     WAT 1* RATE 300.0 /
/

WCONPROD
PRO-1     OPEN ORAT 100.0 /
/

TSTEP
 30 /

WCONINJE
INJ-1     WAT 1* RATE 300.0 /
INJ-2     WAT 1* RATE 300.0 /
/

WCONPROD
PRO-1     OPEN ORAT 100.0 /
/

TSTEP
 30 /

WCONINJE
INJ-1     WAT 1* RATE 300.0 /
INJ-2     WAT 1* RATE 300.0 /
/

WCONPROD
PRO-1     OPEN ORAT 100.0 /
/

TSTEP
 30 /

WCONINJE
INJ-1     WAT 1* RATE 300.0 /
INJ-2     WAT 1* RATE 300.0 /
/

WCONPROD
PRO-1     OPEN ORAT 100.0 /
/

TSTEP
 30 /

WCONINJE
INJ-1     WAT 1* RATE 300.0 /
INJ-2     WAT 1* RATE 300.0 /
/

WCONPROD
PRO-1     OPEN ORAT 100.0 /
/

TSTEP
 30 /

WCONINJE
INJ-1     WAT 1* RATE 300.0 /
INJ-2     WAT 1* RATE 300.0 /
/

WCONPROD
PRO-1     OPEN ORAT 100.0 /
/

TSTEP
 30 /

WCONINJE
INJ-1     WAT 1* RATE 300.0 /
INJ-2     WAT 1* RATE 300.0 /
/

WCONPROD
PRO-1     OPEN ORAT 100.0 /
/

TSTEP
 30 /

WCONINJE
INJ-1     WAT 1* RATE 300.0 /
INJ-2     WAT 1* RATE 300.0 /
/

WCONPROD
PRO-1     OPEN ORAT 100.0 /
/

TSTEP
 30 /

WCONINJE
INJ-1     WAT 1* RATE 300.0 /
INJ-2     WAT 1* RATE 300.0 /
/

WCONPROD
PRO-1     OPEN ORAT 100.0 /
/

TSTEP
 30 /

WCONINJE
INJ-1     WAT 1* RATE 300.0 /
INJ-2     WAT 1* RATE 300.0 /
/

WCONPROD
PRO-1     OPEN ORAT 100.0 /
/

TSTEP
 30 /

WCONINJE
INJ-1     WAT 1* RATE 300.0 /
INJ-2     WAT 1* RATE 300.0 /
/

WCONPROD
PRO-1     OPEN ORAT 100.0 /
/

TSTEP
 30 /

WCONINJE
INJ-1     WAT 1* RATE 300.0 /
INJ-2     WAT 1* RATE 300.0 /
/

WCONPROD
PRO-1     OPEN ORAT 100.0 /
/

TSTEP
 30 /

WCONINJE
INJ-1     WAT 1* RATE 300.0 /
INJ-2     WAT 1* RATE 300.0 /
/

WCONPROD
PRO-1     OPEN ORAT 100.0 /
/

TSTEP
 30 /

WCONINJE
INJ-1     WAT 1* RATE 300.0 /
INJ-2     WAT 1* RATE 300.0 /
/

WCONPROD
PRO-1     OPEN ORAT 100.0 /
/

TSTEP
 30 /

WCONINJE
INJ-1     WAT 1* RATE 300.0 /
INJ-2     WAT 1* RATE 300.0 /
/

WCONPROD
PRO-1     OPEN ORAT 100.0 /
/

TSTEP
 30 /

WCONINJE
INJ-1     WAT 1* RATE 300.0 /
INJ-2     WAT 1* RATE 300.0 /
/

WCONPROD
PRO-1     OPEN ORAT 100.0 /
/

TSTEP
 30 /

WCONINJE
INJ-1     WAT 1* RATE 300.0 /
INJ-2     WAT 1* RATE 300.0 /
/

WCONPROD
PRO-1     OPEN ORAT 100.0 /
/

TSTEP
 30 /

WCONINJE
INJ-1     WAT 1* RATE 300.0 /
INJ-2     WAT 1* RATE 300.0 /
/

WCONPROD
PRO-1     OPEN ORAT 100.0 /
/

TSTEP
 30 /

WCONINJE
INJ-1     WAT 1* RATE 300.0 /
INJ-2     WAT 1* RATE 300.0 /
/

WCONPROD
PRO-1     OPEN ORAT 100.0 /
/

TSTEP
 30 /

WCONINJE
INJ-1     WAT 1* RATE 300.0 /
INJ-2     WAT 1* RATE 300.0 /
/

WCONPROD
PRO-1     OPEN ORAT 100.0 /
/

TSTEP
 30 /

WCONINJE
INJ-1     WAT 1* RATE 300.0 /
INJ-2     WAT 1* RATE 300.0 /
/

WCONPROD
PRO-1     OPEN ORAT 100.0 /
/

TSTEP
 30 /

WCONINJE
INJ-1     WAT 1* RATE 300.0 /
INJ-2     WAT 1* RATE 300.0 /
/

WCONPROD
PRO-1     OPEN ORAT 100.0 /
/

TSTEP
 30 /

WCONINJE
INJ-1     WAT 1* RATE 300.0 /
INJ-2     WAT 1* RATE 300.0 /
/

WCONPROD
PRO-1     OPEN ORAT 100.0 /
/

TSTEP
 30 /

WCONINJE
INJ-1     WAT 1* RATE 300.0 /
INJ-2     WAT 1* RATE 300.0 /
/

WCONPROD
PRO-1     OPEN ORAT 100.0 /
/

TSTEP
 30 /

WCONINJE
INJ-1     WAT 1* RATE 300.0 /
INJ-2     WAT 1* RATE 300.0 /
/

WCONPROD
PRO-1     OPEN ORAT 100.0 /
/

TSTEP
 30 /

WCONINJE
INJ-1     WAT 1* RATE 300.0 /
INJ-2     WAT 1* RATE 300.0 /
/

WCONPROD
PRO-1     OPEN ORAT 100.0 /
/

TSTEP
 30 /

WCONINJE
INJ-1     WAT 1* RATE 300.0 /
INJ-2     WAT 1* RATE 300.0 /
/

WCONPROD
PRO-1     OPEN ORAT 100.0 /
/

TSTEP
 30 /

WCONINJE
INJ-1     WAT 1* RATE 300.0 /
INJ-2     WAT 1* RATE 300.0 /
/

WCONPROD
PRO-1     OPEN ORAT 100.0 /
/

TSTEP
 30 /

WCONINJE
INJ-1     WAT 1* RATE 300.0 /
INJ-2     WAT 1* RATE 300.0 /
/

WCONPROD
PRO-1     OPEN ORAT 100.0 /
/

TSTEP
 30 /

WCONINJE
INJ-1     WAT 1* RATE 300.0 /
INJ-2     WAT 1* RATE 300.0 /
/

WCONPROD
PRO-1     OPEN ORAT 100.0 /
/

TSTEP
 30 /

WCONINJE
INJ-1     WAT 1* RATE 300.0 /
INJ-2     WAT 1* RATE 300.0 /
/

WCONPROD
PRO-1     OPEN ORAT 100.0 /
/

TSTEP
 30 /

WCONINJE
INJ-1     WAT 1* RATE 300.0 /
INJ-2     WAT 1* RATE 300.0 /
/

WCONPROD
PRO-1     OPEN ORAT 100.0 /
/

TSTEP
 30 /

WCONINJE
INJ-1     WAT 1* RATE 300.0 /
INJ-2     WAT 1* RATE 300.0 /
/

WCONPROD
PRO-1     OPEN ORAT 100.0 /
/

TSTEP
 30 /

WCONINJE
INJ-1     WAT 1* RATE 300.0 /
INJ-2     WAT 1* RATE 300.0 /
/

WCONPROD
PRO-1     OPEN ORAT 100.0 /
/

TSTEP
 30 /

WCONINJE
INJ-1     WAT 1* RATE 300.0 /
INJ-2     WAT 1* RATE 300.0 /
/

WCONPROD
PRO-1     OPEN ORAT 100.0 /
/

TSTEP
 30 /

WCONINJE
INJ-1     WAT 1* RATE 300.0 /
INJ-2     WAT 1* RATE 300.0 /
/

WCONPROD
PRO-1     OPEN ORAT 100.0 /
/

TSTEP
 30 /

WCONINJE
INJ-1     WAT 1* RATE 300.0 /
INJ-2     WAT 1* RATE 300.0 /
/

WCONPROD
PRO-1     OPEN ORAT 100.0 /
/

TSTEP
 30 /

WCONINJE
INJ-1     WAT 1* RATE 300.0 /
INJ-2     WAT 1* RATE 300.0 /
/

WCONPROD
PRO-1     OPEN ORAT 100.0 /
/

TSTEP
 30 /

WCONINJE
INJ-1     WAT 1* RATE 300.0 /
INJ-2     WAT 1* RATE 300.0 /
/

WCONPROD
PRO-1     OPEN ORAT 100.0 /
/

TSTEP
 30 /

WCONINJE
INJ-1     WAT 1* RATE 300.0 /
INJ-2     WAT 1* RATE 300.0 /
/

WCONPROD
PRO-1     OPEN ORAT 100.0 /
/

TSTEP
 30 /

WCONINJE
INJ-1     WAT 1* RATE 300.0 /
INJ-2     WAT 1* RATE 300.0 /
/

WCONPROD
PRO-1     OPEN ORAT 100.0 /
/

TSTEP
 30 /

WCONINJE
INJ-1     WAT 1* RATE 300.0 /
INJ-2     WAT 1* RATE 300.0 /
/

WCONPROD
PRO-1     OPEN ORAT 100.0 /
/

TSTEP
 30 /

WCONINJE
INJ-1     WAT 1* RATE 300.0 /
INJ-2     WAT 1* RATE 300.0 /
/

WCONPROD
PRO-1     OPEN ORAT 100.0 /
/

TSTEP
 30 /

WCONINJE
INJ-1     WAT 1* RATE 300.0 /
INJ-2     WAT 1* RATE 300.0 /
/

WCONPROD
PRO-1     OPEN ORAT 100.0 /
/

TSTEP
 30 /

WCONINJE
INJ-1     WAT 1* RATE 300.0 /
INJ-2     WAT 1* RATE 300.0 /
/

WCONPROD
PRO-1     OPEN ORAT 100.0 /
/

TSTEP
 30 /

WCONINJE
INJ-1     WAT 1* RATE 300.0 /
INJ-2     WAT 1* RATE 300.0 /
/

WCONPROD
PRO-1     OPEN ORAT 100.0 /
/

TSTEP
 30 /

WCONINJE
INJ-1     WAT 1* RATE 300.0 /
INJ-2     WAT 1* RATE 300.0 /
/

WCONPROD
PRO-1     OPEN ORAT 100.0 /
/

TSTEP
 30 /

WCONINJE
INJ-1     WAT 1* RATE 300.0 /
INJ-2     WAT 1* RATE 300.0 /
/

WCONPROD
PRO-1     OPEN ORAT 100.0 /
/

TSTEP
 30 /
