-- *------------------------------------------*
-- *                                          *
-- * base grid model with input parameters    *
-- *                                          *
-- *------------------------------------------*
RUNSPEC

TITLE
 3 WELL MODEL

DIMENS
-- NDIVIX NDIVIY NDIVIZ
   100    100      1 /

-- Gradient option
-- AJGRADNT

-- Gradients readeable
-- UNCODHMD

--BLACKOIL
OIL
WATER

METRIC

TABDIMS
-- NTSFUN  NTPVT  NSSFUN  NPPVT  NTFIP  NRPVT  NTENDP
     1       1      35      30     5     30      1 /

EQLDIMS
-- NTEQUL  NDRXVD  NDPRVD
   1       5       100 /

WELLDIMS
-- NWMAXZ NCWMAX NGMAXZ MWGMAX 
    10     1     2      20 /

VFPPDIMS
-- MXMFLO MXMTHP MXMWFR MXMGFR MXMALQ NMMVFT
   10     10     10     10     1      1 /

VFPIDIMS
-- MXSFLO MXSTHP NMSVFT
   10     10     1 /

AQUDIMS
-- MXNAQN  MXNAQC NIFTBL NRIFTB NANAQU NCAMAX
   0       0      1      36     2       200/

START
 01 JAN 2029 /

NSTACK
 25 /

NOECHO

UNIFIN
UNIFOUT

GRID
INIT

PERMX
193.162822292
192.623678831
192.114514827
191.643346886
191.214845590
190.841617300
190.529617560
190.286681388
190.117239973
190.030128127
190.032441857
190.128922984
190.328012127
190.632980167
191.047258739
191.577069227
192.229000703
193.004121292
193.900874613
194.930794968
196.091831412
197.385540890
198.810262307
200.369731198
202.062253703
203.890363176
205.846028878
207.932587251
210.143331780
212.477543178
214.929428463
217.498133952
220.169632074
222.941256995
225.807419229
228.760089694
231.788585374
234.881620576
238.036873234
241.232650501
244.468701268
247.722815680
250.992487308
254.259018475
257.511945094
260.739521054
263.929060252
267.068880180
270.141485266
273.138710425
276.049177808
278.865758409
281.565526745
284.152164096
286.607691948
288.931469431
291.110654375
293.140443780
295.017404507
296.743654378
298.302239992
299.703718319
300.940421055
302.014724552
302.927609511
303.685563682
304.284862684
304.738220413
305.040061986
305.201804872
305.230681980
305.129948637
304.910664847
304.575413326
304.129447246
303.588280891
302.954285983
302.239816263
301.449035058
300.590469426
299.671812758
298.702494918
297.689573968
296.639951933
295.560449234
294.458809556
293.343153613
292.218568811
291.090381154
289.968321880
288.854168197
287.752236810
286.674425772
285.618833095
284.596679967
283.611921666
282.662378744
281.756280443
280.899627078
280.094629851
191.619432241
191.208580161
190.828668977
190.487656538
190.189809843
189.947309667
189.766276042
189.653926948
189.614342955
189.656415507
189.786632656
190.009732860
190.333878183
190.762026179
191.297221385
191.945761776
192.713618868
193.602099929
194.608744182
195.745513933
197.009090344
198.401646792
199.920791565
201.569740724
203.346793161
205.253684545
207.282356083
209.435412603
211.705905232
214.092727414
216.589067648
219.194143647
221.893081912
224.682999341
227.557699913
230.508802201
233.524826516
236.594199654
239.714423688
242.863108527
246.040220185
249.222722702
252.408139030
255.577722659
258.721057507
261.826261620
264.881093271
267.873405785
270.786844548
273.613291853
276.342136588
278.966479402
281.464516120
283.840501999
286.077113220
288.174964474
290.122533592
291.915309354
293.551542507
295.034128644
296.347933085
297.503822697
298.496020988
299.327899205
300.001380827
300.524627403
300.894398536
301.124854139
301.211715862
301.167038001
300.998833467
300.711530656
300.316796117
299.818011497
299.221208883
298.542712060
297.784819897
296.960463341
296.074353731
295.135281070
294.151034546
293.131395881
292.083505898
291.013967229
289.930388862
288.839340525
287.749418718
286.665169263
285.591867907
284.538900440
283.507774704
282.501940903
281.533297384
280.599236700
279.710231235
278.869762383
278.075164766
277.333850634
276.651246923
276.029012028
189.992598175
189.710116456
189.459387258
189.248306075
189.080644902
188.968187359
188.917133472
188.934086305
189.022759567
189.192074213
189.447884509
189.794907204
190.241009305
190.788776542
191.440919663
192.203756818
193.082629978
194.079060534
195.189710881
196.426912819
197.786096696
199.270005222
200.875568604
202.605439855
204.457882671
206.433898936
208.525374704
210.734156488
213.053115077
215.480727737
218.009240226
220.637867824
223.351060817
226.145632199
229.014877462
231.950096700
234.939104606
237.970055334
241.040358490
244.126993667
247.230204217
250.326310541
253.412845590
256.471138971
259.490922808
262.460255909
265.367456675
268.199982057
270.942727944
273.587725109
276.125199243
278.548492992
280.837113118
282.995787169
285.008056074
286.875711507
288.588678516
290.142657029
291.537639747
292.777206507
293.848167577
294.761555634
295.513519166
296.108264600
296.548709194
296.844527998
296.992962420
297.009457513
296.890960368
296.650129521
296.295605167
295.832873666
295.274187969
294.623520072
293.887698145
293.083669498
292.213645335
291.291005136
290.320935487
289.312441461
288.273333547
287.213677296
286.140625740
285.060495378
283.981592353
282.909359237
281.852748240
280.815883624
279.803881107
278.825844629
277.882972614
276.977961259
276.122634175
275.313776440
274.561083321
273.867630979
273.230355042
272.655835583
272.148988284
271.710899065
188.230748705
188.074939108
187.951567924
187.868460057
187.828806853
187.844018880
187.920288723
188.063608145
188.277309520
188.570309325
188.947805710
189.414471040
189.977863186
190.640136023
191.403725777
192.274904050
193.258382809
194.355868145
195.563185033
196.892968117
198.339442062
199.905853017
201.588526291
203.389515568
205.307026390
207.341408693
209.484473738
211.737297056
214.092643406
216.548553830
219.096438119
221.735433408
224.449514507
227.235102174
230.085108666
232.990555565
235.938669715
238.917353607
241.924018516
244.935093621
247.951160994
250.948099614
253.923426148
256.858681028
259.743836259
262.566966369
265.317056119
267.981235339
270.545732660
273.002819188
275.343604272
277.561672847
279.637999187
281.577661531
283.365249233
285.003627983
286.484244687
287.802929368
288.961424331
289.963883579
290.799141215
291.478246043
291.999254649
292.367031291
292.585518597
292.665713510
292.605323617
292.420897561
292.110518080
291.687400986
291.160657085
290.536701003
289.828345481
289.039943375
288.179130865
287.263284766
286.294525133
285.286556670
284.244963433
283.178929179
282.096216877
281.007111272
279.918723178
278.837098813
277.771154557
276.725275040
275.708651315
274.725122493
273.779537974
272.880797185
272.029760489
271.228494509
270.488686251
269.806617216
269.191196242
268.645174375
268.165177069
267.756963613
267.424998917
267.169799023
186.314562248
186.282136348
186.282721860
186.324060307
186.408685971
186.547655599
186.747065644
187.012302526
187.346305288
187.757945944
188.251750202
188.832317773
189.506887513
190.277123221
191.145249220
192.117415242
193.197716656
194.388010062
195.683333939
197.096553353
198.620759460
200.259619820
202.008945162
203.870163725
205.841405090
207.922465177
210.105068005
212.389521185
214.768566449
217.239799352
219.793927282
222.429934185
225.131544861
227.894698756
230.712075922
233.574461954
236.468637273
239.382278646
242.312900158
245.236472127
248.153974274
251.041059283
253.895196082
256.698275633
259.440590346
262.110301098
264.697152351
267.188018017
269.570509854
271.837219485
273.980165174
275.993163121
277.858773854
279.582292048
281.149507262
282.564237382
283.819472261
284.911096480
285.842561206
286.618473858
287.229722433
287.687224054
287.990879918
288.146025085
288.157640533
288.037829893
287.784740468
287.415828501
286.930209668
286.341596338
285.659417000
284.890872947
284.049306197
283.139246267
282.169141974
281.156605186
280.103671174
279.024253254
277.924254780
276.813009354
275.698171695
274.590183270
273.496076502
272.421641166
271.376323549
270.363536509
269.392599239
268.467208481
267.591850129
266.775302408
266.018070449
265.321721881
264.697756800
264.142058800
263.662759296
263.262369613
262.937292872
262.692502990
262.532070514
262.455964197
184.210959045
184.296561438
184.415677495
184.575948859
184.779188150
185.036112871
185.352635035
185.733545012
186.181379318
186.704920204
187.308011889
187.995147098
188.773241300
189.643412922
190.607739065
191.672165468
192.840198207
194.113805748
195.487303328
196.973707270
198.565076263
200.265400968
202.070083785
203.979913735
205.992931246
208.108489033
210.318221114
212.621685170
215.011689245
217.485384902
220.032933497
222.653093241
225.329581714
228.057768637
230.830274282
233.637688477
236.466506097
239.304205693
242.148506869
244.975019955
247.785172935
250.554610856
253.280715957
255.945867356
258.540741229
261.053643843
263.475153369
265.791956096
267.993059351
270.071439028
272.020019276
273.832823702
275.494074054
277.009134681
278.365108770
279.566626399
280.608186536
281.485659345
282.204115074
282.768485744
283.171695189
283.424385220
283.528195022
283.488741604
283.312035659
283.011058971
282.584362092
282.050105678
281.408328990
280.673168554
279.854227085
278.959346615
278.002365318
276.987798701
275.924907246
274.831350174
273.709095744
272.572159482
271.426691109
270.282153084
269.146042559
268.028901448
266.937666117
265.877882454
264.859456546
263.884931184
262.963650465
262.099316245
261.295966371
260.562344424
259.898595564
259.305921305
258.795597021
258.363215146
258.016155687
257.756779054
257.581351366
257.494119037
257.498810826
257.594889271
181.903776594
182.100356116
182.330922915
182.602997636
182.917621148
183.285179737
183.711314493
184.200232050
184.754059856
185.381439834
186.085534290
186.870686854
187.743491312
188.704470416
189.755616860
190.902586111
192.148334691
193.494899877
194.935947313
196.484560280
198.131890442
199.882140222
201.730420693
203.676881008
205.719462468
207.857194664
210.081627176
212.391599359
214.780077194
217.243780641
219.772497589
222.364692117
225.004326049
227.686113949
230.402804746
233.144828295
235.898568777
238.651335543
241.401153767
244.123379519
246.819928620
249.466655022
252.060811007
254.585396680
257.031518312
259.387675764
261.645335425
263.791063986
265.815240617
267.711273450
269.472966800
271.094519292
272.561847580
273.880235095
275.038174049
276.040956602
276.884509184
277.564630325
278.087877465
278.459377048
278.674027261
278.742061579
278.666713624
278.453699764
278.110031789
277.649334959
277.070518725
276.392244323
275.615361036
274.754346179
273.818846249
272.817195022
271.763691969
270.662663424
269.524171370
268.365744267
267.189308884
266.008885813
264.830801640
263.664631265
262.517674061
261.400518552
260.320004515
259.281438455
258.295126797
257.362850025
256.493882922
255.692073317
254.960941966
254.309278605
253.736873472
253.244691376
252.843754408
252.529465774
252.308494559
252.183136437
252.149600376
252.211480061
252.372209847
252.630801426
179.385511312
179.684188745
180.017348819
180.392368106
180.809481573
181.278747247
181.805452945
182.393238228
183.043818300
183.765640174
184.561194165
185.434625542
186.392214139
187.433844571
188.561483125
189.780407862
191.093076549
192.501548577
193.998922309
195.598258969
197.289950220
199.078288422
200.958216197
202.929255827
204.989241132
207.137002872
209.364020197
211.668456382
214.043524399
216.485536013
218.984085829
221.537281096
224.129577863
226.754955060
229.406487235
232.074472219
234.745364962
237.406334257
240.055803224
242.668981946
245.248299616
247.770024739
250.231233000
252.615669188
254.914896245
257.117641991
259.216295201
261.197367785
263.052551918
264.775720583
266.361508504
267.804252338
269.091556011
270.228472846
271.204921142
272.026699644
272.691038799
273.193622276
273.542327082
273.742347934
273.790456678
273.696360025
273.464713357
273.101163143
272.613673946
272.016283289
271.308210554
270.508416675
269.618451085
268.653038550
267.621756711
266.533283913
265.402344257
264.232921624
263.035859456
261.828392319
260.612437730
259.401933901
258.203323039
257.026277013
255.877868492
254.768682582
253.705475936
252.693313465
251.742852731
250.855222785
250.039544587
249.299941315
248.639365209
248.066723526
247.581465426
247.184440886
246.886397523
246.682645651
246.579194268
246.578355946
246.676353619
246.876216440
247.181125904
247.589708772
176.657757283
177.048159362
177.473613640
177.941329081
178.450719641
179.011513275
179.628570285
180.304984705
181.042061126
181.847996084
182.724629394
183.675853102
184.707648263
185.819229226
187.012587472
188.292540554
189.661107278
191.120320651
192.662801510
194.301497891
196.026205685
197.841178677
199.741315899
201.725538931
203.791567008
205.938155467
208.156734394
210.444841727
212.796019434
215.206204251
217.664976049
220.170030614
222.706554530
225.267717498
227.847116174
230.434933184
233.017873648
235.582991513
238.129185832
240.631626907
243.093264938
245.490968009
247.821585533
250.069714108
252.227379242
254.283553031
256.231558499
258.057911703
259.755524820
261.318750008
262.742981663
264.022652804
265.147007641
266.120725739
266.935149858
267.596430604
268.102944590
268.450231469
268.647291742
268.699271692
268.604683561
268.372606909
268.008925723
267.519067192
266.911883024
266.201605381
265.387711257
264.489273207
263.508436724
262.460076766
261.353610430
260.197919864
259.008120299
257.787723566
256.548326822
255.306727981
254.064873439
252.836543903
251.628244958
250.449732078
249.307834445
248.213087586
247.172192973
246.189963293
245.277371151
244.435002366
243.671752178
242.992132524
242.398494589
241.899922497
241.495544612
241.186208268
240.982371513
240.879339444
240.882519978
240.994316483
241.211026927
241.535212525
241.969838095
242.513217114
173.746937253
174.217159900
174.723118723
175.271833513
175.861899598
176.502710006
177.198632301
177.952241519
178.764437462
179.643110997
180.589483858
181.607135343
182.701769338
183.871909209
185.119612892
186.449162300
187.862202044
189.360689369
190.936860811
192.603459358
194.349859997
196.180146842
198.089296146
200.075666595
202.136855542
204.271660434
206.471490469
208.733313046
211.051072358
213.420371164
215.830945330
218.280034209
220.753770182
223.244451538
225.746386461
228.249649702
230.741368752
233.208508423
235.650506759
238.042598600
240.388248057
242.665085544
244.869687342
246.987594629
249.011284700
250.929977367
252.737925283
254.421704883
255.975329596
257.393634517
258.672687268
259.806977794
260.787312976
261.617868303
262.291376244
262.814191525
263.185656744
263.401153337
263.470591231
263.398963137
263.186363557
262.841163785
262.370269463
261.778762147
261.076298022
260.277102186
259.380855624
258.406565874
257.356877979
256.246713895
255.085257314
253.881460443
252.650793431
251.396190823
250.129963438
248.868347808
247.613359768
246.378554058
245.170455313
243.998886957
242.870424941
241.795511667
240.780829195
239.830917308
238.957036931
238.159331231
237.446408102
236.823260407
236.291623482
235.860801126
235.529624864
235.299038293
235.179197060
235.165478612
235.262752156
235.473575386
235.794370141
236.227329718
236.775232181
237.436151006
170.672306352
171.209393039
171.783069539
172.400148201
173.058426597
173.766954942
174.529554440
175.348313108
176.223736116
177.163355609
178.167818713
179.240329957
180.386342243
181.603680596
182.894499580
184.262480555
185.708960068
187.235770810
188.834859319
190.518672206
192.276341733
194.111652768
196.019769985
197.998536050
200.045416362
202.159357514
204.331778253
206.559131136
208.835819911
211.157160962
213.513197593
215.900677462
218.306861159
220.723124902
223.144659533
225.561427238
227.961132402
230.330672976
232.670068339
234.954714413
237.188563614
239.350142273
241.435707375
243.431818313
245.331376409
247.123836847
248.804361362
250.359636863
251.784639286
253.074678440
254.226397098
255.234307431
256.090676203
256.799061543
257.353523209
257.760485614
258.020065521
258.127488093
258.093350037
257.922404661
257.616154514
257.182206015
256.628275464
255.959002553
255.184753270
254.319569696
253.363286297
252.334687778
251.236834950
250.084593310
248.886863767
247.652545433
246.397430455
245.123796846
243.844619711
242.575472677
241.318482684
240.086920424
238.887294689
237.729478068
236.619793708
235.568549695
234.582452059
233.665737349
232.829938909
232.074847005
231.408733101
230.837138858
230.361187690
229.990427770
229.723421063
229.561290785
229.513879772
229.576703424
229.754155327
230.049000218
230.457818968
230.982536718
231.625768518
232.385418510
167.469750288
168.059839512
168.687577039
169.359553808
170.072806817
170.836034478
171.652470488
172.523752293
173.450005011
174.438354013
175.488923910
176.604483035
177.790263079
179.043397533
180.366154441
181.761564520
183.230720333
184.775284072
186.387004539
188.077943439
189.837167006
191.668036916
193.566004729
195.528451724
197.552698733
199.637934718
201.775621586
203.961750064
206.191226883
208.459133149
210.755949252
213.077907893
215.413543288
217.753274241
220.093323505
222.423526689
224.732299798
227.006495492
229.246736335
231.428670050
233.556696943
235.610343534
237.585507555
239.469822377
241.256573598
242.935427916
244.502424642
245.944406702
247.257161239
248.436457043
249.479407945
250.380520549
251.133401110
251.740896654
252.198309343
252.512014454
252.682708214
252.705474106
252.591372463
252.344848565
251.968629139
251.469520130
250.855839075
250.131714875
249.308117027
248.398754811
247.403566706
246.340975196
245.214383147
244.038496493
242.821901907
241.573333325
240.308871018
239.030080845
237.750541918
236.485083695
235.235984971
234.016180016
232.832134775
231.693748272
230.607097163
229.582316520
228.626181826
227.742588255
226.943333500
226.227931050
225.604279188
225.078510293
224.651156438
224.332018091
224.119414110
224.014716286
224.027444078
224.153305287
224.396278332
224.759376308
225.239361574
225.837985473
226.557719950
227.396363970
164.177421140
164.806266213
165.474051442
166.187138741
166.941856183
167.746540055
168.603809064
169.514890982
170.479549214
171.504460298
172.589285804
173.736299371
174.950543133
176.228479657
177.572494434
178.984933710
180.466704391
182.019256509
183.634228688
185.323214119
187.075380967
188.893553847
190.773552818
192.712357022
194.707126967
196.757371048
198.854627228
200.994472788
203.172343951
205.383140128
207.617880186
209.872270283
212.136221927
214.399178150
216.658513471
218.903915863
221.124621050
223.307458416
225.453654457
227.539189980
229.568860494
231.523266330
233.397912931
235.181545588
236.867785475
238.446476772
239.914498743
241.258889513
242.476091796
243.562313142
244.515032414
245.328732764
245.998228978
246.525586468
246.907248058
247.149441012
247.253252653
247.213652262
247.041947318
246.742227458
246.318256605
245.776028207
245.124258433
244.366526139
243.514290306
242.580806192
241.566071564
240.488026790
239.350354767
238.167501701
236.947726270
235.699497452
234.439149310
233.167503630
231.898672385
230.646680337
229.413995687
228.213170571
227.050607403
225.936204767
224.875804338
223.879330599
222.953675196
222.102345516
221.337403125
220.658145457
220.072072522
219.585923475
219.199674733
218.923369110
218.755109017
218.696567284
218.756929995
218.932138901
219.225813928
219.641246466
220.175389250
220.829907269
221.607144466
222.504849733
160.834560158
161.487941198
162.181808370
162.922291934
163.705073144
164.538114989
165.423405927
166.361807001
167.352739761
168.402396778
169.510039612
170.677393210
171.909339799
173.201704455
174.556979520
175.976809801
177.461965149
179.013646263
180.623461004
182.302455208
184.040052762
185.838439589
187.693865942
189.602969404
191.562730416
193.573035508
195.625528730
197.715415534
199.838671055
201.990066738
204.161231239
206.347345346
208.539757826
210.726936667
212.907495979
215.070952028
217.207441348
219.303794587
221.361824140
223.357919043
225.297208890
227.161415941
228.945630369
230.639734109
232.237632918
233.729310571
235.112448711
236.374317221
237.511864517
238.521716653
239.401618347
240.146024370
240.750825968
241.217262381
241.542806967
241.733463200
241.790536219
241.708919929
241.499966563
241.167383810
240.715789006
240.150371910
239.480056745
238.707860353
237.845610595
236.906015324
235.889090618
234.812192001
233.679230587
232.504294399
231.295313657
230.060403394
228.816113243
227.562508362
226.314150337
225.084215596
223.875393110
222.699810015
221.563788215
220.477192305
219.445642703
218.478816512
217.583763412
216.763550400
216.030506205
215.383756789
214.830389280
214.377739693
214.025276932
213.783260811
213.649601708
213.626310907
213.722230931
213.933567931
214.263633846
214.716018887
215.287863413
215.980824149
216.797129653
217.734524162
157.475116212
158.139111235
158.845411758
159.599919619
160.397739911
161.246451209
162.147408888
163.101152304
164.106783662
165.169984326
166.289680555
167.467003148
168.706701193
170.004008730
171.361501814
172.780125054
174.260549205
175.803695603
177.401211528
179.063525057
180.780452159
182.553453929
184.379253273
186.254206989
188.175092356
190.142215758
192.147353384
194.185373374
196.252783339
198.344279443
200.452140584
202.571034824
204.693765848
206.807845046
208.913179801
210.999088345
213.056659217
215.072750522
217.049723337
218.964440593
220.822296769
222.606157268
224.310681529
225.926897043
227.448940762
228.866892226
230.179196832
231.373385840
232.446770320
233.396373295
234.220111643
234.912415613
235.470121614
235.893620372
236.181299300
236.338882045
236.367736908
236.262727624
236.035066062
235.688070039
235.227033495
234.656371085
233.985038201
233.215503725
232.359840279
231.430143794
230.426412011
229.365333282
228.251004401
227.097063594
225.911125009
224.700873682
223.483035546
222.256926972
221.037466740
219.836958140
218.658337607
217.513269537
216.407983154
215.352272910
214.351554700
213.415223375
212.550526276
211.760033810
211.056350572
210.438460364
209.913035431
209.487975787
209.162303117
208.946456146
208.838176604
208.839838096
208.959931612
209.194946790
209.547933551
210.022792401
210.616839376
211.331790044
212.169769785
213.128551873
154.128962243
154.790266907
155.495969865
156.251751861
157.052217376
157.904548194
158.809474716
159.767259291
160.776706786
161.842968459
162.964697999
164.142395904
165.380698603
166.674306274
168.025843464
169.435572466
170.904089628
172.432013716
174.011091317
175.651069482
177.342271908
179.085366635
180.877570474
182.715018494
184.594259154
186.516043781
188.472300921
190.457589592
192.468930065
194.500993283
196.546720674
198.600292990
200.655947036
202.700277006
204.734503221
206.747724248
208.732004925
210.674262283
212.577356155
214.418682915
216.203831953
217.916813324
219.551852724
221.101122443
222.558942631
223.915445736
225.169809037
226.309851699
227.333121275
228.237019262
229.019554401
229.675148268
230.201459673
230.598032892
230.864053325
231.004930348
231.021964009
230.910038991
230.680062476
230.334972392
229.880571724
229.320544960
228.663717823
227.912045704
227.077718949
226.172180521
225.195377099
224.163261671
223.080080346
221.958933868
220.807138566
219.631883765
218.450025653
217.260154325
216.077442419
214.913307927
213.770951753
212.661539890
211.591196369
210.569604325
209.601990134
208.697432434
207.863407332
207.101929716
206.425889891
205.834143312
205.332955081
204.930734469
204.626124357
204.429693666
204.339036841
204.356900625
204.491418039
204.739372007
205.103589763
205.588287442
206.190936762
206.913367993
207.757616500
208.721506359
150.826598422
151.473006712
152.166169327
152.911556129
153.703347613
154.548315818
155.446583318
156.398178080
157.401628848
158.461545276
159.576367175
160.745938969
161.974797473
163.257174539
164.595698090
165.989980724
167.440556003
168.947724542
170.503379477
172.116533532
173.778111126
175.487937150
177.243724308
179.041441619
180.877381175
182.752749800
184.659641622
186.592329565
188.548314065
190.522288886
192.507843252
194.498708156
196.490496275
198.468943160
200.436570008
202.382239849
204.298992522
206.173840828
208.010082279
209.785700819
211.506411301
213.157353323
214.732326942
216.224639825
217.628753485
218.934813771
220.142704425
221.240555022
222.226042691
223.096932720
223.851259266
224.483461120
224.991907695
225.375320821
225.633571642
225.771740375
225.790952460
225.686169145
225.467850302
225.138580265
224.704515881
224.168671674
223.539599196
222.818793687
222.018436467
221.149299168
220.211248477
219.219449093
218.178265937
217.100180239
215.992234992
214.861068563
213.723615432
212.577776903
211.438866028
210.317416774
209.216902818
208.147958278
207.116589728
206.132324181
205.200213071
204.328984845
203.526368178
202.793763312
202.144355975
201.576874376
201.097193001
200.714157405
200.426106616
200.243682772
200.164353312
200.191237459
200.332106892
200.584038904
200.949672045
201.433537998
202.033238743
202.750764022
203.588074043
204.543054840
147.578424809
148.199011893
148.868960826
149.593542054
150.366587795
151.194446321
152.076656599
153.013052111
154.001904793
155.047278536
156.147451003
157.301597408
158.514158560
159.778970778
161.098612074
162.472091577
163.899878664
165.381947793
166.910375588
168.493396221
170.122605302
171.796954935
173.514638007
175.271509201
177.063577620
178.892503584
180.750553802
182.631734836
184.533986972
186.452071193
188.380188687
190.311669700
192.243416657
194.160384294
196.066353110
197.949944825
199.805150549
201.619122245
203.395527041
205.112986085
206.777273912
208.374632315
209.898454106
211.343165865
212.703338055
213.969093797
215.141005073
216.207530196
217.166389778
218.015699797
218.753468901
219.374184749
219.876827447
220.259338039
220.522165980
220.670062380
220.703895790
220.618758312
220.424541579
220.123513277
219.722040455
219.222537490
218.633152630
217.954986709
217.200084789
216.378546911
215.490132304
214.549176388
213.560134430
212.534792394
211.479944640
210.401632897
209.316811218
208.222739773
207.134750732
206.062506024
205.009749964
203.986553869
202.998792897
202.055791012
201.162437028
200.327076583
199.557706992
198.855055556
198.232613818
197.688971303
197.229638489
196.863809037
196.589597665
196.417658819
196.345352092
196.376159182
196.517492368
196.766717086
197.126313067
197.601124561
198.188855816
198.891690387
199.711532363
200.646330567
144.395962253
144.981366866
145.618962133
146.313830259
147.059527575
147.861963328
148.720122879
149.633680343
150.600667870
151.624605712
152.703652932
153.836314716
155.026929438
156.269015054
157.565041214
158.913469908
160.314692915
161.768358433
163.266751418
164.817294138
166.412300843
168.049840468
169.728555145
171.444232123
173.192572003
174.975676803
176.785985260
178.617256382
180.467822661
182.332553682
184.206208812
186.081777161
187.957340602
189.817168157
191.666232801
193.492919984
195.292130026
197.051202759
198.774104397
200.440138316
202.055079705
203.606236447
205.086623411
206.491764728
207.816317870
209.050354027
210.195123715
211.239428623
212.180970348
213.018205588
213.749083963
214.368179280
214.874996836
215.266755987
215.544385092
215.712321052
215.771117200
215.716051787
215.556349133
215.294007631
214.935474791
214.482643730
213.943147147
213.317767027
212.618288289
211.854155157
211.024994477
210.144282696
209.216539302
208.252785385
207.259591476
206.242365908
205.218016193
204.183218669
203.153196044
202.136759289
201.137909835
200.166127987
199.227139790
198.330018042
197.479497387
196.683508383
195.950323423
195.279941429
194.686166722
194.167429569
193.728908414
193.380045105
193.118810462
192.955807241
192.888305548
192.920130518
193.058341223
193.300578291
193.649188557
194.109323213
194.678759553
195.359898579
196.154611825
197.060902434
141.283316417
141.825926855
142.423734128
143.081641553
143.792996280
144.563252814
145.390876339
146.275411409
147.214664392
148.211619493
149.264351231
150.370706364
151.534904371
152.750224529
154.018966168
155.339108753
156.710942775
158.133797154
159.600180215
161.116679347
162.676353868
164.276398823
165.915861808
167.590505272
169.295699766
171.033970396
172.797920648
174.581083069
176.382131584
178.196083183
180.018189335
181.841168344
183.664155008
185.470845163
187.267315410
189.041735381
190.789858191
192.499267774
194.174159924
195.794563643
197.366204792
198.877417620
200.320879218
201.693186869
202.989076077
204.198545671
205.323522539
206.353164143
207.285114580
208.118164032
208.850186495
209.475882019
209.995210069
210.404740987
210.705791564
210.902509474
210.995096838
210.979070237
210.862907549
210.648391877
210.341932555
209.944986136
209.464571089
208.901231679
208.266370573
207.568803507
206.808000591
205.996557883
205.139031563
204.245614347
203.322674025
202.374956039
201.419246550
200.451701450
199.487299137
198.534027368
197.596119199
196.682437416
195.798536868
194.953189919
194.150980957
193.399392921
192.706970636
192.072932852
191.511399472
191.020612278
190.605455995
190.275510727
190.028683151
189.875459951
189.813039653
189.845563532
189.979749895
190.213496120
190.549038395
190.991828298
191.539687809
192.195250229
192.960383054
193.833127544
138.237500861
138.731429584
139.283681995
139.898989540
140.570551023
141.303350796
142.095370032
142.946048570
143.852978239
144.818620532
145.840990194
146.917299942
148.051625402
149.237087137
150.475753501
151.765191067
153.105558501
154.495879878
155.928893928
157.410341285
158.934033990
160.496322234
162.096606203
163.730662201
165.393515422
167.088091004
168.807145239
170.544009989
172.297648804
174.063263036
175.836523344
177.609956698
179.383613996
181.140744709
182.888424369
184.614641422
186.315935903
187.980197171
189.611785296
191.191495975
192.724965676
194.201512894
195.613526552
196.958649440
198.231697919
199.422586056
200.533920261
201.555222976
202.484064086
203.319559482
204.059506782
204.698771256
205.237708220
205.672320758
206.004231052
206.237329630
206.371448975
206.402391531
206.337827016
206.179379247
205.933312299
205.600731632
205.187956248
204.695374080
204.133887823
203.511719589
202.828158021
202.094904306
201.316522162
200.502318565
199.658474034
198.789048673
197.910625420
197.018906517
196.128487661
195.246567424
194.377572680
193.529724634
192.708380461
191.921963184
191.174906116
190.474212273
189.828687703
189.236723535
188.712753640
188.254796424
187.867483955
187.560419742
187.331522834
187.191100383
187.136297152
187.171536907
187.303214532
187.529461416
187.852423142
188.277844354
188.803565132
189.432458280
190.166420434
191.003508778
135.254252456
135.695720754
136.198697463
136.767745204
137.395968091
138.087865633
138.840972703
139.654642532
140.526261626
141.457785258
142.447184232
143.491072497
144.593348800
145.747052729
146.953963530
148.211306415
149.519072625
150.876001009
152.275060365
153.721143293
155.208804194
156.733594632
158.295207610
159.889467051
161.511044377
163.163238188
164.838940409
166.531313650
168.239559683
169.959098200
171.685942791
173.412515450
175.139640575
176.850260041
178.552330366
180.233707625
181.891646453
183.514406529
185.106453854
186.649388671
188.148729604
189.594736953
190.979569693
192.301886081
193.556598061
194.733532254
195.835982103
196.853842263
197.784612965
198.627728567
199.380925924
200.039272089
200.603473499
201.069055758
201.437873970
201.713598583
201.895691864
201.980285301
201.974196683
201.878948948
201.700565334
201.439887546
201.102464209
200.688607062
200.208608078
199.670137961
199.072279560
198.425831961
197.735336496
197.009163897
196.253318610
195.471159763
194.678978635
193.872093795
193.064578864
192.262881787
191.471574180
190.698214927
189.947931760
189.228750496
188.544947646
187.903013107
187.311994953
186.769414096
186.290010476
185.871538905
185.518422236
185.240167912
185.034778371
184.912319573
184.869899982
184.912185047
185.045268431
185.267488378
185.580916849
185.991583800
186.497323523
187.101247271
187.805319100
188.607583987
132.326230751
132.713421464
133.165282617
133.686207608
134.269252210
134.918418509
135.630832921
136.405775010
137.240433094
138.136276451
139.091239156
140.101382118
141.170388661
142.291290625
143.465526544
144.690051065
145.964650201
147.287803230
148.652703083
150.063403843
151.515177303
153.002839171
154.526312510
156.081498853
157.662716192
159.273609799
160.907187085
162.556481520
164.220884301
165.896066524
167.578310115
169.260025406
170.942668708
172.609022760
174.267799923
175.906787727
177.523881809
179.107779980
180.663006355
182.172001399
183.640150621
185.058615737
186.419392139
187.722122294
188.961840362
190.128292736
191.225469776
192.243644227
193.180271251
194.035094723
194.805820337
195.487749434
196.081906394
196.583432998
196.994353752
197.318158114
197.553950501
197.698228166
197.756928380
197.731529137
197.627727618
197.446186076
197.191623188
196.864349823
196.473942893
196.027566166
195.524071422
194.973353130
194.379896656
193.751092889
193.092773580
192.407585997
191.711436561
190.999328310
190.284674131
189.573212758
188.869599564
188.180712240
187.511412512
186.869281934
186.258428253
185.684794430
185.157643070
184.673587376
184.247657575
183.877302064
183.566776720
183.325372444
183.151237980
183.054139512
183.031165488
183.087176274
183.227990199
183.452122156
183.761584875
184.162684765
184.653229709
185.236562224
185.914755512
186.685810383
129.454500047
129.787532433
130.188290920
130.660996092
131.198694241
131.804881672
132.476313781
133.212204279
134.009549724
134.869356010
135.789521337
136.765607421
137.801040476
138.888911702
140.030275485
141.221883742
142.463280360
143.752713894
145.083592384
146.459150579
147.875340437
149.326318210
150.812173538
152.328911238
153.870505951
155.440922554
157.033261928
158.640476209
160.262101549
161.894090921
163.532925204
165.171099081
166.810564584
168.434098527
170.051040808
171.649186271
173.226998334
174.773681271
176.293780371
177.770608104
179.209413566
180.602221394
181.940936098
183.226150761
184.453057305
185.611338504
186.705691274
187.726770997
188.672027853
189.541504518
190.332917289
191.041827529
191.669555684
192.210954031
192.668162098
193.044527675
193.338821167
193.547935540
193.676913624
193.727241153
193.704215124
193.608399102
193.443635393
193.210302476
192.917167848
192.570935100
192.170199853
191.723955126
191.236596018
190.714497826
190.163317341
189.584985653
188.994927788
188.387898548
187.776516274
187.165855103
186.560582953
185.966881733
185.389306292
184.834949835
184.307734589
183.813021608
183.360254816
182.945107559
182.582876693
182.270660379
182.012587470
181.817612470
181.684084933
181.621414865
181.626686954
181.704903850
181.861636366
182.095543729
182.408590765
182.807350277
183.289586504
183.858859817
184.517397348
185.263120252
126.635807433
126.916630391
127.268039069
127.694074544
128.187806199
128.752220326
129.383738211
130.081511360
130.842350535
131.666822795
132.552786234
133.495363230
134.497681055
135.552948906
136.661804112
137.820858343
139.029379428
140.285417049
141.582583361
142.923321657
144.304217429
145.718855385
147.167430136
148.646071819
150.148431944
151.678768611
153.230254371
154.795816309
156.375095981
157.964357154
159.560218468
161.155356589
162.752092421
164.333352716
165.908977144
167.466854299
169.005946867
170.516032471
172.001653286
173.447021667
174.857259969
176.225219705
177.542792252
178.811486747
180.026696487
181.178066043
182.271006988
183.296561349
184.252228160
185.138335818
185.952663066
186.691050364
187.355101395
187.939472260
188.446372432
188.879045930
189.235961356
189.514430714
189.718601327
189.850015137
189.913505226
189.909611538
189.841265969
189.708975386
189.520613935
189.282471709
188.992863672
188.659889361
188.287817777
187.881981278
187.447853351
186.986649517
186.513216375
186.022123819
185.525068502
185.026506540
184.531037984
184.044137489
183.570008742
183.115214677
182.683470066
182.279518087
181.912944799
181.578456648
181.291584541
181.049032149
180.854837351
180.717500099
180.635614773
180.618181098
180.662295300
180.773043522
180.955777570
181.209266832
181.535435863
181.941111567
182.424000422
182.987861085
183.635121192
184.363583851
123.881659461
124.113856569
124.419215061
124.801588447
125.254094654
125.779212508
126.373063905
127.034738374
127.760867491
128.551604922
129.404761174
130.315082815
131.285358273
132.308963593
133.386098194
134.513288326
135.689497148
136.912608498
138.176427145
139.482640598
140.828414058
142.206857138
143.618211758
145.058751672
146.521835094
148.011988877
149.522436168
151.046142913
152.582822131
154.129075151
155.681607750
157.233374810
158.786951744
160.325568924
161.859442551
163.376649299
164.876588548
166.349674131
167.800434255
169.214003064
170.595397542
171.938262358
173.234556872
174.486669320
175.690243666
176.834919733
177.926827050
178.957398959
179.924246488
180.827967502
181.666462766
182.435863139
183.138050948
183.767574943
184.326679139
184.818537979
185.241357920
185.592885540
185.876384643
186.093495834
186.248535650
186.342089582
186.376157690
186.351426852
186.274807134
186.152221201
185.981680732
185.770404300
185.522500507
185.242239767
184.934899877
184.600987113
184.254674357
183.890405507
183.518839529
183.143861736
182.769917664
182.401766722
182.043215647
181.700258217
181.376375867
181.075656758
180.807785590
180.566480757
180.367464759
180.207004344
180.089076421
180.021611948
180.003482645
180.043226111
180.137963952
180.292801124
180.512897835
180.797097828
181.147289082
181.570536872
182.064478426
182.633045193
183.278911708
183.999722266
121.201111600
121.389706420
121.653678309
121.996684276
122.411910654
122.901337874
123.460821659
124.089387161
124.783494878
125.542910482
126.365388449
127.245363563
128.185250952
129.178630883
130.225256623
131.321615143
132.466343050
133.657190966
134.888145708
136.160180182
137.470981215
138.813284533
140.187327470
141.589541233
143.013029630
144.462564613
145.931401264
147.412613179
148.905956568
150.408394187
151.916679150
153.424136216
154.933495384
156.428437203
157.919438156
159.394860911
160.854485848
162.289419296
163.704175879
165.084826657
166.436314126
167.753042661
169.027121561
170.261778737
171.452960464
172.590340398
173.680764015
174.716059749
175.694019479
176.615491278
177.478561992
178.279656068
179.020937098
179.696928426
180.309882369
180.862935237
181.354075154
181.781492818
182.147592545
182.454150056
182.704925872
182.900612573
183.042271470
183.130812679
183.172127014
183.171815355
183.127567031
183.045738927
182.930246944
182.784292284
182.612942355
182.416006491
182.206895219
181.979980383
181.744781421
181.504662904
181.263824213
181.026307139
180.795476104
180.576721497
180.373262357
180.188495341
180.032157860
179.896965036
179.798779575
179.733392425
179.704743024
179.720084076
179.778585897
179.888273746
180.046307627
180.257741916
180.527568852
180.854671443
181.240899672
181.693537385
182.210143595
182.794791349
183.450446951
184.174553691
118.622756593
118.773909913
119.002230248
119.311169698
119.693996384
120.152208393
120.681425230
121.280603169
121.946040668
122.677139672
123.471589840
124.323576039
125.235111562
126.200005795
127.217570295
128.284288100
129.398454303
130.557717474
131.756236751
132.994315655
134.270101740
135.576059843
136.912376915
138.275651650
139.658779386
141.066755292
142.492850330
143.930317946
145.378934964
146.836046176
148.298424540
149.759849486
151.223121676
152.672508059
154.118639532
155.550263080
156.967492846
158.362176004
159.738825687
161.084456294
162.403976321
163.692517036
164.942418308
166.157707085
167.334683400
168.463098426
169.550504719
170.589130658
171.577019653
172.515248724
173.402157357
174.234459604
175.014609080
175.737177271
176.404409045
177.019429300
177.580056431
178.084928027
178.535624683
178.934088659
179.283497356
179.584705887
179.837843352
180.044078882
180.208245445
180.335667336
180.423697573
180.477857007
180.501841607
180.497786838
180.470534927
180.419217783
180.356402918
180.276439165
180.187622375
180.092847479
179.995975518
179.900333028
179.808799465
179.726132486
179.655258529
179.598847104
179.566640820
179.550344106
179.565898912
179.608586441
179.682325064
179.793586516
179.941849358
180.134578064
180.368983126
180.649993853
180.982453582
181.365250359
181.800189473
182.294747896
182.846399829
183.459322349
184.136815231
184.876077316
116.172378884
116.293116808
116.492337807
116.773281427
117.129305555
117.561448383
118.065119448
118.639200337
119.279837829
119.986092266
120.755581081
121.582295901
122.467828034
123.406228233
124.396382304
125.434794213
126.519410166
127.647804845
128.814302393
130.018583937
131.259197108
132.528437232
133.826402424
135.149865278
136.491564616
137.856698032
139.238540494
140.630598558
142.032652280
143.442446138
144.856757307
146.269895458
147.684664860
149.086041569
150.484716385
151.869916581
153.242051031
154.593746084
155.929535217
157.237373611
158.522183004
159.779787226
161.002834725
162.196108284
163.356310790
164.473315927
165.555367345
166.595098035
167.590871599
168.543970570
169.453052198
170.315109631
171.132899290
171.901103787
172.621953818
173.298584482
173.928695857
174.511368158
175.047404960
175.538940067
175.988554088
176.397311682
176.764431047
177.091368107
177.381876928
177.641049645
177.865895476
178.061130950
178.230210889
178.374220789
178.497764161
178.599321935
178.690549465
178.765816381
178.832130969
178.891971554
178.948770121
179.005146510
179.063457096
179.127804066
179.200790441
179.284325903
179.388111624
179.502841534
179.644467657
179.807734818
179.996549190
180.216507046
180.467394402
180.756068382
181.079801581
181.443319590
181.851330564
182.302695615
182.799162455
183.348370364
183.947703912
184.601400942
185.313131381
186.079806339
113.892323966
113.990164667
114.167305053
114.426766494
114.761998278
115.173606579
115.656812963
116.210416608
116.830424083
117.515572641
118.263401861
119.067759150
119.929801962
120.843821580
121.808304294
122.819788438
123.875870564
124.974075625
126.108887225
127.279410654
128.484534197
129.716480560
130.975227484
132.257723605
133.556606389
134.877256430
136.212944564
137.557501421
138.910697522
140.270690541
141.634257356
142.996301831
144.359581097
145.709885836
147.057885188
148.393376318
149.717031467
151.022283669
152.313715492
153.580210894
154.826756492
156.049832278
157.242468142
158.410157609
159.550050787
160.652188515
161.725481917
162.762973936
163.763411660
164.728258466
165.656551782
166.545547378
167.398321067
168.209718197
168.981958159
169.718203561
170.416089368
171.075129171
171.695406244
172.279265979
172.828692864
173.345001428
173.826534526
174.275056789
174.693241436
175.085992950
175.449977471
175.789146623
176.106700924
176.402705025
176.681514269
176.940993300
177.191830764
177.428456523
177.656550869
177.878231147
178.096415211
178.313031648
178.529883683
178.750403253
178.976841674
179.210321140
179.460456330
179.716942658
179.995665099
180.290815781
180.606290212
180.946726200
181.312206650
181.708937432
182.134265309
182.592632006
183.088616534
183.621025776
184.191531319
184.807897013
185.467415919
186.174336760
186.932730087
187.739177079
111.822077239
111.904685024
112.066904554
112.311535092
112.632113311
113.028845369
113.496781839
114.034630515
114.638269620
115.306128016
116.035664037
116.820620924
117.661719105
118.553477650
119.494018272
120.479916857
121.508425615
122.577039813
123.680399754
124.817079747
125.986252723
127.180159574
128.398632724
129.638796534
130.893244334
132.167521375
133.454890615
134.749574466
136.051325117
137.358723800
138.668551590
139.976359230
141.284820761
142.580629053
143.874362903
145.156470117
146.427862106
147.682793931
148.925931206
150.147064121
151.351298081
152.535729259
153.693834543
154.831770434
155.947171094
157.030286505
158.090663027
159.121758270
160.122756677
161.095276331
162.038790699
162.950796138
163.834705628
164.685565152
165.505593992
166.297992918
167.060385869
167.792703763
168.494374637
169.167969723
169.814891030
170.436735010
171.031018051
171.599829964
172.144778897
172.670625492
173.173702537
173.657243072
174.124188639
174.573625678
175.009657212
175.429574791
175.843062120
176.244645298
176.638661628
177.026925884
177.411765733
177.794442108
178.176185819
178.559752983
178.947019439
179.338300606
179.743083920
180.150090991
180.575057705
181.011619456
181.463657558
181.934781628
182.425353443
182.940888416
183.478820783
184.043228303
184.638560329
185.263548208
185.919763654
186.615050908
187.346612240
188.118652924
188.935665497
189.793862110
110.010040939
110.085052188
110.239501682
110.475964609
110.788054599
111.175611886
111.633527136
112.160406257
112.752010310
113.406469096
114.121158434
114.889746193
115.712520303
116.584203332
117.502593714
118.464297298
119.466232112
120.505878502
121.578032418
122.680778183
123.813521120
124.968602788
126.145691042
127.342082421
128.550382831
129.776284518
131.013043033
132.255333713
133.502884735
134.754707168
136.007599219
137.257797489
138.507870943
139.745482728
140.981064936
142.205786308
143.420778642
144.621122946
145.811604124
146.982886323
148.140247805
149.281356857
150.400194697
151.503530861
152.589512249
153.648634416
154.691040242
155.710605786
156.706995492
157.681955378
158.635442648
159.565168484
160.474900674
161.359910464
162.222434781
163.065718351
163.887427317
164.687888430
165.465945771
166.224405512
166.964113656
167.686972331
168.389732928
169.074821410
169.742813824
170.398370755
171.037510562
171.662800248
172.276926864
172.878055169
173.470037728
174.049645399
174.625536437
175.192366249
175.753141574
176.309436115
176.862923784
177.414230563
177.964008668
178.514344733
179.066722372
179.620641791
180.185428574
180.748872303
181.326474673
181.911325941
182.507286189
183.116884900
183.740739431
184.383642646
185.043132516
185.722847229
186.427099163
187.154532435
187.906590716
188.691149472
189.505325694
190.353222430
191.239766710
192.160768645
108.503384895
108.578148490
108.731718231
108.966444749
109.276001680
109.659898154
110.112870086
110.633408606
111.217168474
111.861983891
112.565148824
113.320273460
114.127224981
114.980895100
115.878805245
116.817575049
117.793801935
118.804961705
119.846007855
120.914570978
122.010242306
123.125537954
124.259947670
125.410935087
126.571174462
127.746488557
128.930130912
130.117284574
131.307650746
132.500674499
133.693190531
134.882148683
136.070003281
137.245437386
138.418692276
139.581716527
140.735849032
141.876989667
143.010080006
144.126616757
145.232104200
146.324733831
147.399040357
148.462354051
149.513354165
150.542811758
151.561420859
152.563478483
153.549158499
154.520307595
155.477404686
156.418346179
157.347270559
158.259684271
159.157865897
160.045102493
160.919154131
161.780714856
162.628120323
163.464414877
164.289924705
165.106872670
165.911316111
166.706022497
167.490583800
168.269601919
169.038808277
169.800161050
170.556104887
171.303951863
172.047311977
172.782495118
173.517132128
174.246036932
174.970925674
175.693194178
176.413814097
177.132817681
177.850287017
178.567657944
179.286012876
180.004041980
180.730881554
181.453448750
182.186925205
182.923885629
183.668158731
184.421162184
185.183742422
185.959946446
186.747435625
187.549339344
188.369820508
189.207433757
190.063463760
190.945763656
191.851374678
192.784236500
193.749711670
194.743182796
107.350039148
107.431529340
107.590782720
107.829925919
108.142669111
108.528223927
108.981170566
109.499869621
110.079879204
110.718735076
111.413651569
112.158187065
112.951805233
113.789524183
114.668637002
115.585753004
116.537164712
117.520349028
118.530420761
119.564587181
120.622584343
121.697167756
122.787639035
123.891622442
125.001913360
126.124449309
127.252490450
128.381774818
129.511974355
130.642970091
131.771656267
132.895711318
134.017474867
135.126681414
136.233346942
137.330246627
138.418915728
139.496055560
140.566799856
141.623427683
142.671719049
143.710334457
144.734401444
145.751755933
146.761619476
147.755059803
148.743270557
149.720970197
150.688856633
151.648849155
152.601975352
153.546283721
154.486296340
155.417750318
156.342993776
157.265347145
158.182713433
159.096119114
160.003468789
160.908041382
161.809689758
162.710962257
163.607301892
164.501817239
165.393177648
166.285965956
167.175662333
168.063677666
168.952234010
169.837872180
170.723974511
171.606458094
172.491943175
173.375430499
174.257413361
175.139176473
176.020959252
176.902252137
177.782592975
178.662800617
179.543558926
180.422771214
181.309366612
182.189472013
183.077866932
183.966660746
184.859642484
185.757111097
186.660116424
187.571949492
188.490420175
189.418092449
190.358963629
191.311510301
192.276827115
193.262688895
194.266078084
195.290709578
196.342370839
197.416003649
106.597803439
106.692368190
106.863291746
107.112478229
107.433644040
107.825734477
108.283167003
108.804153236
109.384162368
110.020422794
110.710072312
111.446612744
112.229125859
113.052706311
113.914469691
114.810983676
115.738253442
116.693758559
117.672781537
118.672130439
119.691651670
120.724396476
121.769471681
122.824655453
123.882914462
124.950285547
126.020049079
127.088537298
128.155392001
129.220930720
130.282133772
131.337413152
132.389001951
133.427702199
134.463279067
135.489369719
136.507697740
137.515740405
138.518856020
139.510049592
140.495422621
141.474045791
142.441670714
143.406581153
144.368542708
145.318931936
146.269386205
147.215043905
148.157126958
149.097599094
150.038051938
150.976650915
151.918309694
152.858978064
153.801103122
154.748023005
155.697828101
156.651834777
157.607593592
158.568607521
159.534308121
160.507563277
161.483286603
162.464920126
163.450281670
164.443969830
165.441255147
166.443064264
167.451419929
168.462183628
169.478528642
170.496053254
171.520400726
172.546782909
173.574564319
174.604984923
175.637541022
176.671241769
177.705122769
178.739434394
179.774475204
180.807403471
181.846932470
182.878503160
183.916416497
184.952388071
185.990160877
187.028934923
188.069940038
189.115716516
190.164253127
191.217507393
192.279293379
193.348034913
194.424607121
195.516651433
196.621115638
197.741431006
198.883787547
200.042687360
106.283357472
106.396908439
106.585106229
106.849633377
107.184176497
107.587442082
108.053672680
108.580908914
109.164537607
109.801464812
110.488755708
111.219840889
111.993445399
112.804685423
113.650550312
114.527529680
115.431359493
116.359520480
117.307471618
118.271639929
119.251953469
120.241808581
121.240112484
122.244790986
123.249028897
124.258947246
125.267863965
126.272737612
127.273178516
128.269940711
129.260118406
130.242852727
131.220284494
132.184285671
133.144351185
134.095004805
135.038151985
135.972012209
136.902197039
137.822374928
138.739009831
139.651518426
140.556300001
141.462024592
142.368995833
143.268901325
144.173762150
145.079132692
145.986743810
146.898574948
147.816785456
148.739619877
149.672386090
150.611214993
151.558682879
152.518121597
153.487848516
154.469419772
155.460106546
156.463616988
157.479018541
158.509481265
159.549477295
160.602767056
161.666395226
162.745006368
163.833707806
164.933004817
166.044747763
167.164219429
168.294406383
169.430667658
170.577719360
171.731006376
172.888883109
174.052611177
175.220954165
176.392509337
177.565869551
178.740780628
179.917181685
181.091549142
182.272381946
183.444563023
184.621848499
185.795653102
186.969672516
188.142057021
189.314197847
190.487908096
191.661391262
192.835976926
194.015279343
195.197709138
196.383896406
197.581296975
198.786855637
200.003666920
201.238287755
202.484798501
106.447152901
106.584990516
106.795501019
107.080146884
107.432542647
107.851179593
108.330108772
108.867174147
109.457685656
110.098206664
110.785733835
111.513603650
112.280211974
113.080637465
113.911795113
114.770055726
115.650904447
116.551819197
117.468446877
118.396845576
119.337002812
120.282702795
121.232649693
122.184911994
123.132936482
124.082912832
125.028218484
125.966463024
126.897223692
127.821691585
128.737102557
129.643315007
130.542396273
131.427279622
132.307175221
133.177509081
134.040362190
134.894657650
135.746283954
136.589507028
137.431189245
138.271025237
139.106079271
139.945342869
140.789646152
141.630980468
142.481688481
143.337734330
144.201329718
145.074440875
145.959788002
146.855655502
147.767742174
148.692317106
149.632114895
150.590430181
151.565840981
152.560085900
153.570227572
154.600152293
155.648623102
156.719082855
157.805651453
158.912383501
160.035634059
161.180116908
162.340824850
163.517903479
164.713056529
165.921096263
167.144845473
168.379506838
169.628932101
170.888817421
172.156646652
173.433766336
174.718238579
176.008324538
177.302248909
178.599330966
179.899187392
181.197696771
182.503154018
183.800033953
185.101493248
186.398758746
187.695482963
188.988844821
190.280385567
191.571233452
192.859847000
194.146929544
195.435881761
196.725153751
198.015112636
199.312981789
200.615743232
201.926109773
203.250958533
204.583985918
107.116353171
107.283399592
107.520928839
107.830183920
108.204659938
108.642651811
109.137998725
109.688318855
110.288849271
110.935785519
111.626059887
112.352884717
113.114355379
113.905451724
114.723065559
115.563404669
116.421721926
117.295486033
118.180545848
119.072596704
119.971669148
120.871972521
121.772004638
122.669972915
123.559627152
124.447208891
125.326181303
126.194822963
127.052674865
127.901366411
128.738302282
129.564039463
130.380593762
131.181942671
131.976999684
132.762100639
133.539496418
134.308770720
135.076107769
135.836302954
136.596648032
137.357044113
138.115233631
138.880460839
139.654067354
140.428332478
141.215856992
142.013007000
142.822435146
143.646066037
144.487164397
145.344014597
146.222697133
147.119566852
148.037543886
148.979848779
149.945347915
150.935898374
151.948420640
152.986943721
154.049987555
155.141226896
156.254517882
157.394176411
158.555953466
159.744648637
160.955189792
162.187420939
163.442923200
164.716150931
166.009785715
167.318957593
168.646727904
169.989057992
171.342717374
172.709195992
174.085905404
175.470850479
176.861975337
178.258262560
179.659053065
181.059731217
182.468405139
183.869310408
185.274963002
186.676530975
188.077633986
189.474585392
190.869071481
192.261597725
193.650920168
195.037141106
196.423438892
197.808366402
199.192017908
200.581345546
201.973415762
203.370525583
204.779814673
206.194652609
108.317711888
108.518240210
108.786874433
109.124638861
109.524857481
109.985643964
110.500603710
111.067096705
111.680291591
112.335988145
113.031058390
113.758556467
114.516307476
115.299130680
116.103946656
116.926753902
117.762592977
118.608916035
119.461791295
120.316553081
121.173264961
122.026594185
122.874829702
123.716316355
124.545145998
125.367593705
126.177239382
126.973042292
127.754502611
128.523690912
129.278206009
130.019279206
130.748898689
131.462062820
132.167377424
132.862089153
133.548612580
134.227146161
134.904183013
135.574979487
136.247282468
136.921125353
137.594939227
138.278147494
138.972586756
139.670801003
140.385584857
141.113697713
141.858183415
142.620897144
143.405623848
144.210607847
145.042297276
145.897072727
146.778065007
147.688378664
148.627190721
149.596407051
150.592868648
151.620703907
152.678251695
153.769367034
154.887730110
156.037876011
157.215038763
158.424113053
159.660010788
160.922329519
162.212546932
163.524876385
164.861877361
166.218691462
167.597671424
168.995052460
170.407058892
171.835374563
173.276829610
174.729254074
176.190407482
177.659035167
179.134255667
180.611078998
182.097448485
183.577542248
185.063208360
186.545696043
188.028606995
189.507517875
190.984261535
192.458799271
193.930225855
195.398090587
196.865346280
198.330718062
199.794026057
201.261921492
202.731606625
204.204941062
205.689259807
207.177680954
110.060074196
110.298002131
110.601501118
110.971377079
111.400728885
111.887499948
112.425040178
113.010416008
113.638732657
114.305364701
115.007127730
115.736880918
116.492209950
117.267712227
118.060388846
118.865981497
119.679338918
120.497888048
121.317936453
122.134454626
122.947533697
123.752327456
124.546912152
125.329769941
126.095371111
126.850002086
127.587394892
128.307193987
129.008850880
129.694881274
130.363100093
131.015383293
131.653715584
132.274087827
132.884786178
133.483963139
134.074190126
134.656232330
135.236899409
135.811841329
136.389280551
136.969307322
137.551051212
138.144036219
138.750578761
139.363458577
139.995600928
140.644149684
141.312483360
142.002362356
142.718061568
143.457747646
144.228218064
145.025815608
145.853904910
146.715430657
147.609898422
148.539190114
149.500126915
150.496887127
151.527691848
152.596516379
153.696951491
154.833701822
156.001572323
157.205555941
158.440596345
159.706096391
161.003444289
162.326731036
163.678409807
165.053715890
166.454380842
167.876917176
169.317180225
170.777088413
172.252975357
173.742575640
175.243565229
176.754556024
178.274502375
179.798171162
181.333364101
182.864390487
184.402416706
185.938916905
187.477493375
189.013131703
190.547817894
192.081060842
193.612330107
195.140691103
196.668873261
198.195844411
199.721158561
201.251145515
202.783197244
204.318727228
205.865191281
207.415546877
112.349876012
112.628676472
112.970373774
113.375556669
113.837043894
114.352616533
114.915349440
115.521978570
116.167552227
116.846991226
117.557057956
118.290380533
119.044336268
119.813242142
120.594231679
121.382742111
122.173452617
122.963755892
123.750221003
124.527448314
125.295556760
126.050210165
126.789267404
127.511349733
128.211339221
128.895507453
129.557778132
130.198477756
130.816998305
131.416305469
131.994448042
132.553911496
133.096700877
133.619767515
134.131063703
134.629637088
135.118208247
135.598059902
136.076319898
136.548966978
137.024714409
137.503633158
137.985562104
138.480041782
138.989856999
139.507989271
140.047433550
140.605710323
141.186471699
141.791360669
142.425108593
143.085769523
143.780469625
144.505449619
145.264329274
146.059850097
146.891860812
147.762145190
148.667562922
149.612288609
150.594490019
151.618196559
152.676995464
153.775705019
154.908789214
156.081337838
157.288371786
158.529148366
159.804974352
161.109937526
162.446395855
163.809757425
165.201222685
166.617579443
168.054491670
169.514142009
170.992464136
172.487171530
173.995957529
175.517405422
177.050363399
178.589492373
180.142474204
181.693935991
183.254360754
184.815588167
186.381239990
187.945865743
189.511613540
191.077639888
192.643816543
194.208809571
195.775132507
197.342061137
198.908899462
200.481644563
202.057930238
203.638727393
205.231534108
206.829248286
115.172183645
115.494977111
115.877865534
116.321222678
116.817533290
117.364422086
117.954673755
118.584656085
119.249369401
119.943255350
120.663025958
121.401044518
122.154511167
122.917407947
123.687052370
124.458529934
125.226375280
125.987936004
126.740066784
127.476988658
128.198852443
128.901849319
129.583615171
130.242912256
130.875064491
131.486296125
132.070765607
132.629469565
133.161725210
133.670953102
134.155448230
134.618264527
135.061449810
135.482880683
135.890157988
136.283208420
136.664893180
137.036962676
137.406858541
137.770827833
138.138084519
138.508605579
138.882952701
139.270593190
139.674775278
140.088646474
140.525213866
140.982368933
141.463975612
141.971541597
142.510220249
143.077923529
143.682085943
144.318784688
144.991915840
145.703978500
146.455177623
147.247126831
148.076784264
148.948264877
149.859750529
150.815255655
151.808450708
152.844207160
153.916738066
155.031224759
156.182809519
157.370651612
158.595978189
159.852992615
161.143963736
162.464547144
163.815502234
165.193884629
166.595340749
168.022333744
169.470502161
170.937603742
172.421445158
173.920680900
175.434107946
176.956417350
178.495186559
180.035537705
181.587277400
183.142739836
184.705582968
186.270075025
187.838535092
189.409868922
190.984364775
192.560384084
194.140235326
195.723556689
197.309424554
198.903499187
200.503703232
202.110580674
203.731590916
205.359678814
118.502423525
118.871782874
119.298321907
119.782203890
120.315530149
120.895773763
121.515421193
122.170436034
122.855782517
123.565404549
124.295965017
125.039535162
125.793168571
126.550464226
127.308974195
128.063387293
128.808120853
129.540466137
130.257587358
130.953315090
131.627839979
132.277890020
132.900870423
133.495686238
134.058128054
134.594333022
135.098739605
135.572991846
136.016311738
136.432578436
136.820337712
137.183164141
137.523167618
137.839111434
138.138222842
138.421284757
138.691288965
138.950402809
139.206370598
139.455652559
139.707966518
139.963123289
140.222424333
140.495167775
140.785068698
141.085403706
141.409139152
141.754534918
142.125606934
142.523715268
142.954402573
143.415416148
143.914480249
144.447454253
145.018531909
145.629938395
146.282248253
146.976838197
147.710828576
148.488220026
149.307279624
150.171938978
151.076039979
152.024446487
153.011212087
154.041604679
155.110930304
156.218297889
157.364852619
158.545030301
159.761012986
161.008773716
162.288719465
163.598161483
164.932894073
166.295663796
167.681923365
169.089529195
170.516488182
171.961617378
173.423710481
174.897617328
176.390819045
177.889091010
179.401577377
180.921216853
182.451715045
183.987205498
185.530182889
187.079399409
188.635557326
190.196811255
191.765276542
193.340991477
194.922830206
196.516116702
198.119100217
199.731920817
201.361919342
203.002190739
122.299345156
122.717461593
123.189738767
123.716136361
124.288330246
124.903646137
125.554273681
126.235739167
126.942986192
127.669451800
128.411749136
129.161638858
129.916057052
130.668180103
131.415842691
132.153295257
132.874868292
133.577783375
134.259537363
134.913557715
135.540086388
136.136386411
136.699624184
137.228847734
137.720332160
138.180080471
138.602856876
138.990918453
139.343366262
139.664539404
139.953230489
140.213480197
140.447476024
140.654826217
140.842358138
141.011680922
141.165905888
141.307566629
141.444692523
141.573908453
141.705433143
141.838843510
141.976202082
142.126536491
142.294042540
142.472089838
142.673557853
142.897075598
143.146756561
143.423807705
143.734131923
144.075297877
144.455304596
144.869749581
145.323146367
145.817425435
146.353545139
146.932586380
147.551900652
148.215322283
148.921279057
149.673555025
150.466253410
151.304170276
152.181293047
153.102970760
154.064713604
155.065628260
156.106770243
157.182920270
158.296171058
159.442876209
160.623173632
161.834613185
163.073287291
164.342214843
165.636770843
166.954950502
168.295034006
169.656078485
171.036912325
172.432658557
173.850699727
175.277597296
176.721849819
178.177086640
179.647065108
181.125914020
182.616303473
184.116918904
185.628857740
187.150162350
188.682767398
190.227130069
191.781950148
193.352219395
194.936541083
196.534682009
198.153789720
199.787205120
126.498388917
126.966650894
127.485971640
128.056118127
128.668310601
129.319732669
130.002291077
130.711048562
131.440947316
132.184922414
132.939534320
133.696227917
134.451848743
135.199122696
135.936211507
136.656890926
137.355438900
138.028992106
138.675400086
139.287674642
139.866122840
140.408527455
140.911806703
141.375148503
141.795321380
142.178138064
142.518732507
142.819925558
143.080665467
143.305747685
143.494196263
143.650454480
143.776797015
143.873630529
143.947350468
144.000352056
144.035853233
144.056701720
144.071185849
144.076054159
144.082014118
144.088346674
144.097900130
144.119324382
144.157320843
144.205318203
144.276069333
144.368576748
144.487005083
144.632409699
144.811030660
145.020253286
145.268342604
145.550603214
145.871892209
146.233838579
146.637800883
147.084516673
147.571644807
148.102807748
148.676673616
149.296822349
149.957711075
150.664012065
151.409742255
152.200329657
153.031527119
153.902489767
154.814172704
155.761808783
156.747396581
157.767726104
158.822743779
159.910217233
161.026670065
162.175369178
163.351716038
164.553869819
165.780440968
167.030788032
168.303800780
169.594970116
170.911567282
172.241042306
173.591264887
174.956613307
176.340891527
177.738330672
179.151768409
180.579894799
182.024165664
183.482596271
184.956950444
186.448101390
187.954600983
189.481113236
191.026608880
192.590514961
194.179717802
195.787884675
131.023670170
131.543062604
132.110353936
132.725133233
133.378149476
134.066450600
134.781687454
135.518441051
136.271674298
137.033841247
137.801442366
138.565616013
139.323139917
140.066274245
140.793545143
141.498223681
142.174571244
142.819621455
143.431590443
144.003061257
144.534421569
145.023940650
145.468278568
145.866754576
146.216627576
146.523455996
146.782781988
146.997925953
147.167644705
147.297180212
147.385760270
147.438158793
147.456740343
147.442658405
147.401840718
147.337417528
147.252699008
147.150794735
147.040218352
146.917809337
146.794743779
146.669952120
146.547096767
146.434339271
146.336923871
146.248307066
146.181085341
146.134642386
146.113158473
146.117547306
146.154370292
146.220835662
146.325472620
146.463278109
146.639477765
146.855408711
147.112848726
147.412157402
147.751385107
148.133904822
148.558708372
149.029124903
149.540059799
150.096011339
150.691123348
151.330903617
152.011384333
152.731821621
153.493057255
154.290875101
155.127173085
155.999225054
156.906855740
157.848026808
158.819804665
159.825668635
160.861142841
161.924560207
163.014901278
164.131869137
165.274429705
166.438514236
167.631260772
168.841076597
170.075218971
171.328844734
172.605790916
173.900472190
175.215878726
176.550759731
177.906877520
179.282292699
180.678605392
182.097082489
183.536152599
185.000155051
186.488429558
188.000098106
189.541727986
191.107375296
135.771653381
136.342308764
136.957689440
137.617226044
138.311199865
139.036532504
139.784660864
140.549678583
141.326594013
142.107421136
142.888588331
143.660955739
144.421250267
145.161267507
145.879926301
146.569971986
147.225687463
147.843981942
148.423444544
148.956216850
149.442783917
149.881847213
150.269799213
150.606074794
150.888405618
151.122024052
151.302910505
151.434802947
151.516222207
151.552837386
151.544037670
151.494845987
151.407710237
151.284472471
151.130552227
150.949749797
150.745450617
150.520972592
150.285011145
150.034472695
149.780970159
149.523037910
149.265181939
149.014961389
148.778211752
148.548389117
148.337913018
148.146557829
147.978497016
147.834518949
147.721499013
147.636484589
147.588275284
147.571562215
147.591965720
147.650557619
147.749555802
147.888922305
148.067189687
148.287453411
148.549114124
148.855215752
149.201206108
149.591366903
150.020065931
150.492895421
151.006200147
151.559391591
152.153183612
152.783999076
153.453627450
154.159864591
154.902473114
155.679582614
156.488890585
157.334042582
158.210770731
159.117575932
160.053830258
161.019605586
162.013946649
163.033272041
164.084556848
165.157200529
166.257860688
167.382474885
168.534891212
169.709761175
170.910205868
172.135069012
173.386355334
174.662227492
175.964125938
177.293671014
178.649189844
180.034698446
181.449894866
182.893630505
184.372107815
185.879813031
140.628512349
141.249840019
141.912747776
142.616531318
143.351030419
144.113052225
144.893876585
145.687118695
146.487858854
147.287733307
148.083080994
148.864532279
149.628773700
150.367155245
151.079005478
151.756534034
152.394084815
152.988418327
153.538493656
154.036000657
154.481539366
154.874166946
155.210000729
155.488567792
155.708039359
155.873245167
155.980621839
156.034227646
156.032297399
155.980897261
155.879521080
155.733350538
155.544900046
155.316635113
155.053423971
154.759656321
154.438773618
154.094246857
153.734900597
153.357691699
152.974626618
152.583807332
152.190611866
151.801881291
151.424100461
151.050699171
150.693909084
150.353904726
150.034844187
149.737411966
149.468798128
149.225914383
149.017844537
148.838992502
148.695398473
148.587913075
148.519215207
148.488864996
148.495972853
148.543338861
148.630856929
148.761263996
148.930642863
149.143024203
149.393095585
149.686541271
150.020048345
150.393239279
150.806684690
151.257521817
151.747424814
152.274739596
152.839216784
153.439127188
154.072863719
154.744185644
155.449106124
156.186275923
156.955464048
157.757118557
158.590355804
159.452106036
160.349147095
161.271874477
162.226357601
163.209293172
164.224513823
165.266935390
166.339784220
167.442017239
168.575811219
169.739471365
170.934280726
172.162160149
173.421354962
174.715556917
176.044802722
177.407706273
178.810072708
180.246838820
145.469182763
146.139808903
146.848958889
147.595820431
148.369842285
149.167732059
149.980683504
150.801858726
151.626436662
152.445760324
153.256055356
154.047792347
154.817619470
155.556478995
156.264112582
156.932196728
157.555175187
158.129633379
158.654886285
159.122163514
159.532198871
159.884304544
160.174318836
160.401828223
160.565393000
160.669361806
160.710629975
160.693463577
160.615757748
160.483933117
160.297516274
160.061749987
159.779186929
159.452842905
159.086990701
158.686511785
158.254881230
157.795667309
157.317759709
156.818157903
156.309204665
155.788543973
155.262450188
154.736931601
154.219187399
153.702596989
153.199203155
152.709587851
152.237899895
151.784744405
151.357634914
150.953380017
150.581368105
150.235751204
149.923012316
149.643841039
149.401397259
149.194849469
149.023984422
148.891299410
148.797262008
148.744294566
148.729202537
148.755739964
148.819006009
148.924787373
149.070138515
149.254948451
149.479629305
149.742093269
150.043893571
150.383944685
150.762024302
151.176517616
151.626554760
152.115951076
152.641060802
153.200655815
153.794893016
154.424587984
155.088914464
155.785315733
156.520337419
157.285346712
158.085834253
158.919215049
159.789276437
160.691202908
161.628297648
162.599634410
163.607488710
164.650333111
165.729293833
166.846530689
168.000223724
169.193737385
170.427420186
171.699678778
173.015901807
174.371476219
150.157341011
150.875114067
151.628507634
152.416631296
153.228619006
154.061097082
154.905255795
155.753848182
156.602177601
157.441399962
158.267598017
159.071173744
159.848730443
160.590860305
161.297706751
161.960430390
162.573612466
163.133635591
163.640145712
164.083907575
164.465807551
164.785290646
165.037917240
165.223291311
165.340295303
165.392719441
165.377902650
165.300194439
165.157094710
164.955322245
164.694350525
164.379380190
164.012960710
163.598578203
163.139865413
162.642079596
162.108704176
161.543346322
160.954886946
160.340365063
159.712389148
159.068128159
158.414769727
157.757376682
157.103930417
156.447735423
155.800653104
155.163674371
154.540958328
153.933054784
153.347815339
152.781982284
152.245273586
151.731638277
151.248020384
150.795021665
150.376299010
149.990653274
149.638643999
149.322468150
149.043239826
148.803071584
148.599571615
148.436200204
148.308553591
148.222532182
148.175577672
148.167900004
148.199737813
148.269822718
148.379584495
148.528514484
148.716446741
148.941855598
149.204629006
149.508579677
149.850450450
150.229098445
150.645048465
151.099463797
151.591556433
152.119266485
152.688875377
153.292675830
153.935589095
154.615695127
155.336707104
156.094064407
156.891120070
157.727057261
158.604180275
159.521141195
160.478910734
161.479823810
162.522011038
163.608505968
164.739938827
165.914537946
167.137270211
168.403955318
154.557757318
155.319654821
156.114483655
156.941305950
157.789042297
158.654259377
159.528235370
160.403376925
161.275136007
162.134606911
162.977695096
163.794845437
164.582601876
165.331283483
166.041409654
166.703658845
167.312785490
167.864942971
168.360073599
168.788477523
169.151214621
169.447721557
169.673289797
169.827491108
169.909448568
169.922323045
169.863863164
169.738369833
169.542893573
169.284381194
168.962156184
168.581270454
168.144216786
167.654863752
167.116162152
166.533611242
165.910673385
165.250935090
164.563182890
163.844497456
163.107666150
162.349375565
161.577731226
160.796742734
160.015239119
159.226423566
158.441990047
157.663331600
156.894648902
156.136456364
155.396962289
154.672881007
153.974286555
153.294984918
152.642392839
152.017107171
151.423291536
150.859414902
150.326901051
149.827658226
149.363508602
148.936272084
148.544429827
148.191138999
147.872570972
147.594751027
147.355522859
147.155469081
146.994641845
146.872620397
146.790712457
146.748986206
146.747351937
146.784351148
146.860632463
146.979948551
147.139467059
147.338090867
147.576685322
147.856732869
148.177463414
148.537283356
148.942183636
149.385320063
149.871054883
150.398071760
150.969983920
151.582458212
152.238873136
152.938506116
153.683626091
154.473066114
155.307643494
156.189805538
157.117648631
158.093870523
159.119351923
160.192169363
161.316874487
162.489687401
158.559596235
159.362088896
160.195094806
161.057658958
161.938610566
162.834480223
163.736728660
164.637495374
165.532401522
166.412618850
167.273836973
168.106670555
168.907581916
169.666710073
170.384910698
171.052429408
171.664225535
172.216199865
172.708548402
173.131111972
173.485146314
173.769925909
173.980491336
174.116326098
174.176701380
174.164088844
174.076593984
173.918336068
173.685866589
173.386278121
173.018639884
172.587749815
172.095979254
171.547486516
170.944503605
170.292622475
169.595251641
168.855896995
168.083156488
167.274155993
166.441762423
165.582179382
164.704420894
163.811342813
162.912680909
162.001506210
161.089364724
160.178033238
159.271795130
158.371141260
157.484657780
156.609066589
155.754823700
154.915658641
154.099464602
153.306921242
152.542700610
151.804984784
151.096143283
150.417815593
149.772579176
149.161989035
148.585457079
148.045835447
147.539938890
147.073927857
146.646057681
146.257332262
145.907606516
145.597319542
145.327664181
145.099278038
144.912160108
144.764901562
144.658900407
144.597796686
144.579209886
144.602048983
144.667489108
144.777299286
144.930708314
145.126549651
145.370506631
145.656525367
145.988422331
146.365422319
146.791018561
147.261069905
147.778961330
148.344045660
148.958502078
149.621338607
150.333224251
151.096661296
151.909727504
152.774780631
153.692922248
154.662102483
155.686474230
156.762615356
162.052760424
162.891642869
163.758932886
164.653686973
165.564783263
166.488742395
167.417302814
168.342431976
169.259938189
170.161219621
171.041711208
171.892337050
172.709451528
173.483121391
174.214488774
174.893433040
175.515147154
176.075262582
176.574182363
177.001300948
177.358095234
177.643518902
177.852391002
177.984047929
178.037810177
178.015415601
177.915257327
177.741144449
177.489088072
177.166232687
176.771286880
176.308693205
175.780626567
175.191438169
174.542611122
173.839665869
173.085921692
172.284741712
171.444431958
170.562166533
169.650778404
168.705991964
167.737701662
166.747517278
165.746126822
164.726431188
163.699849524
162.668508753
161.636821023
160.605253484
159.582788293
158.566184861
157.566300910
156.576859145
155.606221018
154.655236962
153.729077509
152.825689411
151.948455127
151.098771560
150.280001283
149.493470821
148.739566311
148.020838933
147.334804715
146.687766972
146.078397996
145.508167197
144.976725179
144.485368356
144.035188050
143.627378936
143.262035095
142.937785746
142.656757675
142.422432126
142.232900484
142.087041778
141.986310142
141.932728002
141.925508444
141.963867957
142.053176560
142.188092962
142.371905774
142.604320737
142.888699098
143.221052572
143.604760579
144.039232248
144.526513703
145.065777604
145.657553467
146.304349029
147.004240622
147.759242518
148.570651160
149.436314418
150.360012257
151.338629805
164.967375186
165.837968923
166.735206850
167.658182634
168.595973340
169.545117193
170.497720075
171.445682460
172.385014979
173.307492634
174.208258210
175.078690659
175.915007550
176.707320763
177.457001789
178.153644712
178.792700470
179.369523534
179.884676753
180.327127877
180.698603849
180.997582381
181.218702167
181.361093932
181.424028295
181.408483602
181.313058884
181.141135775
180.888155104
180.561212992
180.158553248
179.684170635
179.139962204
178.530374564
177.856120823
177.122477291
176.332635003
175.489754016
174.601738491
173.665811350
172.694647731
171.683499094
170.643092783
169.573710769
168.487021406
167.375709249
166.251086695
165.115581117
163.973781284
162.826114686
161.681974300
160.538176917
159.405993107
158.279206193
157.166626560
156.069357563
154.993046234
153.935458582
152.901039414
151.890974952
150.909422676
149.957524151
149.036667658
148.149112676
147.293122864
146.475149434
145.694283251
144.952498518
144.249238429
143.586641191
142.965717060
142.388201794
141.854286573
141.362634324
140.916073543
140.517888816
140.166659155
139.861202785
139.603225029
139.394970751
139.235628608
139.124753521
139.067408051
139.058885686
139.101969950
139.196793285
139.346581714
139.547460550
139.802799150
140.112045386
140.477081709
140.897232364
141.372900537
141.906558963
142.496301232
143.143796345
143.850514087
144.614223840
145.438364488
146.320074168
167.261186496
168.158545156
169.081126717
170.028083609
170.988845573
171.959996155
172.934089114
173.903070004
174.863163531
175.806667564
176.728400123
177.620339668
178.478540104
179.293280539
180.066102192
180.786407793
181.449927036
182.051741147
182.592529540
183.060861187
183.458745774
183.784043508
184.031265887
184.199284140
184.287226543
184.295307496
184.222242952
184.070888074
183.836098481
183.524818343
183.134732105
182.669307071
182.130078782
181.521492884
180.843484181
180.100907086
179.296785036
178.434015510
177.519988214
176.551971064
175.542349372
174.485908732
173.394140298
172.265929140
171.113930121
169.930554857
168.727025998
167.506003471
166.272297954
165.026263092
163.777710001
162.523520412
161.275375851
160.027181953
158.788165673
157.559754686
156.348036584
155.150651548
153.973135760
152.816499239
151.685683958
150.581694300
149.506932900
148.463380347
147.450083583
146.473642411
145.533565507
144.632366230
143.769282058
142.947266267
142.167276418
141.431571918
140.740440611
140.092582139
139.491498167
138.940247857
138.437911298
137.983223288
137.578117376
137.225035186
136.923138930
136.672280678
136.477233629
136.333851563
136.244441090
136.209515876
136.232172577
136.308613571
136.442201542
136.632409694
136.880937349
137.187247183
137.551633645
137.976503657
138.459988795
139.003411787
139.608399776
140.272666756
140.999346750
141.785774735
168.936793963
169.855863670
170.799049137
171.765578966
172.745384839
173.735123208
174.727864065
175.715710372
176.695111220
177.659022460
178.601911338
179.516495139
180.398640934
181.238917682
182.038979084
182.788140089
183.482427057
184.116664426
184.691614389
185.195481953
185.630597731
185.994084116
186.280390929
186.488084782
186.616071466
186.663820250
186.630074445
186.517086641
186.319130107
186.042895657
185.685428815
185.249606063
184.736519777
184.150524100
183.490780482
182.761546128
181.965637287
181.105633497
180.188297331
179.210932573
178.185498923
177.106321120
175.985565508
174.820663913
173.625239828
172.391364121
171.130180847
169.844496839
168.539383209
167.215065416
165.881770351
164.536437644
163.191141670
161.839962071
160.492496797
159.150553795
157.820610830
156.500233984
155.196056461
153.908949011
152.644605085
151.403942212
150.190373634
149.005615635
147.849523215
146.728841218
145.643493283
144.596560711
143.587081749
142.618789694
141.692624546
140.811352402
139.975356057
139.183382929
138.439580233
137.746762651
137.104524726
136.511503661
135.969845780
135.482169902
135.047617924
134.666303461
134.342740049
134.073273357
133.859767706
133.703082216
133.606199167
133.565366741
133.583952289
133.661445891
133.799356065
133.997271965
134.255402098
134.576066051
134.957456954
135.400551762
135.907124999
136.474858652
137.106621195
137.799888678
170.024591942
170.959976586
171.918652539
172.899938646
173.894407577
174.898814695
175.906802246
176.910738469
177.907306860
178.890239779
179.853637787
180.791083808
181.698242558
182.566090505
183.396342657
184.178335922
184.908407527
185.581155576
186.197401431
186.745028384
187.226729040
187.638796205
187.975692103
188.235645491
188.417275983
188.519348151
188.540547620
188.482473994
188.338839830
188.115986541
187.810260346
187.423902070
186.957485438
186.415189950
185.795423652
185.101678763
184.336526186
183.502177649
182.604659328
181.641296170
180.623486463
179.545096762
178.418860839
177.240715785
176.025209892
174.763995307
173.468141112
172.140498750
170.786428103
169.405951485
168.009698319
166.594643425
165.173217091
163.739711801
162.304038497
160.868421713
159.439664413
158.015304677
156.603053767
155.203679682
153.823572869
152.463614157
151.128207449
149.818819546
148.536127782
147.287012505
146.071808491
144.894187355
143.752998878
142.652713924
141.594296365
140.581003286
139.613309591
138.690028335
137.815928409
136.993569113
136.223073503
135.502975843
134.835626778
134.223810115
133.666660325
133.164523816
132.721694209
132.334947920
132.005746412
131.735268593
131.526405297
131.375424822
131.285717241
131.256786440
131.289951687
131.384918391
131.541836224
131.762924296
132.046462400
132.393083245
132.804704173
133.278998116
133.818608414
134.421097791
170.593598663
171.540128927
172.509344321
173.500663857
174.505423099
175.520499703
176.540148776
177.557101928
178.568286231
179.568307910
180.550894638
181.510604411
182.442891906
183.339249182
184.201410246
185.018844665
185.788211931
186.503926443
187.166858860
187.764617279
188.300301624
188.769314989
189.166214231
189.488871111
189.735576517
189.904451232
189.994049756
190.005297099
189.931386168
189.778225065
189.541424242
189.222565963
188.821641487
188.342584935
187.783087978
187.145725352
186.432790008
185.646084084
184.790798008
183.864260036
182.877176504
181.822956594
180.714780503
179.547064765
178.335215296
177.070379136
175.763546835
174.417498391
173.037898772
171.624473889
170.188229923
168.726139689
167.250931494
165.757136068
164.254906865
162.746899252
161.240162267
159.732243896
158.231889469
156.739798985
155.262982995
153.802333547
152.363209708
150.946841670
149.554732914
148.193883159
146.865032728
145.572459317
144.314838031
143.097329072
141.920966238
140.789483671
139.703444547
138.661752128
137.669777031
136.729819667
135.842547554
135.006395064
134.223916130
133.498054048
132.827955385
132.214179129
131.660846765
131.165112367
130.728079112
130.351229821
130.037393718
129.782840258
129.591006403
129.461412347
129.395197544
129.392176309
129.452470834
129.578193707
129.767739018
130.021397027
130.341228717
130.724921311
131.174933244
131.688861947
170.742552481
171.695048206
172.669764717
173.666228644
174.676641024
175.698021962
176.725268229
177.751559689
178.774077516
179.788377406
180.787818760
181.768025654
182.724245116
183.648580493
184.542755422
185.396481146
186.206749093
186.967844161
187.680692036
188.332676124
188.927352182
189.459208585
189.922983471
190.316189125
190.636768190
190.882275520
191.051078387
191.143432538
191.152072019
191.082402108
190.929286718
190.693648315
190.374846971
189.976513735
189.495677943
188.933864033
188.293059761
187.574626296
186.782830433
185.914982562
184.980975767
183.973760227
182.906829871
181.773070818
180.588656918
179.344136165
178.050408198
176.710054157
175.329045882
173.906700896
172.454364273
170.968954064
169.463416399
167.932529216
166.386607064
164.828725169
163.266085493
161.696272716
160.128996615
158.564920035
157.011574897
155.469907202
153.946180200
152.441395780
150.957877159
149.502719365
148.077060921
146.685793180
145.327432230
144.007774612
142.727973039
141.492226590
140.301181695
139.153861040
138.056223032
137.010311222
136.017355618
135.075701410
134.188111758
133.357691454
132.583623915
131.866669519
131.210832166
130.613598962
130.075764180
129.599108155
129.186434908
128.834002855
128.545325779
128.319948773
128.158847780
128.061941862
128.029362208
128.063115029
128.161739582
128.325185659
128.555665122
128.850903121
129.213213817
129.640180452
170.590249033
171.543718904
172.519004313
173.515745178
174.527087569
175.550209966
176.580667920
177.612158105
178.642126474
179.667130840
180.680176062
181.678021715
182.655717978
183.606060247
184.530744119
185.419825768
186.270635252
187.077390855
187.841092861
188.548951902
189.205029417
189.802906987
190.337592907
190.806253618
191.206486634
191.535372623
191.791055994
191.973154540
192.074022064
192.098510450
192.040752944
191.901033952
191.678052503
191.375095449
190.988602034
190.518939220
189.967771949
189.336002177
188.626902900
187.837746628
186.977506461
186.038672824
185.034916218
183.957600667
182.823560572
181.622648816
180.365655290
179.054828798
177.696435820
176.289260203
174.844935996
173.360262195
171.848300240
170.304069375
168.737954053
167.153412325
165.557693424
163.948432820
162.336210380
160.721676314
159.112763866
157.510507997
155.922009522
154.348043157
152.791734427
151.260239847
149.755084973
148.281772771
146.838675460
145.432167448
144.063568976
142.737532907
141.454780696
140.214486680
139.023187078
137.882673924
136.794759034
135.757714648
134.774524788
133.848462933
132.978778186
132.166429372
131.415361710
130.723358164
130.090957093
129.520238454
129.014021911
128.568549329
128.187445700
127.870295051
127.617931023
127.430376514
127.307812711
127.252144493
127.262089758
127.337260016
127.480030394
127.688188322
127.963943594
128.304819687
170.270335246
171.220034144
172.191113841
173.183331907
174.190837755
175.210978609
176.239978316
177.272100851
178.305069159
179.336473645
180.358987087
181.370552742
182.366042895
183.339008791
184.291113857
185.212852523
186.101898303
186.952471336
187.765678543
188.528609415
189.245880739
189.910205471
190.516949283
191.062961579
191.545519806
191.961330307
192.308301498
192.585467125
192.784894601
192.910851326
192.956781752
192.922375199
192.805660515
192.609556543
192.330001384
191.966127132
191.519268613
190.989865545
190.380147656
189.687333288
188.919386718
188.068341816
187.147908791
186.147956836
185.085861521
183.950685667
182.753086106
181.494845223
180.182498646
178.814161820
177.401698298
175.941714623
174.447263774
172.913586879
171.351038971
169.763398789
168.157845880
166.532066706
164.897393196
163.254479882
161.611520434
159.969664055
158.336766789
156.713367459
155.103365630
153.513932856
151.946965954
150.408566133
148.896973321
147.419075640
145.976406132
144.574059652
143.212819578
141.892044234
140.618841434
139.394756829
138.222203688
137.099401526
136.029570514
135.016164260
134.058527890
133.157824276
132.318000208
131.537104339
130.815475360
130.155501642
129.560062969
129.025385673
128.555243895
128.149279832
127.808209782
127.532163006
127.321416665
127.177783057
127.100195806
127.087929951
127.143542110
127.264907378
127.454170901
127.708754104
169.917449167
170.858897542
171.821179844
172.804175820
173.803076044
174.815401986
175.838050164
176.865884267
177.896917382
178.929784695
179.956855306
180.977285099
181.985793080
182.976734286
183.951747152
184.901847128
185.825053090
186.715658226
187.574918792
188.389852213
189.165678719
189.894306037
190.571540378
191.193956330
191.758554704
192.261771338
192.701288567
193.075626597
193.376673353
193.608100164
193.762727581
193.839712314
193.836424358
193.755407778
193.592204057
193.344663920
193.013796481
192.599591249
192.103208456
191.521802575
190.862260589
190.116168855
189.297145114
188.393611361
187.423357126
186.374566303
185.257736560
184.074053846
182.830285789
181.523740047
180.166442577
178.754728779
177.301499500
175.802186709
174.267011634
172.699986098
171.108094092
169.489058943
167.854824381
166.206057935
164.551052455
162.891085202
161.234669438
159.582088283
157.937974244
156.309454897
154.698775011
153.112607815
151.549066868
150.015483405
148.513641967
147.049065541
145.622579427
144.233756812
142.890272054
141.593427472
140.346256800
139.146948583
137.998976911
136.905989103
135.867457483
134.884761645
133.961910471
133.097193563
132.290809164
131.545468897
130.864159596
130.243099617
129.686252867
129.193344671
128.765001492
128.401465524
128.103161043
127.871820065
127.706632849
127.606540088
127.574304177
127.607914842
127.709492777
127.876319056
169.679249479
170.608217285
171.557271010
172.526416839
173.511907229
174.511437036
175.522578179
176.540809091
177.564447007
178.593168342
179.619070937
180.642535777
181.658157321
182.661126486
183.653075109
184.625609925
185.577094832
186.501967337
187.401684710
188.263237581
189.092495957
189.880645477
190.624011029
191.318946696
191.962235157
192.550147105
193.080171685
193.550399458
193.952655874
194.290025293
194.554790030
194.745655132
194.859364158
194.898098374
194.857121464
194.732989467
194.526403585
194.236932676
193.864667301
193.406698187
192.868790134
192.242100767
191.540034252
190.749633420
189.888974118
188.945282551
187.928871585
186.840210458
185.686252656
184.463359030
183.183645171
181.843095474
180.454297077
179.012832583
177.528680322
176.005974455
174.451369644
172.862595755
171.252048046
169.620403713
167.975874127
166.319863866
164.661428733
163.000560866
161.342570813
159.694466628
158.058807395
156.442796249
154.844416681
153.271363192
151.725699921
150.213359051
148.735177465
147.290969160
145.888968382
144.530231821
143.218429559
141.951739504
140.733907942
139.568789780
138.456013480
137.397195143
136.396463221
135.452328493
134.564910437
133.737263493
132.972530128
132.266934692
131.624674348
131.045587556
130.530241300
130.079001257
129.692496507
129.372393875
129.118186861
128.928484057
128.806285502
128.749724609
128.760939756
128.837037515
169.686662998
170.599192627
171.530768216
172.481527189
173.448791382
174.430422116
175.424671640
176.427632270
177.437940657
178.456299132
179.474569976
180.494357798
181.510164344
182.518034387
183.519620912
184.507180038
185.479418361
186.430987296
187.363602110
188.264268565
189.139548940
189.980004573
190.782550500
191.543383512
192.259138879
192.926024648
193.541390329
194.102988983
194.602708356
195.043072931
195.415930062
195.719629079
195.950339711
196.109908699
196.193453839
196.196256651
196.118740754
195.960101735
195.719387416
195.393637793
194.987475362
194.491661605
193.919279901
193.256085691
192.520316846
191.698180487
190.799782096
189.824770071
188.780231531
187.661449208
186.480553393
185.233101927
183.931192548
182.570513307
181.160689679
179.705846921
178.212172211
176.677356669
175.114068775
173.522981180
171.912024258
170.282713768
168.644516048
166.997081318
165.346326945
163.699047946
162.058070678
160.431067458
158.815875308
157.220460871
155.647180132
154.102347460
152.586767550
151.100512110
149.652363352
148.243120634
146.877099714
145.552484320
144.273307336
143.043642624
141.863298317
140.734152024
139.660503122
138.641066330
137.675945295
136.768559411
135.922254928
135.133282708
134.406116674
133.740744635
133.137704818
132.597501527
132.121032588
131.709917585
131.364005312
131.081575654
130.865905630
130.715304072
130.631972460
130.612813344
170.061568442
170.953831360
171.863726872
172.791529554
173.735629579
174.694042152
175.665709874
176.647324667
177.637859072
178.639019080
179.642468052
180.651023751
181.659127735
182.663685288
183.666406300
184.660242781
185.644239930
186.613329050
187.569544097
188.499943700
189.411820470
190.295217927
191.147705599
191.965392645
192.744844981
193.482305098
194.175054280
194.820603321
195.411031261
195.948345562
196.424074363
196.836319135
197.180745521
197.458908733
197.665921902
197.795843182
197.848861422
197.823861657
197.718903530
197.531002333
197.263642589
196.907238093
196.474460031
195.949892206
195.351818369
194.665385230
193.900473828
193.055828127
192.138613828
191.142916626
190.080807400
188.947350791
187.753968300
186.496407630
185.183832499
183.820210993
182.411123022
180.954161915
179.462076291
177.935507801
176.381889639
174.802816546
173.208016300
171.596728438
169.975389119
168.350467139
166.724993112
165.107027118
163.494227430
161.894728208
160.311170588
158.750212395
157.212565787
155.698565582
154.217520296
152.769948775
151.360811855
149.988308396
148.656766728
147.370485427
146.129468269
144.935883452
143.794243556
142.703451449
141.663658832
140.678673454
139.752092050
138.880218949
138.067848730
137.315160155
136.622694916
135.991115705
135.421660655
134.915922985
134.474166058
134.094346510
133.780066884
133.529847271
133.346001889
133.225206670
170.914459741
171.782637227
172.666574873
173.566691379
174.482438575
175.411967977
176.354930222
177.308591090
178.272276979
179.248671111
180.229276043
181.218105182
182.209573070
183.201442809
184.195524094
185.185501067
186.170751853
187.146550074
188.115310461
189.064179428
190.001213128
190.916048209
191.806966296
192.670063080
193.501917897
194.298897994
195.058303313
195.777497210
196.448881583
197.074003354
197.644196800
198.157432750
198.608957760
199.000091902
199.326091927
199.579874311
199.761447426
199.869463193
199.901075084
199.853314854
199.728557687
199.516936420
199.230638122
198.853215052
198.402892168
197.863740825
197.245407747
196.545675225
195.771732162
194.916367905
193.991523298
192.991717269
191.927502302
190.794642885
189.601736829
188.352432907
187.051567056
185.696562715
184.300044358
182.862584041
181.390887159
179.886578121
178.359479588
176.808333894
175.239988460
173.660451821
172.072876282
170.485604940
168.896066011
167.312440082
165.737622052
164.178559561
162.635790899
161.109903900
159.610696952
158.138369380
156.698512637
155.289339166
153.915471691
152.581430205
151.287418674
150.035927012
148.831710478
147.673843471
146.562589363
145.502166482
144.496465374
143.541877444
142.643560100
141.801930798
141.017567388
140.291315695
139.624834088
139.019713640
138.476699507
137.993434395
137.573904810
137.216882834
136.924852043
136.694247005
172.347193747
173.187753328
174.041645012
174.909438966
175.791641259
176.686515355
177.594448502
178.513244416
179.442603523
180.386158838
181.335289762
182.295185321
183.260265485
184.229141116
185.203770254
186.178597208
187.153325953
188.123629968
189.092367497
190.046804951
190.995789457
191.928662788
192.844469413
193.739368275
194.610035857
195.453046865
196.265818575
197.045657829
197.785421207
198.486262504
199.139452799
199.742956024
200.291696841
200.786827940
201.223901772
201.594803098
201.899423563
202.136272867
202.301707405
202.392830879
202.410962411
202.346040363
202.209716147
201.984676636
201.688998512
201.305693172
200.844173211
200.301233697
199.684035124
198.983997749
198.212869529
197.364591129
196.448653938
195.460805026
194.408980997
193.296342631
192.126853200
190.897684777
189.621128431
188.297637071
186.932948437
185.528651556
184.094482073
182.628581804
181.138082319
179.628377553
178.102637879
176.569359621
175.025668377
173.479652423
171.934399746
170.397075381
168.867939238
167.347801495
165.846894197
164.365039678
162.908426079
161.475262809
160.070451845
158.698718441
157.360455084
156.058504028
154.797875399
153.577794761
152.398698468
151.265233552
150.181621550
149.144380933
148.159069643
147.226397438
146.347010420
145.521967624
144.753435508
144.043030945
143.392056440
142.797855161
142.264867859
141.792164002
141.382462362
141.031951748
174.436726575
175.245789734
176.065116475
176.895437313
177.738307325
178.592073304
179.457900389
180.334087670
181.220732137
182.122391704
183.030361861
183.950986502
184.878724493
185.813019307
186.756032467
187.702989235
188.653913157
189.604931452
190.559406947
191.504758995
192.450646588
193.386226667
194.311352564
195.222323457
196.115995312
196.989224863
197.839653522
198.664616043
199.457553126
200.219300263
200.941198251
201.621329526
202.254403040
202.841478638
203.378556906
203.856624587
204.275527160
204.633731329
204.926929520
205.152365367
205.310375521
205.390809534
205.404751047
205.334211368
205.197044189
204.975249408
204.678014834
204.301156686
203.851760649
203.319836398
202.716885355
202.036261365
201.286208279
200.462433888
199.572131134
198.617801273
197.602420610
196.522821423
195.390752265
194.206488121
192.974555662
191.696428390
190.381560789
189.027375872
187.641142363
186.227466924
184.789411368
183.335470614
181.862371796
180.377953737
178.885403862
177.392010422
175.897623858
174.403223538
172.919392640
171.445498004
169.988266012
168.545867981
167.123451342
165.725913593
164.353802896
163.010342276
161.700785527
160.424483762
159.182102848
157.978728872
156.818943285
155.699436795
154.626198935
153.600290532
152.622457280
151.694006003
150.817707148
149.995235757
149.228535594
148.514672275
147.858622952
147.259806505
146.721252922
146.238914318
177.251833363
178.025525411
178.805659514
179.593135695
180.390557870
181.196322562
182.012429064
182.837623651
183.672425982
184.522298287
185.378494059
186.248493363
187.126828359
188.013758304
188.911709614
189.816705682
190.729084287
191.645478011
192.569814495
193.489701784
194.415625537
195.336665565
196.253526368
197.162724865
198.061375975
198.946685974
199.816633533
200.668657597
201.496909233
202.301986425
203.075431953
203.815571446
204.517011409
205.180798661
205.803530226
206.375450788
206.896434150
207.365009247
207.776359960
208.127947577
208.419219527
208.640060342
208.800972481
208.883504319
208.905227957
208.847215126
208.718447811
208.513809542
208.240271544
207.886428436
207.463493445
206.964253456
206.395531178
205.752990462
205.043014294
204.267278171
203.427677798
202.520614910
201.557094489
200.537148006
199.463851717
198.338472064
197.169979507
195.954949660
194.700623118
193.410631925
192.087779773
190.740381426
189.364647266
187.967991380
186.553570610
185.128678130
183.692597145
182.246395774
180.800895256
179.354905932
177.915603551
176.481063563
175.056622553
173.647295849
172.253728365
170.879546230
169.530207822
168.205155086
166.905332072
165.636262892
164.402905673
163.202172795
162.040505934
160.919379815
159.839669083
158.802967012
157.812750550
156.870789787
155.979761526
155.136485368
154.346569711
153.609840426
152.929727874
152.301972582
180.831504981
181.565743548
182.301749827
183.040602345
183.785959430
184.536228969
185.294316078
186.059361071
186.832336000
187.619592184
188.412385422
189.219316130
190.035026900
190.860573340
191.698714547
192.546285892
193.403936804
194.268854171
195.145588193
196.021976890
196.909338939
197.796781803
198.685900547
199.573505771
200.457046614
201.334139361
202.203215458
203.061884961
203.905130425
204.733396217
205.538555686
206.319298762
207.070245984
207.792512925
208.483433578
209.132684543
209.740244036
210.304809356
210.821230553
211.287270713
211.701597546
212.054269683
212.355213148
212.585745525
212.763113067
212.867579401
212.907948166
212.878254914
212.785324814
212.616374513
212.382301282
212.075375132
211.700845504
211.254347142
210.741408362
210.162724129
209.519044301
208.806251338
208.034422690
207.203275902
206.314213035
205.368193202
204.373498165
203.325722483
202.231898150
201.094486112
199.915862119
198.703960341
197.454335037
196.173785095
194.865268919
193.535941594
192.184334542
190.811494936
189.428334084
188.032981535
186.632938858
185.226101507
183.817911958
182.413423631
181.013288678
179.621548367
178.243793279
176.879509724
175.529956608
174.201078894
172.898212195
171.618542469
170.368969411
169.151446639
167.967003733
166.817561446
165.707410595
164.638457947
163.614210816
162.631286647
161.696031507
160.808742049
159.973351473
159.185433714
185.204206461
185.894282750
186.580483044
187.264074670
187.949784930
188.635991645
189.326595923
190.021077152
190.720895982
191.433284534
192.149552925
192.879411170
193.617654334
194.366117705
195.127968556
195.900869210
196.685782380
197.480499924
198.290249932
199.103152459
199.931357667
200.764103078
201.603914023
202.447969535
203.294123048
204.140456847
204.985970091
205.828501611
206.663979282
207.492778590
208.307226409
209.106489185
209.885319005
210.644979544
211.383668386
212.090681946
212.766174340
213.409112762
214.014200934
214.579588620
215.103283465
215.575666992
216.006106488
216.375933373
216.702034707
216.964019405
217.170543737
217.314916524
217.403790801
217.423084609
217.383364006
217.276462218
217.105930145
216.867408998
216.565550625
216.199933092
215.770128938
215.271419619
214.712795806
214.093590872
213.413334245
212.672574623
211.878706168
211.026211834
210.121724410
209.166337956
208.161813818
207.115490729
206.022110998
204.887658777
203.714690321
202.510056544
201.271330914
199.999401315
198.705084732
197.385685236
196.048869422
194.692241338
193.321237089
191.940842133
190.551590661
189.157939848
187.765501763
186.373747631
184.984271549
183.603402020
182.236834137
180.882079281
179.546481693
178.232539221
176.941457323
175.675526146
174.439958667
173.236844511
172.070621904
170.937764054
169.845471470
168.794579310
167.789640340
166.826129217
190.372475665
191.013805754
191.644542731
192.266151147
192.884447799
193.497734600
194.111014230
194.724047403
195.338822919
195.963451849
196.589355939
197.227347319
197.872421222
198.527175423
199.195268203
199.875202875
200.568262315
201.272893169
201.995053866
202.723208560
203.470328249
204.225879336
204.993356988
205.770380029
206.555269511
207.346625030
208.144124071
208.945881727
209.748874771
210.553493625
211.352632649
212.146034862
212.928699059
213.702111269
214.465440966
215.207801517
215.929587472
216.630127978
217.304176766
217.950350522
218.566124604
219.142356000
219.687883973
220.184303694
220.648121017
221.058473363
221.423903497
221.737150086
222.004674060
222.211218685
222.367016976
222.463576239
222.502659334
222.479972104
222.399295031
222.258980631
222.057433738
221.789266612
221.462260116
221.075297320
220.625877785
220.114040029
219.546109552
218.915339235
218.227771256
217.482948425
216.681823232
215.830918659
214.924000056
213.966037625
212.958950196
211.909100658
210.812883445
209.670862475
208.493540836
207.277237136
206.029583948
204.747755489
203.437039789
202.102220184
200.743550994
199.365890243
197.974720622
196.569423196
195.151926832
193.728881636
192.306301654
190.882071412
189.463943084
188.055019453
186.656696105
185.271671504
183.906185156
182.562558922
181.246260073
179.953690765
178.693028626
177.465716952
176.277056644
175.122515473
196.312880613
196.900427987
197.469478538
198.021701698
198.564031723
199.094647109
199.619774591
200.139397804
200.656080098
201.178816752
201.699208645
202.229167092
202.763943850
203.306886193
203.862234169
204.429349230
205.009849428
205.602889100
206.215205880
206.835687222
207.478104447
208.132251090
208.802633712
209.487380331
210.185336575
210.895669176
211.618837933
212.353273179
213.097092518
213.850783159
214.607911085
215.368880259
216.129047457
216.890186914
217.652524892
218.405193758
219.148882036
219.883357781
220.603622896
221.308831246
221.996054943
222.656775460
223.299342464
223.905861984
224.492440710
225.037952449
225.550856658
226.023506964
226.462153704
226.850530327
227.198545102
227.497514576
227.747364295
227.943941897
228.090187089
228.183150126
228.220121403
228.194992681
228.114254544
227.976280824
227.776435757
227.514157681
227.194548275
226.809534046
226.364381371
225.856922052
225.287105228
224.660422928
223.969498883
223.218100645
222.407251108
221.542629464
220.619227033
219.637097326
218.606179908
217.521639609
216.390841166
215.210366737
213.985186718
212.719723369
211.413752096
210.072499634
208.701127795
207.298837388
205.867866360
204.415096645
202.946796564
201.461263015
199.966591794
198.466542616
196.962706934
195.458222894
193.960450587
192.471994410
190.999439659
189.539206258
188.100570854
186.685652441
185.300637243
183.941102063
202.968982036
203.497808689
203.998969854
204.474344904
204.932016575
205.369990214
205.795851416
206.209747472
206.614866622
207.021098327
207.420299958
207.825480144
208.232212949
208.644584079
209.067512628
209.501237086
209.947733701
210.406919416
210.886354772
211.375447113
211.888735111
212.416436625
212.964113722
213.530467808
214.114918423
214.717248420
215.338791787
215.978325625
216.635184999
217.310031180
217.997193558
218.697801223
219.407673581
220.128926587
220.862900297
221.598946986
222.338087474
223.080586236
223.821885160
224.561729765
225.296914125
226.019681385
226.737934598
227.434522690
228.125137702
228.788613296
229.433347859
230.051515277
230.649136072
231.209134825
231.741109543
232.236339880
232.692909429
233.106898801
233.480463023
233.809310008
234.089713494
234.314814565
234.489782334
234.612433053
234.675955149
234.679111657
234.625663537
234.506146395
234.324884029
234.077874983
233.763883463
233.387174290
232.939077795
232.421994868
231.835783730
231.185244508
230.463753018
229.670654136
228.815054210
227.890800443
226.904729791
225.852653277
224.739034356
223.567756071
222.337884672
221.054967446
219.723618414
218.342755789
216.914873922
215.446968585
213.945474231
212.409127497
210.846273997
209.261369960
207.656197957
206.034356384
204.404402447
202.769271383
201.136739076
199.503346709
197.879583222
196.268304068
194.676720082
193.100655874
210.259213798
210.724402787
211.151440684
211.542418973
211.906602287
212.241773126
212.557020477
212.852597960
213.132373014
213.407143957
213.669112535
213.932384618
214.192932427
214.455573005
214.726007628
215.005372469
215.296036076
215.598734227
215.921888875
216.255542134
216.614956070
216.990868218
217.389942904
217.811513289
218.255614143
218.722693326
219.215036087
219.731790670
220.273567484
220.841273923
221.430079526
222.041878978
222.673049560
223.326087321
224.003470044
224.694964012
225.401942001
226.125197105
226.860789288
227.609088276
228.366725169
229.126820317
229.896874107
230.660682431
231.433505334
232.194363642
232.951603238
233.697433174
234.437618757
235.154502578
235.857388829
236.537681620
237.191662142
237.815743227
238.411369474
238.972905189
239.495745838
239.972273470
240.406356008
240.795215963
241.129896520
241.408430705
241.633168053
241.793228587
241.891854185
241.923138321
241.884503907
241.778825168
241.596012480
241.336976107
241.000146039
240.589260981
240.095898682
239.518497663
238.865056834
238.127959996
237.313243630
236.415763385
235.439277583
234.386943394
233.256866508
232.054853909
230.784719604
229.444990597
228.038338026
226.571728410
225.051654936
223.477305382
221.857153854
220.196374783
218.496928098
216.762876083
215.004025997
213.223687010
211.430873058
209.622361202
207.809947495
205.997271733
204.192703376
202.392469808
218.060560877
218.457852235
218.805178407
219.104839604
219.367311611
219.590105133
219.783958780
219.949176642
220.090359837
220.219231497
220.328435063
220.433169908
220.529892626
220.624146464
220.722519505
220.827067882
220.940595393
221.064713966
221.208737233
221.363474934
221.544855530
221.744229238
221.969412068
222.220418778
222.497931555
222.803113932
223.139259176
223.505906806
223.904979312
224.337694512
224.800123912
225.294942051
225.819168807
226.375701483
226.968145538
227.586862630
228.233577585
228.909618485
229.611819503
230.341183365
231.094279476
231.865192414
232.661062445
233.466799923
234.297210960
235.131725429
235.978629263
236.830379290
237.692452945
238.546854485
239.402607709
240.251400642
241.087796491
241.908639024
242.714750080
243.499188485
244.256644060
244.978755357
245.668159420
246.321462579
246.927668909
247.484051690
247.991529956
248.437830304
248.825010943
249.145248778
249.394507183
249.574152655
249.672588522
249.689162868
249.620638599
249.469537786
249.225506793
248.885895152
248.457333170
247.930630743
247.310754600
246.591431137
245.775519230
244.865269727
243.857569970
242.758416836
241.570562005
240.292033918
238.925577087
237.477965443
235.955629449
234.358201349
232.694136861
230.969329339
229.185891898
227.348332953
225.467731239
223.547802015
221.598809507
219.617888091
217.618203537
215.604207886
213.585545194
211.559008868
226.212121314
226.538129483
226.801094885
227.003517794
227.157104681
227.259048614
227.321877481
227.345892645
227.336481130
227.306303985
227.248550485
227.179503685
227.096198350
227.004899773
226.913185155
226.824050240
226.740786614
226.665937248
226.609726097
226.563879230
226.544919806
226.544900221
226.572836774
226.629464313
226.716134642
226.834777819
226.989727582
227.180931123
227.411634344
227.683421454
227.993309151
228.344738600
228.735443380
229.168724321
229.649268091
230.168195050
230.727561310
231.329207173
231.970868907
232.654164693
233.375684195
234.130528557
234.925516355
235.746792227
236.608680248
237.491223483
238.402621073
239.335776292
240.295834264
241.264709321
242.251149360
243.247272488
244.246047332
245.244838213
246.243935907
247.235168399
248.212715954
249.167510167
250.101071564
251.009380852
251.879582310
252.708184366
253.494711821
254.225567380
254.901568411
255.513029826
256.054386526
256.525435792
256.913037725
257.214971146
257.426134849
257.547721125
257.567379190
257.481217508
257.294271207
256.995715975
256.589204827
256.067187241
255.431452014
254.683184206
253.817808407
252.841441113
251.755519481
250.557477440
249.250013300
247.839533849
246.332282865
244.728310332
243.035890077
241.261610891
239.407707827
237.479092835
235.488101346
233.438870572
231.342886529
229.197760687
227.018047635
224.809013186
222.581662935
220.333514996
234.520143488
234.772979111
234.948572143
235.049605595
235.089020450
235.063650360
234.987933792
234.862120084
234.692425868
234.492456253
234.256053444
234.000562121
233.723693396
233.432429011
233.135427955
232.836640620
232.539904716
232.248743062
231.974294460
231.709359839
231.470970978
231.251964139
231.062602662
230.904364440
230.779281991
230.690102399
230.642204370
230.635956927
230.675913139
230.764069304
230.898412772
231.083109367
231.316663783
231.602763386
231.947095632
232.341679143
232.788861509
233.290946678
233.846666012
234.458210961
235.122252620
235.834922621
236.602752252
237.413186046
238.280033333
239.184126047
240.133531833
241.121773402
242.153608566
243.211101255
244.302716800
245.421125819
246.557858711
247.710871737
248.880012535
250.055984613
251.232664264
252.400330913
253.559537039
254.705639949
255.824166853
256.910881014
257.963999239
258.968716964
259.924599534
260.820220782
261.648473876
262.407586875
263.082897810
263.670678151
264.163825477
264.562140869
264.851290761
265.026035870
265.089642829
265.029656574
264.848217810
264.536394390
264.094774392
263.523356241
262.815891722
261.978554193
261.011246035
259.910734435
258.679544721
257.323544162
255.848673394
254.255356872
252.551515723
250.744387495
248.836293804
246.832481320
244.746488798
242.582872370
240.354263809
238.058863881
235.712580900
233.321464971
230.897928776
228.440357482
242.757715817
242.937370737
243.024685248
243.022499811
242.944970143
242.788535054
242.569634711
242.288422099
241.951973249
241.574831915
241.151597244
240.700637745
240.220438309
239.718688229
239.205204001
238.684897350
238.162213855
237.641694251
237.135379864
236.637307584
236.164918404
235.711903369
235.289813942
234.900875756
234.547801849
234.234204575
233.966480988
233.745436196
233.576884975
233.463270027
233.403556612
233.402566359
233.459618403
233.578750664
233.766540242
234.016016890
234.329763133
234.710474590
235.157932399
235.674838221
236.257982640
236.904503399
237.620673653
238.395247177
239.241480566
240.141135109
241.102085880
242.118612084
243.195018671
244.313739808
245.482935240
246.695918778
247.942962623
249.222661571
250.534494176
251.868170141
253.217462256
254.572065909
255.931734747
257.291212969
258.634703250
259.957263252
261.255931657
262.514852690
263.732374900
264.895510629
265.995658073
267.029537090
267.981045888
268.845080006
269.612470447
270.281625632
270.836333817
271.269957598
271.583893737
271.764133299
271.811171467
271.714649523
271.473881674
271.087614329
270.547773698
269.860545231
269.024132872
268.034600764
266.894181545
265.608047875
264.181744019
262.616012234
260.918258438
259.096301891
257.152517030
255.092391273
252.930577856
250.672024942
248.330387472
245.904551081
243.411681229
240.858548848
238.258967251
235.612300000
250.675064869
250.784127618
250.785195114
250.681229022
250.487548120
250.200167943
249.837575414
249.399787257
248.894745500
248.337908318
247.724723686
247.074522374
246.386651145
245.669488003
244.934055579
244.186218343
243.431086620
242.674239599
241.928586238
241.189551334
240.474870853
239.779144803
239.115242118
238.486116950
237.895148760
237.346857823
236.848598429
236.401625210
236.012939186
235.685450275
235.419089793
235.219243196
235.086070531
235.023908409
235.040087300
235.128730709
235.292587185
235.534654847
235.855779824
236.259095621
236.741529101
237.301163918
237.944042264
238.660180697
239.462246617
240.333029981
241.280142287
242.298716042
243.392532723
244.544588313
245.762701605
247.040884727
248.368347718
249.744343371
251.168036533
252.628293829
254.118968473
255.629249535
257.158270609
258.700181141
260.238185773
261.766693662
263.281730178
264.766577113
266.218443609
267.623011938
268.970291110
270.255611665
271.461573974
272.581893825
273.605350431
274.529022020
275.335013055
276.015302006
276.569399151
276.981894047
277.251582749
277.366705359
277.325298758
277.124857610
276.755404348
276.223116736
275.524411044
274.654656258
273.615691397
272.411868973
271.048276829
269.525909385
267.851514803
266.033409298
264.073990916
261.978871044
259.763695295
257.433750467
255.003546424
252.472724096
249.859544369
247.171399720
244.423437774
241.616068200
257.997417251
258.041072119
257.960952173
257.760094984
257.454893523
257.040921109
256.538698798
255.948072381
255.277829511
254.544293671
253.743835897
252.896660212
252.003046559
251.072031341
250.115856742
249.141312762
248.154221833
247.161199849
246.175963449
245.195459300
244.237591292
243.297902482
242.390592643
241.519300122
240.688043230
239.902283862
239.170239760
238.493627823
237.880532137
237.334336176
236.855909136
236.451089032
236.120888877
235.869878045
235.705986707
235.624484257
235.628209545
235.720362593
235.902831470
236.179094760
236.546213368
237.003126138
237.555669231
238.195026720
238.933242660
239.754192636
240.665149289
241.662149670
242.748379092
243.907552498
245.147096935
246.461741232
247.839833755
249.281273955
250.784943426
252.339026420
253.937608972
255.569455120
257.233248656
258.922566842
260.619953261
262.319234508
264.015605435
265.691692806
267.343674730
268.956167048
270.517945839
272.023115452
273.453169240
274.800888906
276.053094216
277.205652358
278.239259556
279.144586085
279.919326757
280.546891553
281.024409567
281.338818840
281.486950903
281.465119355
281.261453617
280.882133948
280.321789334
279.575151951
278.643599215
277.530582911
276.240718199
274.775186802
273.139972685
271.343796365
269.389063338
267.281377716
265.037234207
262.662182588
260.171385216
257.565281278
254.863006834
252.072447068
249.209959931
246.277017867
264.476225356
264.462397737
264.309381513
264.020236005
263.612298971
263.080692915
262.447892627
261.713544260
260.887226830
259.986051775
259.007361351
257.972112603
256.881565049
255.745367464
254.576952401
253.383985236
252.173030996
250.951712067
249.734467763
248.519868549
247.325850204
246.148906905
245.004563092
243.897069043
242.831040883
241.812903882
240.851613392
239.949362012
239.115187121
238.352939045
237.664381252
237.055680353
236.528700547
236.088168769
235.742453561
235.487991653
235.327636026
235.264685790
235.302013494
235.443357149
235.685893372
236.029304934
236.479248846
237.027940625
237.686776732
238.440735317
239.296679348
240.251559357
241.307897516
242.450247633
243.685586103
245.009344294
246.409206730
247.885682694
249.437376663
251.051956836
252.723857841
254.441501332
256.203274773
258.002210838
259.820522227
261.651524011
263.489771441
265.317450986
267.129841407
268.910773407
270.647987496
272.334557349
273.951097639
275.489735299
276.935495446
278.283201779
279.512481471
280.612830766
281.580282197
282.397345719
283.059598551
283.552845818
283.872857178
284.014903880
283.965321755
283.730334285
283.302874578
282.677145923
281.854034397
280.836060585
279.627396812
278.229352734
276.647084872
274.889621927
272.959374871
270.861801195
268.614089849
266.221955548
263.700987859
261.052434782
258.296038221
255.440024171
252.501780946
249.483807701
269.854854298
269.794688086
269.580856920
269.216379008
268.719362013
268.084478219
267.335997666
266.473341919
265.506786791
264.454119796
263.313667658
262.106985029
260.836322770
259.511874534
258.148184128
256.753714415
255.335777779
253.902940756
252.470251230
251.037963065
249.623899314
248.225485401
246.859537534
245.530817733
244.244486487
243.007936131
241.830707496
240.715479415
239.672092861
238.704843383
237.816332171
237.012925455
236.297323265
235.674330778
235.152593334
234.729709288
234.408474584
234.192189037
234.084623904
234.089698996
234.204677772
234.429863254
234.770763065
235.220460266
235.789692452
236.464521053
237.251340731
238.147984784
239.156256738
240.261632355
241.470573647
242.779173226
244.174639960
245.658033747
247.227664521
248.870851136
250.582451082
252.350622974
254.173586638
256.043860468
257.943632921
259.865777973
261.804396180
263.741445362
265.671447874
267.577729347
269.447221922
271.272179963
273.032590336
274.720220557
276.318523766
277.821484485
279.208043537
280.466703219
281.592060661
282.566045246
283.382872184
284.027443495
284.494675269
284.778993787
284.865128552
284.759414897
284.453270885
283.940524496
283.221585564
282.298069215
281.173781702
279.850114288
278.331384264
276.626839044
274.738911837
272.672777525
270.446165188
268.064843323
265.544596228
262.887462418
260.113488204
257.231075931
254.258421016
251.198963202
273.920398163
273.827187432
273.567365955
273.143844324
272.575284023
271.855919408
271.011578656
270.041439456
268.956339492
267.774595222
266.495494350
265.140998212
263.714321065
262.226111485
260.691892643
259.120818195
257.520922046
255.901616410
254.278417324
252.653268921
251.043733135
249.448114518
247.884460268
246.357915760
244.874119948
243.441416143
242.069755634
240.762310289
239.529558862
238.376206556
237.305625029
236.324251767
235.435595097
234.644458025
233.959610354
233.379780457
232.907646412
232.546421198
232.300666872
232.174422126
232.165001786
232.273202795
232.504418213
232.852418404
233.327287398
233.916121571
234.624807516
235.451997346
236.398737755
237.451477144
238.616099698
239.889300514
241.257985404
242.723692361
244.284400192
245.927242422
247.647533170
249.433244775
251.282528257
253.187423599
255.130365736
257.103854558
259.101706378
261.105849919
263.110195035
265.097828866
267.055117619
268.973709048
270.833220975
272.625352168
274.332249996
275.947283320
277.449107859
278.825443132
280.069731346
281.163658899
282.100325785
282.864002917
283.449008255
283.849162160
284.047845561
284.051594932
283.850565508
283.438396213
282.815077533
281.981395040
280.940902760
279.695043258
278.247330874
276.607152967
274.776998664
272.761633357
270.579185348
268.235355720
265.745900948
263.113603865
260.358501395
257.489006559
254.523870445
251.467345525
276.510715104
276.399685014
276.111179722
275.647935013
275.028914121
274.247936834
273.332079085
272.280259646
271.103706057
269.821083367
268.432577813
266.960336449
265.408465750
263.787957305
262.115132155
260.399700433
258.650357853
256.877230490
255.096138853
253.310667619
251.537970861
249.777148738
248.047389326
246.354070491
244.703234058
243.104135588
241.566948487
240.095338524
238.700247973
237.386743532
236.158892522
235.023082729
233.983592739
233.045146703
232.216502089
231.497464815
230.890547217
230.398804037
230.027466309
229.780646885
229.655674454
229.653719205
229.780099698
230.029089313
230.410141817
230.911317914
231.537979580
232.289508906
233.166177748
234.155430153
235.262513826
236.484658552
237.808621314
239.236338844
240.765408042
242.382936085
244.084691342
245.858531332
247.702608445
249.608525445
251.559190183
253.546790166
255.565006820
257.595920394
259.632966299
261.659232284
263.660765179
265.628807416
267.542859340
269.394822473
271.165828881
272.848860086
274.422682757
275.874459445
277.196792753
278.371459892
279.390728310
280.238534565
280.908881823
281.395246875
281.679971414
281.769893720
281.654210632
281.326578304
280.786659820
280.034531420
279.073635702
277.905453196
276.532776446
274.965069870
273.204926697
271.256595329
269.138483026
266.856102825
264.424983883
261.848588190
259.146637607
256.327401546
253.409924106
250.399115383
277.526232891
277.413563251
277.115131431
276.633434712
275.987460926
275.170648504
274.210948328
273.107010053
271.870247145
270.519463996
269.055646055
267.500880380
265.860052127
264.144362766
262.370704864
260.549185795
258.689068987
256.801030496
254.901014287
252.994135899
251.097000692
249.209391702
247.351518229
245.528821135
243.747662620
242.018146798
240.350475289
238.748800202
237.224351008
235.782495931
234.427917378
233.166844557
232.004279077
230.944795977
229.997023179
229.161774542
228.441364073
227.838634697
227.359356702
227.007693920
226.780951736
226.680564901
226.711821972
226.869321185
227.161927082
227.578579380
228.124124218
228.798566797
229.601408937
230.521091410
231.562175540
232.722357648
233.988378815
235.362496985
236.841867620
238.413724599
240.074258323
241.811278779
243.622982725
245.500584579
247.427645164
249.396094749
251.399605745
253.420569680
255.452071952
257.477408181
259.482545491
261.458502138
263.384894422
265.254067788
267.046436461
268.754815822
270.358452732
271.844179187
273.204086086
274.420354507
275.484716463
276.381075043
277.103409623
277.645119834
277.987846144
278.138830722
278.086644257
277.825170787
277.353863859
276.672242096
275.783791062
274.690031884
273.393151383
271.902644729
270.221269374
268.352671544
266.315445274
264.114801096
261.765876883
259.272735279
256.654505510
253.919179258
251.085838898
248.159883452
276.938194325
276.840086964
276.550894367
276.072819169
275.424584200
274.599289698
273.625343687
272.501121653
271.237997371
269.854684201
268.352838083
266.754225410
265.064358120
263.294499042
261.461851725
259.576743746
257.648880105
255.689298768
253.713875318
251.729091645
249.750875551
247.779554126
245.836213509
243.926176858
242.056039570
240.236667850
238.478100292
236.784958134
235.168585855
233.634583849
232.188166104
230.835309966
229.581684595
228.431654210
227.393623130
226.469329609
225.660871708
224.970846144
224.405432067
223.968839821
223.658317773
223.475473036
223.425611217
223.503491030
223.717444920
224.057196818
224.527111786
225.127699506
225.857718655
226.706592123
227.678154310
228.770506700
229.970484539
231.280596047
232.697492677
234.208679540
235.810713751
237.491418980
239.249056953
241.074508666
242.952120004
244.873612042
246.832748118
248.812365559
250.805306591
252.795243509
254.768285720
256.715380275
258.616464420
260.464526475
262.239550443
263.934386215
265.529084969
267.010358080
268.370105907
269.591185724
270.665083115
271.575953645
272.318031248
272.884889281
273.257808025
273.444527916
273.433327450
273.218519759
272.799480162
272.175340735
271.349784075
270.324389470
269.100877826
267.688748464
266.090990519
264.310590159
262.366269654
260.262837798
258.014921889
255.627104771
253.117691272
250.494292627
247.775801126
244.967940023
274.792870412
274.724650426
274.463209936
274.010413015
273.384430090
272.578076024
271.619775314
270.507630849
269.252742394
267.873492873
266.372058906
264.769624140
263.072146558
261.290793008
259.442798604
257.538523982
255.587965616
253.602319390
251.597200239
249.580244211
247.566590626
245.556953182
243.573129922
241.620143348
239.704733884
237.838421908
236.030903343
234.287239572
232.618728340
231.031125755
229.530091534
228.121275648
226.810951141
225.603220129
224.506190487
223.522431856
222.653821433
221.902692019
221.275504336
220.776527457
220.402922733
220.156394111
220.042312007
220.055449354
220.203675464
220.477399863
220.880563162
221.414056130
222.075939922
222.856594720
223.759097789
224.781905716
225.912036181
227.152188204
228.498446883
229.938726545
231.469881090
233.079803932
234.766826356
236.521558361
238.329221623
240.181370483
242.071936719
243.984317497
245.911200551
247.836768185
249.747473928
251.634318426
253.477734280
255.271510476
256.995468911
258.642669473
260.194239691
261.636957387
262.962832313
264.155623572
265.206837584
266.101139109
266.833269964
267.397198849
267.774171723
267.972505962
267.980503687
267.793085344
267.409681380
266.829214253
266.055702873
265.090811616
263.935945173
262.600594447
261.088048501
259.400599822
257.557070001
255.561782485
253.428779752
251.163085114
248.781999626
246.292683381
243.713644879
241.050780843
271.186262528
271.161043298
270.943760015
270.535910369
269.954843690
269.193151839
268.278834601
267.209732222
265.996441519
264.656775967
263.193274425
261.626285017
259.962012460
258.211368844
256.391334661
254.512116373
252.583833350
250.617629191
248.628671456
246.625500788
244.622377654
242.620231334
240.641391213
238.690399857
236.774055529
234.904404168
233.090636600
231.338211721
229.658231374
228.056523712
226.539107271
225.111244241
223.779741021
222.548393527
221.424959677
220.412739006
219.513391951
218.728982437
218.066131351
217.529189025
217.115202897
216.825914368
216.666802699
216.632528298
216.730573728
216.951933687
217.300199102
217.776515624
218.378307546
219.096881275
219.934534560
220.890043066
221.950672505
223.119266605
224.391284401
225.755179232
227.208022855
228.737828111
230.342989532
232.013914368
233.736753382
235.502931433
237.306605797
239.131827226
240.971198916
242.809513773
244.633746373
246.435046947
248.194486182
249.906768262
251.551794649
253.122981741
254.602747975
255.978095558
257.241412331
258.377533594
259.378219513
260.228865147
260.924936924
261.460984064
261.818513631
262.006480008
262.013490290
261.835222869
261.471289665
260.920575671
260.187554911
259.274009623
258.181178906
256.918546042
255.489765437
253.896427592
252.157450603
250.276610160
248.267333254
246.135011919
243.895821733
241.556434887
239.134825156
236.636935482
266.299375172
266.328142737
266.169187586
265.823628251
265.307754079
264.614001211
263.769527595
262.771927121
261.631082622
260.364013897
258.973464124
257.478717011
255.886019157
254.205877108
252.454742878
250.642490557
248.779189033
246.875725157
244.946649701
243.001136611
241.052504218
239.101722304
237.171467116
235.265635569
233.391002075
231.559997830
229.781171011
228.060323113
226.408230848
224.830708723
223.334048108
221.923080346
220.605068913
219.383469794
218.265654529
217.255547518
216.354603137
215.564621870
214.892272844
214.342016751
213.910763956
213.600248963
213.416098089
213.352753592
213.417391060
213.601491090
213.908383249
214.339343766
214.891231183
215.556244780
216.335886813
217.229231748
218.223837791
219.322661933
220.520481930
221.806412049
223.177660081
224.622401622
226.139082460
227.717979247
229.346195323
231.015058201
232.718990440
234.442773105
236.178976504
237.913075383
239.632715907
241.329266471
242.984546141
244.594249104
246.138563686
247.611378829
248.996559270
250.281454683
251.459061360
252.515409957
253.442704785
254.227247344
254.865400603
255.352436377
255.670372207
255.828836695
255.816975405
255.631339439
255.271830573
254.737454008
254.033226878
253.161083670
252.122235909
250.926169655
249.576961984
248.075511658
246.440854249
244.676173606
242.794290313
240.800904768
238.711002626
236.530763700
234.277523013
231.957172464
260.324417222
260.414707717
260.324603475
260.054848511
259.620476119
259.013840051
258.260881508
257.358974181
256.317105754
255.151300912
253.864362812
252.474314284
250.987244527
249.413118702
247.767609661
246.060098508
244.300432513
242.499051255
240.669740524
238.822025738
236.968247222
235.109241515
233.267846110
231.447164921
229.653872819
227.900635157
226.195245557
224.543781331
222.956581375
221.439359503
219.998593780
218.638654116
217.367178480
216.187256127
215.105846131
214.127390108
213.253148533
212.484668197
211.828563455
211.289433832
210.864031712
210.554050303
210.365291859
210.291893794
210.340801656
210.503884328
210.784305925
211.183350322
211.697387002
212.319473992
213.050304936
213.889246727
214.824174482
215.858139611
216.985187888
218.195207201
219.485460346
220.844320587
222.270270975
223.753531252
225.282156315
226.847403554
228.443985880
230.057476559
231.680448252
233.299103964
234.901885126
236.480423276
238.017367642
239.509440165
240.937290400
242.295366064
243.569079853
244.746219143
245.820577775
246.779452103
247.615636968
248.316473356
248.879349012
249.300356634
249.562227455
249.675279667
249.629379885
249.422032984
249.053518440
248.523100656
247.836398019
246.995529806
246.001803531
244.864724253
243.588839677
242.174384208
240.640547552
238.989898080
237.234690751
235.380886315
233.442268655
231.424547995
229.344360533
227.207480460
253.502243156
253.658825177
253.644964518
253.461047904
253.120703043
252.616274923
251.972169701
251.185572868
250.264433157
249.223610802
248.065843808
246.807737795
245.455043464
244.017069537
242.508495110
240.938072750
239.315270852
237.649914077
235.954904463
234.239843217
232.516085694
230.784171791
229.066924668
227.366533283
225.689507090
224.048592100
222.450747014
220.902248601
219.412906956
217.988250708
216.634861937
215.356630472
214.161483322
213.052123540
212.035081282
211.115207851
210.293581325
209.571507265
208.955453178
208.450181355
208.052267499
207.763337471
207.589387724
207.524181175
207.574505103
207.732521757
208.001328351
208.382097231
208.870786615
209.461280753
210.153452226
210.946967487
211.830024242
212.805762017
213.867448070
215.005848936
216.218204947
217.493114511
218.829085488
220.216355454
221.643911754
223.102966121
224.588535527
226.087037572
227.591068212
229.087587650
230.565932462
232.018022450
233.427396085
234.791810802
236.092520024
237.324591885
238.475040771
239.532151825
240.490667756
241.339177381
242.071169589
242.675117850
243.149519153
243.491346403
243.684198083
243.739077025
243.646701495
243.405577646
243.016426316
242.478886711
241.799205159
240.979712991
240.021914701
238.935351857
237.725078127
236.390700899
234.951607746
233.409743142
231.776858594
230.059138275
228.269193249
226.412307618
224.504395195
222.551073264
246.073993548
246.298275698
246.364265240
246.272021757
246.033669010
245.641617426
245.118488161
244.461317318
243.676914462
242.778843948
241.769680003
240.664500917
239.468562696
238.190429648
236.843615385
235.436137776
233.976949596
232.475122977
230.942587468
229.388760335
227.824034311
226.248503658
224.684814467
223.134148010
221.602792148
220.103421740
218.642109901
217.225249048
215.862049195
214.557773485
213.319027732
212.149212810
211.056455776
210.043061001
209.115116275
208.277777913
207.531949439
206.878705921
206.324286447
205.873630830
205.523121327
205.274294897
205.133347547
205.093613177
205.161783772
205.330221730
205.602054624
205.978227468
206.454362039
207.025138188
207.689592541
208.447709273
209.287996646
210.213685323
211.217221153
212.290343853
213.430199378
214.625628265
215.875154393
217.169104428
218.497365207
219.851122759
221.225701414
222.608404838
223.991860684
225.363799648
226.714528858
228.036264603
229.313473365
230.544927849
231.712598126
232.812210499
233.832393755
234.761962614
235.596723116
236.326545203
236.945676356
237.443778503
237.820502807
238.073726611
238.188022649
238.175056549
238.026479751
237.741819081
237.322275876
236.767958333
236.085738491
235.278182048
234.347069018
233.301995783
232.148544738
230.885741347
229.533218101
228.092301215
226.574315325
224.985641590
223.337781193
221.635650132
219.894447799
218.119618992
238.281280852
238.571959212
238.718211719
238.719807882
238.587317981
238.313287528
237.918372720
237.399503299
236.762292798
236.018917233
235.171717022
234.234177785
233.210937157
232.109753973
230.942851197
229.717438111
228.441841444
227.124274961
225.775640272
224.404936802
223.021643666
221.625279876
220.238171633
218.860429835
217.498076831
216.163571359
214.862080962
213.600026291
212.385965176
211.224823698
210.123155789
209.083872078
208.115211137
207.219072477
206.401091026
205.666628030
205.016416183
204.451308043
203.977244061
203.599345436
203.313786728
203.121997412
203.030365491
203.031754884
203.132814913
203.326017991
203.614614100
203.999209125
204.475158514
205.037909181
205.685643585
206.418689781
207.225839665
208.110424720
209.064029625
210.079451460
211.153675798
212.275792614
213.444336710
214.649789943
215.882896175
217.134830730
218.401220105
219.670287467
220.934689500
222.182928986
223.406336410
224.597418941
225.741593991
226.838606024
227.871227781
228.835862161
229.722729805
230.521183544
231.228174995
231.834812620
232.336132369
232.723010062
232.996260723
233.154661138
233.183823972
233.096041300
232.883935941
232.548051015
232.090084790
231.510686495
230.817327303
230.012823001
229.099285154
228.086381038
226.980231304
225.779329341
224.503595249
223.153754060
221.740785237
220.271248712
218.755621315
217.198517279
215.614451430
214.008698215
230.347717774
230.701104224
230.925145501
231.019361691
230.992763658
230.838095541
230.573936735
230.197155033
229.712152254
229.129662337
228.451749378
227.690285128
226.849197959
225.935408503
224.959769999
223.928641516
222.849641908
221.730055564
220.579731190
219.407049107
218.220648451
217.019366070
215.825086892
214.636821361
213.460293948
212.307615254
211.183056103
210.092977870
209.045254110
208.044412262
207.096885886
206.205102535
205.377325422
204.615051993
203.923454242
203.308006999
202.769272413
202.307885494
201.929430973
201.639203680
201.433161133
201.312608736
201.284107755
201.340024506
201.487008210
201.717555545
202.035124469
202.439876193
202.926963426
203.492576370
204.134020868
204.852002710
205.635557769
206.488133430
207.400417951
208.366339393
209.382663895
210.438728505
211.533079501
212.656413707
213.800281907
214.955860504
216.119064368
217.279062848
218.428529171
219.556730565
220.656052330
221.719274608
222.732776446
223.697208762
224.596209076
225.426857709
226.180914687
226.848258915
227.427039205
227.909534081
228.291566882
228.565225804
228.732466505
228.792936122
228.733315066
228.566472259
228.286001462
227.893436750
227.390967472
226.779834611
226.068059932
225.258716912
224.354281814
223.364504533
222.296039935
221.146900291
219.937326431
218.667467654
217.348037959
215.985762642
214.590193806
213.165712603
211.726193092
210.276753132
222.467239945
222.877908463
223.175065963
223.358022977
223.434260983
223.396776355
223.262020616
223.026842414
222.694450910
222.274117796
221.767612089
221.185206897
220.530063188
219.808253497
219.029224634
218.198470806
217.322849944
216.408676241
215.464747857
214.498658578
213.518300688
212.521743556
211.530331790
210.541974568
209.562077857
208.602285291
207.666006033
206.759457574
205.889812893
205.061153136
204.279729779
203.547501426
202.872673294
202.256352237
201.703237422
201.218836600
200.803538389
200.457763091
200.186696020
199.995786886
199.880772664
199.842820580
199.888635432
200.010072753
200.213813676
200.492299460
200.849273245
201.284353441
201.792547362
202.370768495
203.015421111
203.727626884
204.496616156
205.325971207
206.205453223
207.130182378
208.096655022
209.094442014
210.122108501
211.170616482
212.232269859
213.298253249
214.364749225
215.421892502
216.462353398
217.476148608
218.456729202
219.397121659
220.284668621
221.120842766
221.890189640
222.590453970
223.214858741
223.753781792
224.206595962
224.566661555
224.830564480
224.991584141
225.052767021
225.014584057
224.864782065
224.616748095
224.265015663
223.812070832
223.260568815
222.612376666
221.876001659
221.054775706
220.151553220
219.176173997
218.135810377
217.028045202
215.873458762
214.671657005
213.433160853
212.164849245
210.875453987
209.569189681
208.259338740
206.950880912
214.819005596
215.280396978
215.644406676
215.910170702
216.083698850
216.158281583
216.148244190
216.050454902
215.866977482
215.605630750
215.267890608
214.862477344
214.391757166
213.860965651
213.278144632
212.647933706
211.976404401
211.268889735
210.533164197
209.775903881
209.004363978
208.215784749
207.430895061
206.646531169
205.867771426
205.105692401
204.362901049
203.645393266
202.959642823
202.309252392
201.700239951
201.134118469
200.618959709
200.155502744
199.747965804
199.401823895
199.117289248
198.894569196
198.738422877
198.654427586
198.638105773
198.690476330
198.818350737
199.013075685
199.281389487
199.615606137
200.019824060
200.493031755
201.030143386
201.628781137
202.284422433
202.998647496
203.760825379
204.574695054
205.429067932
206.320304332
207.244590079
208.191707980
209.160255672
210.141501272
211.128445001
212.112283661
213.089439509
214.051024551
214.989680413
215.896151439
216.764945481
217.589299842
218.357515530
219.071783762
219.717582836
220.293295423
220.793509475
221.209061181
221.540549810
221.782311651
221.931648710
221.982993107
221.940405910
221.805121412
221.565924443
221.236651927
220.812719826
220.297513523
219.694111785
219.005024490
218.239164754
217.400115419
216.491104377
215.522061593
214.500646508
213.424064227
212.313234040
211.167256853
209.996519859
208.808043064
207.609842190
206.406025334
205.209331771
204.024621206
207.530984618
208.035903811
208.459497773
208.800756643
209.064295534
209.243727694
209.351296053
209.383919456
209.342584662
209.233689108
209.058431049
208.824046771
208.532104711
208.187029398
207.795487789
207.361294299
206.889730490
206.385161120
205.854380741
205.303049400
204.737904571
204.155316186
203.575341448
202.993796618
202.415432036
201.850674293
201.301407129
200.773335386
200.272247871
199.801253174
199.366094332
198.967869669
198.614450296
198.306242458
198.046976758
197.842045693
197.691484320
197.595289636
197.557785135
197.584642071
197.671185575
197.818281807
198.032806717
198.305617989
198.643530198
199.038669823
199.495552883
200.012464922
200.584275579
201.209307584
201.882088913
202.604703743
203.366601382
204.171701444
205.007853306
205.872690856
206.762059845
207.665924682
208.582937107
209.504699996
210.424852188
211.334602874
212.230579824
213.104874759
213.950071390
214.757612184
215.523032621
216.239738160
216.896976517
217.497535841
218.027835565
218.486857802
218.870437945
219.169819688
219.386807665
219.516594125
219.557133939
219.503957838
219.362042216
219.133313556
218.807545313
218.398947074
217.903738852
217.326143098
216.669604223
215.937276655
215.138389540
214.276761624
213.355972587
212.386037099
211.375059095
210.319917032
209.241847769
208.139491205
207.023144775
205.899955232
204.777320270
203.659294187
202.558116076
201.478540071
200.718880599
201.259900665
201.735244802
202.143776904
202.488805816
202.764282534
202.980443296
203.134280249
203.225784428
203.259980505
203.237813489
203.165120114
203.042688739
202.874169587
202.664907894
202.417936091
202.137762634
201.827815501
201.493967304
201.140794379
200.774642846
200.390990195
200.009185717
199.624099671
199.240162874
198.867088508
198.506133236
198.162652172
197.841776653
197.546123834
197.281131756
197.047524956
196.852917480
196.697431264
196.584306707
196.518823322
196.500842978
196.530158181
196.610666756
196.748098448
196.937611638
197.179923552
197.481931084
197.834041599
198.243163162
198.701188093
199.213105654
199.776443623
200.386074078
201.041018781
201.734840357
202.470174341
203.236492387
204.037921251
204.861349445
205.705701328
206.566465487
207.433751534
208.306293482
209.176045638
210.037227189
210.881057167
211.704328388
212.500103872
213.260877790
213.978753205
214.650244298
215.268875211
215.824822059
216.321330853
216.745754907
217.097625622
217.373889987
217.566140051
217.677342368
217.703412683
217.642879899
217.492307165
217.257464201
216.940891143
216.533281497
216.049132865
215.485373667
214.846992221
214.137727608
213.361366357
212.527355442
211.639726809
210.702376604
209.725391577
208.717264912
207.674600117
206.618907249
205.548413484
204.473354545
203.400984291
202.338173444
201.288964953
200.265131837
199.271330062
194.459439458
195.029145972
195.548150927
196.015203654
196.432400075
196.794031437
197.108425448
197.372660753
197.585821168
197.751618918
197.870774308
197.947817713
197.982790868
197.978611904
197.939373644
197.867378605
197.766393332
197.638954886
197.490080436
197.323221134
197.144458761
196.948373931
196.753586120
196.554111417
196.354075246
196.162432385
195.979920245
195.811497847
195.661676296
195.532601473
195.429387592
195.352435393
195.309056822
195.299151264
195.325471373
195.393172368
195.501954453
195.651415688
195.845058510
196.088635884
196.377185652
196.711289477
197.097822677
197.526802810
198.005247777
198.524786654
199.090931403
199.700419040
200.348171681
201.033915791
201.750244495
202.500392494
203.273802007
204.074835254
204.889438627
205.717826812
206.555129446
207.391560391
208.225972454
209.050674995
209.860411702
210.646406270
211.405572344
212.131923849
212.817834084
213.456020872
214.043909047
214.575086674
215.040633901
215.444098753
215.773746387
216.029596064
216.209554040
216.305494759
216.321480349
216.254006272
216.102084527
215.863232010
215.543867831
215.147060556
214.664340390
214.110397705
213.482760497
212.787102986
212.027376301
211.207971529
210.338449586
209.423024771
208.465860987
207.477098137
206.465550664
205.427600094
204.384959915
203.335499139
202.289402350
201.254005765
200.235733953
199.238652134
198.274090760
197.346607114
/

COPY
 'PERMX'  'PERMY'  /
 'PERMX'  'PERMZ' /
/

DX
 10000*10 /
DY
 10000*10 /
DZ
 10000*10 /

TOPS
 10000*2355 /

PORO
 10000*0.18 /

PROPS    ===============================================================

-- Two-phase (water-oil) rel perm curves
-- Sw Krw  Kro  Pcow
SWOF
    0.1500       0.0    1.0000         0.0
    0.2000    0.0059    0.8521         0.0
    0.2500    0.0237    0.7160         0.0
    0.3000    0.0533    0.5917         0.0
    0.3500    0.0947    0.4793         0.0
    0.4000    0.1479    0.3787         0.0
    0.4500    0.2130    0.2899         0.0
    0.5000    0.2899    0.2130         0.0
    0.5500    0.3787    0.1479         0.0
    0.6000    0.4793    0.0947         0.0
    0.6500    0.5917    0.0533         0.0
    0.7000    0.7160    0.0237         0.0
    0.7500    0.8521    0.0059         0.0
    0.8000    1.0000       0.0         0.0
/

--PVCDO
-- REF.PRES.   FVF   COMPRESSIBILITY  REF.VISC.  VISCOSIBILITY
--   234         1.065    6.65e-5         5.0     1.9e-3   /

-- In a e300 run we must use PVDO
PVDO
 220    1.065    5.0 
 240    1.06499    5.0 /

DENSITY               
912.0   1000.0   0.8266         
/
               
PVTW               
234.46   1.0042   5.43E-05   0.5   1.11E-04   /

-- ROCK COMPRESSIBILITY
--
--    REF. PRES   COMPRESSIBILITY
ROCK
         235           0.00045   /

REGIONS  ===============================================================

ENDBOX

SOLUTION ===============================================================

--    DATUM  DATUM   OWC    OWC    GOC    GOC    RSVD   RVVD   SOLN
--    DEPTH  PRESS  DEPTH   PCOW  DEPTH   PCOG  TABLE  TABLE   METH
EQUIL
     2355.00 200.46 3000 0.00  2355.0 0.000     0     0 /

RPTSOL
'PRES' 'SWAT' /

RPTRST
 BASIC=2 /

SUMMARY ================================================================

RUNSUM

EXCEL

--RPTONLY
FOPT
FGPT
FWPT
FWIT

WWIR
 'INJ-1'
/

WOPR
 'PRO-1'
/

WWPR
 'PRO-1'
/

SCHEDULE =============================================================

RPTSCHED
 'NEWTON=2' /

RPTRST
 BASIC=2 /

-- AJGWELLS
-- 'INJ-1' 'WWIR' /
-- 'PRO-1' 'WLPR' /
--/

-- AJGPARAM
-- 'PERMX' 'PORO' /

------------------- WELL SPECIFICATION DATA --------------------------
WELSPECS
'INJ-1'  'G'    1   1  2357   WATER     1*   'STD'   3*  /
'INJ-2'  'G'   100   1  2357   WATER     1*   'STD'   3*  /
'PRO-1'  'G'   50  80  2357   OIL       1*   'STD'   3*  /
/
COMPDAT
--                                        RADIUS    SKIN
'INJ-1'     1    1   1   1   'OPEN'   2*  0.15  1*  5.0 /
'INJ-2'    100    1   1   1   'OPEN'   2*  0.15  1*  5.0 /
'PRO-1'    50  80   1   1   'OPEN'   2*  0.15  1*  5.0 /
/

WCONINJE
INJ-1     WAT 1* BHP 2* 250.0 /
INJ-2     WAT 1* BHP 2* 250.0 /
/

WCONPROD
PRO-1     OPEN BHP 5* 150.0 /
/

TSTEP
 30 /

WCONINJE
INJ-1     WAT 1* BHP 2* 250.0 /
INJ-2     WAT 1* BHP 2* 250.0 /
/

WCONPROD
PRO-1     OPEN BHP 5* 150.0 /
/

TSTEP
 30 /

WCONINJE
INJ-1     WAT 1* BHP 2* 250.0 /
INJ-2     WAT 1* BHP 2* 250.0 /
/

WCONPROD
PRO-1     OPEN BHP 5* 150.0 /
/

TSTEP
 30 /

WCONINJE
INJ-1     WAT 1* BHP 2* 250.0 /
INJ-2     WAT 1* BHP 2* 250.0 /
/

WCONPROD
PRO-1     OPEN BHP 5* 150.0 /
/

TSTEP
 30 /

WCONINJE
INJ-1     WAT 1* BHP 2* 250.0 /
INJ-2     WAT 1* BHP 2* 250.0 /
/

WCONPROD
PRO-1     OPEN BHP 5* 150.0 /
/

TSTEP
 30 /

WCONINJE
INJ-1     WAT 1* BHP 2* 250.0 /
INJ-2     WAT 1* BHP 2* 250.0 /
/

WCONPROD
PRO-1     OPEN BHP 5* 150.0 /
/

TSTEP
 30 /

WCONINJE
INJ-1     WAT 1* BHP 2* 250.0 /
INJ-2     WAT 1* BHP 2* 250.0 /
/

WCONPROD
PRO-1     OPEN BHP 5* 150.0 /
/

TSTEP
 30 /

WCONINJE
INJ-1     WAT 1* BHP 2* 250.0 /
INJ-2     WAT 1* BHP 2* 250.0 /
/

WCONPROD
PRO-1     OPEN BHP 5* 150.0 /
/

TSTEP
 30 /

WCONINJE
INJ-1     WAT 1* BHP 2* 250.0 /
INJ-2     WAT 1* BHP 2* 250.0 /
/

WCONPROD
PRO-1     OPEN BHP 5* 150.0 /
/

TSTEP
 30 /

WCONINJE
INJ-1     WAT 1* BHP 2* 250.0 /
INJ-2     WAT 1* BHP 2* 250.0 /
/

WCONPROD
PRO-1     OPEN BHP 5* 150.0 /
/

TSTEP
 30 /

WCONINJE
INJ-1     WAT 1* BHP 2* 250.0 /
INJ-2     WAT 1* BHP 2* 250.0 /
/

WCONPROD
PRO-1     OPEN BHP 5* 150.0 /
/

TSTEP
 30 /

WCONINJE
INJ-1     WAT 1* BHP 2* 250.0 /
INJ-2     WAT 1* BHP 2* 250.0 /
/

WCONPROD
PRO-1     OPEN BHP 5* 150.0 /
/

TSTEP
 30 /

WCONINJE
INJ-1     WAT 1* BHP 2* 250.0 /
INJ-2     WAT 1* BHP 2* 250.0 /
/

WCONPROD
PRO-1     OPEN BHP 5* 150.0 /
/

TSTEP
 30 /

WCONINJE
INJ-1     WAT 1* BHP 2* 250.0 /
INJ-2     WAT 1* BHP 2* 250.0 /
/

WCONPROD
PRO-1     OPEN BHP 5* 150.0 /
/

TSTEP
 30 /

WCONINJE
INJ-1     WAT 1* BHP 2* 250.0 /
INJ-2     WAT 1* BHP 2* 250.0 /
/

WCONPROD
PRO-1     OPEN BHP 5* 150.0 /
/

TSTEP
 30 /

WCONINJE
INJ-1     WAT 1* BHP 2* 250.0 /
INJ-2     WAT 1* BHP 2* 250.0 /
/

WCONPROD
PRO-1     OPEN BHP 5* 150.0 /
/

TSTEP
 30 /

WCONINJE
INJ-1     WAT 1* BHP 2* 250.0 /
INJ-2     WAT 1* BHP 2* 250.0 /
/

WCONPROD
PRO-1     OPEN BHP 5* 150.0 /
/

TSTEP
 30 /

WCONINJE
INJ-1     WAT 1* BHP 2* 250.0 /
INJ-2     WAT 1* BHP 2* 250.0 /
/

WCONPROD
PRO-1     OPEN BHP 5* 150.0 /
/

TSTEP
 30 /

WCONINJE
INJ-1     WAT 1* BHP 2* 250.0 /
INJ-2     WAT 1* BHP 2* 250.0 /
/

WCONPROD
PRO-1     OPEN BHP 5* 150.0 /
/

TSTEP
 30 /

WCONINJE
INJ-1     WAT 1* BHP 2* 250.0 /
INJ-2     WAT 1* BHP 2* 250.0 /
/

WCONPROD
PRO-1     OPEN BHP 5* 150.0 /
/

TSTEP
 30 /

WCONINJE
INJ-1     WAT 1* BHP 2* 250.0 /
INJ-2     WAT 1* BHP 2* 250.0 /
/

WCONPROD
PRO-1     OPEN BHP 5* 150.0 /
/

TSTEP
 30 /

WCONINJE
INJ-1     WAT 1* BHP 2* 250.0 /
INJ-2     WAT 1* BHP 2* 250.0 /
/

WCONPROD
PRO-1     OPEN BHP 5* 150.0 /
/

TSTEP
 30 /

WCONINJE
INJ-1     WAT 1* BHP 2* 250.0 /
INJ-2     WAT 1* BHP 2* 250.0 /
/

WCONPROD
PRO-1     OPEN BHP 5* 150.0 /
/

TSTEP
 30 /

WCONINJE
INJ-1     WAT 1* BHP 2* 250.0 /
INJ-2     WAT 1* BHP 2* 250.0 /
/

WCONPROD
PRO-1     OPEN BHP 5* 150.0 /
/

TSTEP
 30 /

WCONINJE
INJ-1     WAT 1* BHP 2* 250.0 /
INJ-2     WAT 1* BHP 2* 250.0 /
/

WCONPROD
PRO-1     OPEN BHP 5* 150.0 /
/

TSTEP
 30 /

WCONINJE
INJ-1     WAT 1* BHP 2* 250.0 /
INJ-2     WAT 1* BHP 2* 250.0 /
/

WCONPROD
PRO-1     OPEN BHP 5* 150.0 /
/

TSTEP
 30 /

WCONINJE
INJ-1     WAT 1* BHP 2* 250.0 /
INJ-2     WAT 1* BHP 2* 250.0 /
/

WCONPROD
PRO-1     OPEN BHP 5* 150.0 /
/

TSTEP
 30 /

WCONINJE
INJ-1     WAT 1* BHP 2* 250.0 /
INJ-2     WAT 1* BHP 2* 250.0 /
/

WCONPROD
PRO-1     OPEN BHP 5* 150.0 /
/

TSTEP
 30 /

WCONINJE
INJ-1     WAT 1* BHP 2* 250.0 /
INJ-2     WAT 1* BHP 2* 250.0 /
/

WCONPROD
PRO-1     OPEN BHP 5* 150.0 /
/

TSTEP
 30 /

WCONINJE
INJ-1     WAT 1* BHP 2* 250.0 /
INJ-2     WAT 1* BHP 2* 250.0 /
/

WCONPROD
PRO-1     OPEN BHP 5* 150.0 /
/

TSTEP
 30 /

WCONINJE
INJ-1     WAT 1* BHP 2* 250.0 /
INJ-2     WAT 1* BHP 2* 250.0 /
/

WCONPROD
PRO-1     OPEN BHP 5* 150.0 /
/

TSTEP
 30 /

WCONINJE
INJ-1     WAT 1* BHP 2* 250.0 /
INJ-2     WAT 1* BHP 2* 250.0 /
/

WCONPROD
PRO-1     OPEN BHP 5* 150.0 /
/

TSTEP
 30 /

WCONINJE
INJ-1     WAT 1* BHP 2* 250.0 /
INJ-2     WAT 1* BHP 2* 250.0 /
/

WCONPROD
PRO-1     OPEN BHP 5* 150.0 /
/

TSTEP
 30 /

WCONINJE
INJ-1     WAT 1* BHP 2* 250.0 /
INJ-2     WAT 1* BHP 2* 250.0 /
/

WCONPROD
PRO-1     OPEN BHP 5* 150.0 /
/

TSTEP
 30 /

WCONINJE
INJ-1     WAT 1* BHP 2* 250.0 /
INJ-2     WAT 1* BHP 2* 250.0 /
/

WCONPROD
PRO-1     OPEN BHP 5* 150.0 /
/

TSTEP
 30 /

WCONINJE
INJ-1     WAT 1* BHP 2* 250.0 /
INJ-2     WAT 1* BHP 2* 250.0 /
/

WCONPROD
PRO-1     OPEN BHP 5* 150.0 /
/

TSTEP
 30 /

WCONINJE
INJ-1     WAT 1* BHP 2* 250.0 /
INJ-2     WAT 1* BHP 2* 250.0 /
/

WCONPROD
PRO-1     OPEN BHP 5* 150.0 /
/

TSTEP
 30 /

WCONINJE
INJ-1     WAT 1* BHP 2* 250.0 /
INJ-2     WAT 1* BHP 2* 250.0 /
/

WCONPROD
PRO-1     OPEN BHP 5* 150.0 /
/

TSTEP
 30 /

WCONINJE
INJ-1     WAT 1* BHP 2* 250.0 /
INJ-2     WAT 1* BHP 2* 250.0 /
/

WCONPROD
PRO-1     OPEN BHP 5* 150.0 /
/

TSTEP
 30 /

WCONINJE
INJ-1     WAT 1* BHP 2* 250.0 /
INJ-2     WAT 1* BHP 2* 250.0 /
/

WCONPROD
PRO-1     OPEN BHP 5* 150.0 /
/

TSTEP
 30 /

WCONINJE
INJ-1     WAT 1* BHP 2* 250.0 /
INJ-2     WAT 1* BHP 2* 250.0 /
/

WCONPROD
PRO-1     OPEN BHP 5* 150.0 /
/

TSTEP
 30 /

WCONINJE
INJ-1     WAT 1* BHP 2* 250.0 /
INJ-2     WAT 1* BHP 2* 250.0 /
/

WCONPROD
PRO-1     OPEN BHP 5* 150.0 /
/

TSTEP
 30 /

WCONINJE
INJ-1     WAT 1* BHP 2* 250.0 /
INJ-2     WAT 1* BHP 2* 250.0 /
/

WCONPROD
PRO-1     OPEN BHP 5* 150.0 /
/

TSTEP
 30 /

WCONINJE
INJ-1     WAT 1* BHP 2* 250.0 /
INJ-2     WAT 1* BHP 2* 250.0 /
/

WCONPROD
PRO-1     OPEN BHP 5* 150.0 /
/

TSTEP
 30 /

WCONINJE
INJ-1     WAT 1* BHP 2* 250.0 /
INJ-2     WAT 1* BHP 2* 250.0 /
/

WCONPROD
PRO-1     OPEN BHP 5* 150.0 /
/

TSTEP
 30 /

WCONINJE
INJ-1     WAT 1* BHP 2* 250.0 /
INJ-2     WAT 1* BHP 2* 250.0 /
/

WCONPROD
PRO-1     OPEN BHP 5* 150.0 /
/

TSTEP
 30 /

WCONINJE
INJ-1     WAT 1* BHP 2* 250.0 /
INJ-2     WAT 1* BHP 2* 250.0 /
/

WCONPROD
PRO-1     OPEN BHP 5* 150.0 /
/

TSTEP
 30 /

WCONINJE
INJ-1     WAT 1* BHP 2* 250.0 /
INJ-2     WAT 1* BHP 2* 250.0 /
/

WCONPROD
PRO-1     OPEN BHP 5* 150.0 /
/

TSTEP
 30 /

WCONINJE
INJ-1     WAT 1* BHP 2* 250.0 /
INJ-2     WAT 1* BHP 2* 250.0 /
/

WCONPROD
PRO-1     OPEN BHP 5* 150.0 /
/

TSTEP
 30 /

WCONINJE
INJ-1     WAT 1* BHP 2* 250.0 /
INJ-2     WAT 1* BHP 2* 250.0 /
/

WCONPROD
PRO-1     OPEN BHP 5* 150.0 /
/

TSTEP
 30 /

WCONINJE
INJ-1     WAT 1* BHP 2* 250.0 /
INJ-2     WAT 1* BHP 2* 250.0 /
/

WCONPROD
PRO-1     OPEN BHP 5* 150.0 /
/

TSTEP
 30 /

WCONINJE
INJ-1     WAT 1* BHP 2* 250.0 /
INJ-2     WAT 1* BHP 2* 250.0 /
/

WCONPROD
PRO-1     OPEN BHP 5* 150.0 /
/

TSTEP
 30 /

WCONINJE
INJ-1     WAT 1* BHP 2* 250.0 /
INJ-2     WAT 1* BHP 2* 250.0 /
/

WCONPROD
PRO-1     OPEN BHP 5* 150.0 /
/

TSTEP
 30 /

WCONINJE
INJ-1     WAT 1* BHP 2* 250.0 /
INJ-2     WAT 1* BHP 2* 250.0 /
/

WCONPROD
PRO-1     OPEN BHP 5* 150.0 /
/

TSTEP
 30 /

WCONINJE
INJ-1     WAT 1* BHP 2* 250.0 /
INJ-2     WAT 1* BHP 2* 250.0 /
/

WCONPROD
PRO-1     OPEN BHP 5* 150.0 /
/

TSTEP
 30 /

WCONINJE
INJ-1     WAT 1* BHP 2* 250.0 /
INJ-2     WAT 1* BHP 2* 250.0 /
/

WCONPROD
PRO-1     OPEN BHP 5* 150.0 /
/

TSTEP
 30 /

WCONINJE
INJ-1     WAT 1* BHP 2* 250.0 /
INJ-2     WAT 1* BHP 2* 250.0 /
/

WCONPROD
PRO-1     OPEN BHP 5* 150.0 /
/

TSTEP
 30 /

WCONINJE
INJ-1     WAT 1* BHP 2* 250.0 /
INJ-2     WAT 1* BHP 2* 250.0 /
/

WCONPROD
PRO-1     OPEN BHP 5* 150.0 /
/

TSTEP
 30 /

WCONINJE
INJ-1     WAT 1* BHP 2* 250.0 /
INJ-2     WAT 1* BHP 2* 250.0 /
/

WCONPROD
PRO-1     OPEN BHP 5* 150.0 /
/

TSTEP
 30 /

WCONINJE
INJ-1     WAT 1* BHP 2* 250.0 /
INJ-2     WAT 1* BHP 2* 250.0 /
/

WCONPROD
PRO-1     OPEN BHP 5* 150.0 /
/

TSTEP
 30 /
