-- *------------------------------------------*
-- *                                          *
-- * base grid model with input parameters    *
-- *                                          *
-- *------------------------------------------*
RUNSPEC

TITLE
 3 WELL MODEL

DIMENS
-- NDIVIX NDIVIY NDIVIZ
   100    100      1 /

-- Gradient option
-- AJGRADNT

-- Gradients readeable
-- UNCODHMD

--BLACKOIL
OIL
WATER

METRIC

TABDIMS
-- NTSFUN  NTPVT  NSSFUN  NPPVT  NTFIP  NRPVT  NTENDP
     1       1      35      30     5     30      1 /

EQLDIMS
-- NTEQUL  NDRXVD  NDPRVD
   1       5       100 /

WELLDIMS
-- NWMAXZ NCWMAX NGMAXZ MWGMAX 
    10     1     2      20 /

VFPPDIMS
-- MXMFLO MXMTHP MXMWFR MXMGFR MXMALQ NMMVFT
   10     10     10     10     1      1 /

VFPIDIMS
-- MXSFLO MXSTHP NMSVFT
   10     10     1 /

AQUDIMS
-- MXNAQN  MXNAQC NIFTBL NRIFTB NANAQU NCAMAX
   0       0      1      36     2       200/

START
 01 JAN 2029 /

NSTACK
 25 /

NOECHO

UNIFIN
UNIFOUT

GRID
INIT

PERMX
198.284642124
199.335603715
200.379671737
201.419553662
202.449181954
203.470048817
204.476230942
205.470569008
206.446799136
207.405901169
208.348514504
209.270411697
210.173592118
211.057228768
211.920879773
212.765832583
213.591176397
214.397440606
215.186029320
215.963899712
216.723615176
217.473664535
218.213804873
218.949096814
219.679392777
220.408099069
221.138075047
221.872524257
222.614467189
223.370614209
224.138735394
224.920218483
225.724670193
226.551153470
227.401810234
228.283129642
229.191618614
230.129259484
231.099480897
232.103072766
233.134050258
234.204302276
235.300286276
236.426968390
237.583746272
238.766303079
239.972703847
241.194633203
242.429667465
243.677916088
244.925741929
246.171224983
247.412954879
248.639444374
249.841137608
251.012435465
252.142977536
253.233496341
254.265605514
255.235521411
256.135761064
256.958090035
257.697408641
258.342802384
258.886560490
259.327803571
259.655194211
259.873157657
259.969461192
259.944353891
259.793128993
259.519104602
259.118083676
258.595953951
257.950620491
257.185706347
256.308723714
255.318335559
254.220186743
253.032692240
251.746805966
250.382464553
248.941546589
247.435330592
245.875614402
244.263908904
242.624371639
240.952401301
239.264509499
237.571030027
235.880152209
234.202972719
232.552733807
230.927795839
229.345660660
227.818121941
226.344842971
224.939066783
223.609892917
222.353723049
197.921696584
198.996161579
200.061312081
201.120544083
202.166996847
203.202571339
204.221272185
205.225674224
206.209814310
207.174518925
208.120194394
209.042879308
209.944167233
210.823868774
211.680914022
212.516670167
213.330388049
214.122661614
214.894610765
215.653703818
216.391951700
217.118146151
217.832138047
218.538929886
219.238716718
219.934289498
220.629112716
221.325951599
222.028608326
222.742638769
223.467106328
224.202721656
224.958940044
225.735276694
226.533569465
227.360364979
228.212114221
229.090643696
229.999351602
230.938900566
231.903440075
232.904364351
233.928221703
234.979856922
236.058381335
237.159773590
238.281220801
239.414930261
240.557926967
241.710625690
242.858654256
244.000403500
245.134453087
246.249271500
247.334778702
248.385956614
249.392332250
250.354606036
251.254612106
252.088576713
252.849669805
253.529606456
254.123541845
254.621325282
255.015542419
255.305514943
255.480727899
255.545981405
255.490001569
255.313464495
255.011951124
254.590365056
254.044475345
253.381219798
252.598736171
251.701877435
250.698563988
249.588309482
248.377261311
247.084007061
245.700899293
244.247467221
242.726496438
241.149346505
239.528470522
237.865289091
236.184077986
234.480534421
232.771263372
231.066256501
229.374272761
227.705696458
226.073875705
224.477111385
222.932016283
221.450826906
220.032803207
218.690700287
217.433598731
216.257289815
197.913537713
199.002800748
200.079869273
201.148795080
202.201845481
203.241323049
204.261096985
205.263387554
206.242567105
207.199202733
208.133451827
209.041600874
209.924776727
210.783421075
211.615803750
212.423380354
213.205513349
213.962875738
214.696304663
215.413763545
216.106745445
216.784363261
217.446563697
218.098326214
218.740236243
219.374525073
220.005269784
220.634872547
221.267960858
221.909005140
222.558424381
223.216383797
223.892153098
224.585887930
225.299131165
226.038602227
226.800810093
227.587507181
228.402200609
229.245508612
230.111838493
231.012201297
231.933418281
232.880290724
233.851782420
234.844308015
235.854294282
236.874673314
237.902093330
238.937295511
239.965474513
240.985393423
241.995741058
242.985102364
243.943078256
244.865305397
245.741355216
246.571907663
247.339248097
248.039571830
248.666848370
249.212745969
249.672686357
250.037291617
250.299431620
250.458611134
250.505033161
250.443748419
250.264361818
249.967833755
249.549866878
249.016743159
248.364038727
247.599442720
246.721158506
245.735030057
244.649040056
243.463358787
242.184368359
240.830491544
239.395293224
237.897594117
236.340832204
234.736254662
233.096663994
231.423260896
229.740154533
228.043224312
226.348979933
224.666964505
223.006357265
221.376699071
219.791400624
218.248625702
216.764084627
215.350336114
214.006318645
212.744230812
211.573160627
210.488342958
198.328503544
199.426593898
200.509184149
201.580940536
202.633173398
203.668583868
204.680827541
205.671683873
206.635891436
207.573644879
208.484842461
209.365992438
210.217695547
211.041013325
211.833529999
212.596794578
213.330235962
214.034616819
214.710497824
215.366323255
215.993108809
216.600308149
217.187969010
217.761089401
218.320687200
218.868508147
219.409242217
219.945017303
220.481320299
221.021627560
221.567760406
222.119473178
222.685835223
223.267816027
223.866682004
224.489438143
225.132765550
225.798420475
226.490160401
227.208635960
227.948626107
228.720877756
229.512649507
230.328775450
231.168203140
232.027906357
232.903677120
233.789336869
234.681333535
235.580738342
236.472604908
237.356105269
238.230143725
239.083561158
239.905830784
240.693292164
241.435695123
242.133702402
242.770241823
243.341436356
243.842158739
244.264027338
244.602729842
244.849629881
244.997866518
245.047092701
244.988111609
244.826096361
244.551426939
244.165208401
243.663106790
243.052556087
242.328798305
241.499987621
240.564229620
239.528138106
238.399432218
237.178762046
235.872502209
234.498613241
233.051692399
231.549601605
229.996200573
228.402468730
226.781281798
225.133525781
223.482904366
221.825384168
220.177226072
218.547450836
216.945528091
215.380068962
213.864514707
212.396837949
210.991859023
209.662354194
208.407025281
207.237467685
206.162804533
205.177775505
199.223574158
200.327040529
201.411307748
202.481609439
203.528208604
204.554207635
205.552957513
206.525716812
207.467617638
208.378364687
209.257594520
210.102005299
210.911616437
211.688094761
212.428322448
213.133944574
213.804419831
214.440608511
215.042806449
215.619929511
216.162562594
216.680521467
217.173965525
217.647960487
218.103993084
218.543413748
218.971521789
219.390270466
219.806032042
220.221397027
220.639623897
221.060188292
221.491962442
221.936884987
222.395972627
222.876621270
223.375794320
223.895322644
224.439350796
225.008629494
225.598408400
226.219288982
226.859107721
227.522801315
228.209417617
228.916590169
229.639600076
230.373280355
231.114047359
231.863286942
232.606180594
233.342319948
234.070912613
234.781169394
235.462603448
236.112281400
236.720236645
237.287111915
237.796623919
238.244784307
238.627432395
238.936128426
239.166817471
239.311540841
239.363694637
239.323033622
239.180841259
238.942291048
238.598420541
238.150354487
237.593580709
236.936455232
236.173771253
235.313886965
234.354660008
233.303280957
232.166911793
230.946530562
229.648294067
228.289450091
226.865462800
225.393035774
223.876249775
222.325697526
220.754085334
219.161921106
217.572309527
215.981226814
214.404565174
212.850774317
211.329502172
209.848380945
208.420856990
207.044675821
205.733798414
204.501126641
203.345207230
202.277001379
201.305693863
200.425590827
200.653816465
201.761221269
202.845381438
203.912047403
204.950341427
205.963778045
206.945301815
207.895578637
208.810159217
209.688138845
210.528898766
211.329290788
212.088702959
212.809392091
213.487530173
214.124859323
214.720840788
215.276438597
215.791700684
216.276009667
216.719572314
217.132588542
217.515346038
217.873032616
218.207635186
218.520211128
218.816663102
219.098876708
219.374127087
219.644238792
219.913932110
220.182528993
220.458724057
220.745558352
221.043831812
221.361426999
221.695690326
222.048589830
222.424782921
222.825175818
223.245571758
223.696537810
224.166601665
224.660861658
225.178564256
225.718076825
226.274285183
226.843113204
227.421097272
228.009905640
228.595082450
229.176626270
229.754112642
230.317208818
230.855606486
231.367100935
231.842084112
232.281170077
232.668966325
233.001337603
233.275117266
233.481794539
233.617560609
233.675044420
233.647893797
233.535911592
233.330749871
233.037470618
232.647650064
232.162327067
231.576692285
230.899804495
230.125921230
229.263380029
228.309658739
227.272367067
226.157854948
224.967305733
223.706483021
222.391723968
221.019209778
219.604337030
218.151238241
216.670035449
215.173057261
213.660396626
212.154408970
210.651016568
209.165653152
207.706168527
206.282291769
204.900656989
203.574692507
202.301895073
201.095407240
199.968175034
198.918663094
197.957179840
197.092993263
196.320033601
202.674960433
203.787349629
204.872138686
205.935540672
206.965439551
207.965778723
208.928983891
209.855063904
210.740009521
211.582185054
212.380731102
213.132610632
213.836537346
214.495339859
215.104479451
215.665795182
216.178732737
216.644364687
217.062511849
217.443024828
217.775789566
218.071413001
218.330334595
218.557924300
218.756695295
218.927523838
219.076910542
219.206785940
219.325338823
219.433755306
219.538236209
219.638064831
219.741793267
219.853676689
219.974336420
220.112226719
220.265167071
220.435316970
220.627959153
220.844198272
221.080457108
221.347368362
221.634236665
221.946368921
222.283288755
222.644144446
223.023530017
223.418498142
223.825836422
224.247448931
224.669436761
225.092172981
225.515642956
225.930029176
226.325309284
226.699990830
227.044868662
227.360517875
227.632494903
227.856488097
228.030323908
228.145404494
228.198157135
228.181690908
228.089909931
227.922611000
227.671716962
227.342082984
226.925711393
226.423474994
225.830175134
225.155374476
224.392738739
223.550402717
222.625354549
221.625504677
220.556179648
219.418676929
218.218227162
216.970110904
215.671096703
214.335171496
212.966381932
211.574326728
210.170782181
208.755411235
207.349708552
205.949488872
204.569665196
203.217470226
201.902630966
200.630785617
199.415321641
198.253473352
197.157611341
196.140651548
195.201037452
194.348414343
193.592147807
192.925842150
205.333185660
206.452868231
207.540306237
208.602121884
209.624864380
210.612932717
211.558116028
212.459714250
213.314180240
214.119028475
214.873185782
215.573682735
216.218525594
216.811098359
217.346161288
217.825651600
218.248994032
218.617375220
218.930414802
219.198439758
219.411078612
219.579368411
219.703931215
219.790384315
219.841787690
219.858955038
219.848980785
219.813955222
219.762983066
219.696742852
219.622928938
219.540888307
219.459075859
219.383049615
219.313291714
219.258901087
219.218244843
219.193719527
219.191327286
219.212399502
219.254027628
219.326993944
219.421437083
219.542905606
219.691257613
219.866442401
220.062848652
220.278659756
220.511020096
220.762010564
221.018441752
221.281011867
221.550133596
221.816538799
222.070566550
222.311405424
222.530268603
222.727679977
222.890165955
223.013212929
223.095617573
223.128675712
223.109044396
223.030193941
222.886300002
222.677099954
222.394707817
222.043694078
221.616385790
221.113434504
220.529188185
219.873539025
219.139534054
218.334965130
217.456244376
216.511502641
215.504874028
214.437709605
213.314600085
212.149672564
210.940172172
209.698614258
208.428851400
207.139932983
205.842938737
204.537103499
203.242983427
201.956238779
200.691222245
199.454539506
198.255843152
197.099793438
195.999710549
194.952559371
193.969984782
193.064803587
192.235485732
191.491008178
190.840839488
190.278300775
208.678674024
209.809783769
210.903730911
211.967491943
212.986185174
213.964698891
214.894061112
215.772821502
216.597914635
217.365888123
218.075491021
218.723773968
219.308011866
219.832126167
220.290193022
220.684248669
221.013701871
221.279857547
221.482162575
221.631434654
221.717111515
221.750681732
221.732986709
221.669959831
221.565222563
221.419646847
221.240919635
221.031406512
220.801121920
220.550369050
220.288345073
220.014549787
219.737395510
219.463811633
219.194182094
218.938312882
218.695178987
218.467453532
218.261935394
218.080199377
217.920041666
217.792463277
217.688470072
217.613874737
217.568910063
217.554324376
217.564373036
217.598343244
217.653820338
217.732996264
217.823504350
217.926310543
218.042252361
218.162625767
218.278179449
218.388744350
218.485943382
218.570239603
218.629118985
218.657847509
218.656155449
218.615211014
218.531901785
218.399934206
218.213783304
217.973076820
217.670059810
217.308957188
216.882333411
216.390588260
215.827575803
215.203371016
214.510400136
213.756010684
212.935972865
212.058592421
211.126679486
210.141605577
209.107240841
208.036504927
206.927025580
205.789816547
204.628452943
203.451429786
202.269011184
201.080017097
199.904014237
198.736464739
197.591139565
196.474009352
195.394588165
194.356586033
193.373224514
192.441194956
191.571460937
190.776672882
190.055361338
189.415833272
188.867656269
188.403902667
212.762948563
213.910928121
215.016550591
216.087091571
217.106145465
218.079130534
218.996186563
219.855082837
220.653254430
221.386169863
222.052445818
222.649104286
223.172675435
223.627599705
224.007294112
224.313895697
224.546812992
224.707473622
224.795182733
224.821267893
224.775046265
224.668477707
224.502664275
224.283927866
224.016458689
223.701308477
223.346758953
222.955563130
222.538631746
222.096021990
221.638440672
221.165615388
220.685976489
220.207873686
219.731633061
219.267820258
218.816062428
218.379344213
217.965320387
217.575815590
217.209354888
216.877212248
216.571273135
216.297626981
216.056906721
215.850638989
215.673002887
215.524341557
215.402744283
215.310445447
215.235979309
215.180517795
215.145303878
215.122197846
215.102383091
215.086290876
215.065924713
215.041682705
215.001975604
214.941836438
214.861885615
214.753141058
214.612729904
214.434468892
214.213171771
213.948310598
213.632221848
213.268739537
212.850593448
212.377923001
211.844070151
211.259172792
210.615054756
209.918552351
209.164747276
208.362104146
207.512011210
206.615850433
205.676712296
204.706292022
203.702519261
202.674902806
201.626676807
200.565792226
199.501599458
198.432523956
197.377113343
196.330587581
195.306128715
194.309062304
193.348705369
192.427850712
191.559583079
190.740316806
189.980373457
189.292170547
188.674319201
188.134456496
187.682234490
187.310503805
217.631406684
218.802837849
219.926430076
221.009703844
222.034642797
223.007242656
223.916626767
224.759766393
225.534615680
226.235457736
226.860831997
227.407681721
227.871790423
228.258098295
228.559394916
228.777920552
228.913109334
228.966515372
228.937333773
228.837424477
228.656056862
228.405677510
228.087692790
227.708887593
227.274019399
226.784437728
226.249024261
225.671027028
225.062228770
224.422566401
223.764258725
223.087323060
222.400270511
221.712901847
221.025524173
220.349505772
219.685154774
219.035799858
218.409993057
217.809806559
217.234510608
216.695691913
216.186111813
215.712141387
215.274828815
214.876443068
214.511132764
214.180234727
213.882388371
213.619802241
213.381960682
213.170181234
212.986079249
212.822070598
212.669780169
212.530199304
212.395666554
212.266517263
212.132034971
211.987013679
211.832917700
211.660590706
211.467418000
211.247201196
210.995143850
210.710519475
210.385735030
210.024200699
209.618754537
209.169284550
208.668620660
208.126866959
207.535280748
206.900147200
206.215828951
205.490957921
204.725429915
203.920646800
203.078875490
202.210601095
201.313985090
200.397047923
199.462635587
198.518177062
197.572027564
196.622242755
195.686338438
194.759247835
193.853567199
192.973964137
192.129504971
191.322101050
190.564655174
189.853302338
189.197756913
188.610135814
188.089139528
187.641737285
187.277641424
186.989503308
223.326396873
224.528745395
225.677455268
226.780236999
227.817387126
228.795531373
229.702651433
230.534916070
231.290816470
231.963354436
232.551055053
233.050733808
233.457438455
233.776588318
234.000384376
234.131173881
234.168452476
234.113903600
233.966644545
233.739092231
233.420542895
233.023939884
232.551038439
232.009162271
231.403624037
230.736184464
230.016332174
229.247910919
228.443539130
227.603155051
226.740486277
225.855888199
224.958015801
224.058134210
223.156567999
222.265523230
221.386001431
220.521707711
219.682115485
218.869536032
218.083995209
217.337419877
216.623430897
215.948680939
215.314641754
214.724277810
214.171743985
213.659301015
213.186171994
212.754474342
212.354669582
211.988166103
211.656908736
211.353856019
211.071068822
210.810063866
210.563457633
210.331533272
210.104384566
209.876566424
209.650343625
209.416361207
209.172291238
208.911798444
208.630537997
208.327545791
207.995296046
207.636751453
207.244816001
206.819149994
206.352086673
205.853618955
205.314487458
204.740407291
204.125005679
203.477107841
202.795069083
202.080336368
201.334319082
200.566331149
199.774702782
198.965997970
198.142639009
197.311561757
196.480057826
195.645838932
194.825388035
194.013304762
193.221609950
192.454294936
191.720123488
191.020163217
190.367079972
189.756728127
189.198244524
188.703373391
188.270903973
187.907141102
187.621822040
187.407418720
229.897627730
231.139597898
232.321771368
233.451992206
234.508804783
235.499519979
236.410856815
237.238188113
237.980558514
238.629602692
239.183900743
239.640090358
239.992507389
240.247025641
240.395302506
240.439795216
240.380105246
240.218046189
239.952688488
239.597030424
239.140470288
238.596451277
237.967120400
237.260417135
236.482185295
235.634703039
234.728075274
233.766834201
232.764385559
231.720785235
230.651261138
229.556544221
228.445495164
227.330842431
226.212962072
225.104927727
224.008432990
222.927594734
221.872816857
220.846637778
219.849848799
218.894734357
217.975751265
217.099831994
216.268878394
215.486496793
214.746880602
214.053143364
213.405116987
212.804769511
212.243550790
211.722914960
211.245087011
210.803555832
210.390805865
210.008853125
209.650525686
209.316075965
208.996339131
208.685637557
208.386997567
208.090841136
207.795165472
207.493380558
207.181664818
206.858779105
206.517277181
206.159656947
205.778857343
205.374345794
204.937985389
204.479595704
203.989460414
203.472719452
202.922259612
202.347137147
201.744136476
201.114785844
200.459607987
199.786804723
199.094815236
198.388790307
197.670701447
196.947023673
196.223926709
195.498803510
194.787113114
194.083071365
193.398138960
192.735608387
192.103890365
191.503247780
190.946046144
190.427858910
189.957271529
189.545580711
189.191655808
188.901143874
188.683762187
188.531823467
237.377783195
238.668678086
239.893200555
241.059269771
242.143631714
243.154339012
244.076737148
244.905423259
245.640010885
246.270699489
246.796198145
247.212920897
247.514530573
247.707328185
247.782479846
247.742557418
247.587321743
247.318716878
246.935795956
246.452162110
245.857392038
245.165425289
244.378839020
243.506266686
242.554045778
241.525069711
240.430070155
239.274350869
238.072041278
236.823427684
235.545219588
234.238551667
232.912548570
231.581384840
230.245520493
228.918919902
227.603952562
226.305187635
225.033951966
223.792998019
222.583892056
221.419284179
220.294439074
219.216566845
218.188005797
217.212946501
216.285650896
215.410015871
214.586502714
213.816879239
213.093584145
212.418084552
211.792831072
211.211834681
210.667987646
210.163790116
209.692208792
209.253497545
208.839162527
208.443306363
208.069683572
207.708469063
207.358032811
207.011417380
206.665403436
206.318441284
205.963189375
205.601666442
205.226826382
204.837985444
204.426573012
204.002181330
203.554706548
203.088716066
202.596360740
202.086970883
201.555744797
201.004335553
200.432350963
199.846955883
199.246638683
198.635189547
198.014106827
197.389437467
196.766179979
196.141431381
195.529641909
194.924592014
194.337199282
193.770030746
193.231093995
192.719887645
192.248404323
191.811939040
191.418549058
191.079003896
190.792239649
190.563255842
190.401694546
190.299733520
245.797058726
247.147193065
248.423899500
249.635110046
250.755746921
251.794658927
252.735719585
253.572782043
254.306041208
254.924212369
255.426208159
255.808176825
256.063161529
256.197857263
256.202997329
256.081271705
255.832661287
255.459238626
254.960066269
254.349371298
253.616984645
252.777330077
251.833445664
250.794737886
249.667985247
248.456784023
247.172503115
245.821290851
244.417919749
242.963017199
241.474743588
239.954658528
238.412204617
236.862971033
235.307532878
233.760764411
232.225682165
230.707355740
229.218012959
227.760608212
226.337496592
224.961695030
223.629247186
222.347641020
221.119662794
219.950027123
218.833097289
217.773490234
216.772316098
215.831101706
214.943270125
214.110283336
213.334761211
212.611235436
211.932992167
211.303012677
210.714325682
210.167231217
209.653837418
209.168047507
208.714317170
208.282551724
207.871551017
207.473882703
207.087016336
206.709056101
206.332803516
205.959783614
205.582954471
205.201527800
204.806543517
204.407318003
203.993435888
203.568897681
203.125132390
202.671787153
202.202471498
201.719011505
201.220069774
200.711862156
200.192863681
199.665564480
199.130970014
198.594729556
198.060629485
197.525489737
197.002773053
196.485769776
195.984872842
195.501894614
195.044388466
194.611132848
194.213664979
193.847008037
193.518713068
193.238938449
193.006670518
192.826276802
192.707259757
192.641691691
255.175594556
256.596159592
257.935693991
259.202074410
260.368401905
261.444370890
262.412302725
263.265351202
264.004300677
264.616358952
265.100716512
265.453218010
265.666357885
265.747185622
265.686066336
265.485812215
265.146690497
264.670899333
264.057533183
263.321457239
262.452830323
261.466539982
260.366105685
259.161785563
257.860729375
256.467312978
254.993550121
253.446495329
251.841464982
250.179534963
248.480271106
246.745672008
244.985547035
243.216851594
241.440306710
239.671709509
237.914681525
236.174850159
234.465305522
232.789194704
231.149679683
229.560138826
228.017365716
226.529129731
225.098682686
223.731202063
222.421188970
221.173924308
219.991187348
218.874233582
217.817463339
216.822331831
215.891569776
215.020236570
214.202001790
213.440338576
212.728257326
212.066161453
211.446695789
210.863591913
210.321985062
209.811490596
209.331403550
208.873716073
208.436678047
208.018012487
207.610712975
207.215795509
206.826220330
206.441143192
206.051266595
205.665583878
205.273451746
204.878309133
204.470886630
204.061186401
203.641241386
203.213099728
202.774446213
202.330648100
201.880099519
201.424060330
200.963025822
200.502274375
200.044349409
199.585808776
199.139155026
198.697134475
198.269633053
197.857679905
197.468323802
197.099671555
196.762715060
196.452217708
196.175247100
195.941263172
195.749286686
195.603074605
195.511917135
195.467819538
265.510516098
267.013436839
268.427108646
269.759277083
270.981257565
272.103630374
273.107108542
273.984201592
274.736286066
275.349069707
275.822089174
276.150855635
276.327402215
276.359085446
276.235973204
275.961003079
275.534799924
274.959682686
274.234796365
273.375649517
272.372800827
271.241572104
269.985970966
268.617186130
267.142651221
265.567585448
263.904652322
262.161862281
260.354955071
258.485563568
256.574593499
254.624494419
252.645484341
250.655820456
248.656400610
246.663953695
244.682651578
242.718748496
240.786142238
238.888167818
237.028819610
235.221826228
233.464705238
231.765516030
230.128002479
228.557743864
227.049423675
225.608939592
224.238763845
222.939862490
221.707607336
220.543462640
219.450212018
218.423459700
217.457255211
216.555588133
215.711368569
214.925174619
214.190127786
213.499824618
212.860061821
212.260149177
211.699948280
211.170784629
210.671780738
210.200245269
209.749421406
209.319798021
208.904342279
208.502202465
208.103802563
207.717762435
207.333300893
206.953295301
206.567811917
206.187234661
205.802045187
205.414561580
205.021453905
204.627349176
204.230487024
203.830974781
203.428780037
203.028830809
202.632407905
202.235816028
201.850630336
201.469000181
201.100319780
200.744809810
200.408962867
200.090269251
199.799078199
199.529912422
199.289380329
199.086154458
198.919275423
198.791919002
198.713082809
198.674753624
276.778379752
278.376314054
279.876098294
281.285261448
282.573407273
283.752030352
284.800207669
285.709871205
286.482984152
287.103799215
287.572258111
287.883517500
288.029255494
288.017078840
287.836835508
287.491591284
286.982402419
286.311703014
285.478702218
284.499547457
283.365265210
282.091574274
280.682960205
279.151619882
277.505165604
275.749710491
273.898565846
271.960735972
269.952241346
267.875381004
265.752311632
263.585944317
261.386940731
259.174776211
256.950558957
254.731950788
252.523608150
250.332493833
248.173240610
246.049373157
243.965750428
241.936435549
239.959646811
238.043748884
236.193012968
234.413360760
232.699711790
231.058543146
229.493047831
228.003897937
226.587433026
225.245161711
223.979863494
222.787714676
221.663150950
220.610716154
219.623138248
218.701254789
217.838611344
217.028715361
216.278009770
215.575488087
214.921655888
214.307092021
213.731883137
213.192891916
212.683676919
212.204178676
211.747383066
211.312476600
210.889671301
210.487157738
210.094113089
209.712846757
209.332805083
208.964764991
208.597699045
208.234237527
207.869995182
207.508974942
207.149179881
206.789651946
206.429813669
206.074254392
205.722986537
205.372063636
205.032172030
204.694814359
204.368904382
204.053835029
203.755491580
203.470809466
203.209392827
202.965550346
202.745458049
202.556911604
202.398961718
202.274238871
202.191362694
202.142360307
288.925512720
290.631777640
292.230274713
293.728218278
295.093619637
296.338896489
297.441497717
298.392853516
299.195495910
299.832310434
300.303686990
300.604416934
300.725945396
300.676062342
300.444476167
300.034382149
299.447340005
298.685891626
297.749316745
296.654383928
295.392647614
293.980178767
292.421908874
290.731117683
288.915471967
286.982013988
284.944691183
282.813527077
280.604655450
278.321153259
275.986311524
273.603513487
271.183891889
268.748036128
266.297301802
263.850276552
261.412024851
258.990313202
256.600418092
254.246063519
251.933013293
249.675644691
247.472857151
245.333343083
243.261948243
241.264877422
239.337351910
237.486400621
235.715970534
234.026449968
232.415145833
230.883666050
229.434731829
228.065129105
226.769695805
225.553581563
224.409251594
223.337901213
222.333454791
221.389387373
220.512772507
219.692284864
218.929153518
218.213145944
217.545398065
216.922299030
216.337793861
215.791250788
215.275692133
214.790383791
214.325399198
213.888437413
213.468734986
213.068019285
212.675172556
212.301356409
211.934094790
211.576364645
211.222682526
210.876548909
210.535640486
210.198031072
209.862580486
209.533541891
209.209670565
208.886762771
208.574661776
208.264179132
207.963755008
207.671945430
207.393977537
207.126301932
206.877673632
206.642221954
206.425720477
206.235002501
206.069124565
205.930215204
205.826427889
205.749898865
301.866963939
303.695145343
305.405176541
307.003845754
308.457739561
309.780187155
310.947058147
311.949365094
312.790178216
313.451153437
313.933153476
314.230606940
314.334867105
314.253829574
313.977149526
313.508153653
312.848975125
312.002257283
310.967352825
309.761620149
308.377195442
306.830452812
305.126715707
303.280417943
301.299142400
299.190879167
296.970191031
294.648133407
292.240763660
289.752051096
287.206273996
284.607302171
281.966758029
279.306219210
276.627330039
273.949586009
271.278373939
268.622372102
265.997389060
263.407366711
260.859019909
258.367015007
255.930916027
253.559772570
251.259061829
249.035213706
246.883828790
244.812469273
242.825872817
240.924169754
239.105636951
237.372055474
235.726037663
234.165025038
232.684285821
231.289637168
229.973204479
228.736650873
227.574243059
226.479490881
225.460079984
224.504373164
223.614401513
222.779076550
222.000656350
221.275035151
220.596618944
219.964177386
219.370792648
218.815844029
218.289347721
217.798440264
217.332523079
216.892718483
216.467413813
216.068122001
215.681000017
215.309395377
214.946683178
214.595985373
214.254555859
213.919606916
213.589418806
213.267898750
212.952576757
212.638976088
212.336149420
212.034181564
211.741038430
211.454443377
211.178915979
210.910499739
210.656997245
210.412401625
210.182116450
209.971932875
209.780916954
209.610743804
209.469012356
209.348046108
315.460251161
317.424092426
319.258670639
320.970220690
322.524125648
323.934586088
325.175987600
326.239014335
327.127225453
327.821237736
328.322385028
328.624748461
328.719742413
328.615279389
328.301046312
327.780501542
327.056410164
326.131510174
325.005219402
323.695436950
322.194920239
320.520292904
318.677187051
316.681253039
314.539835514
312.261872722
309.862504133
307.353816246
304.751576322
302.060761204
299.306455824
296.493033152
293.632614942
290.747616850
287.840019315
284.930193763
282.023756464
279.130417300
276.266385392
273.435849404
270.646527227
267.913346278
265.236520627
262.625496421
260.086449459
257.625978974
255.240156283
252.937067283
250.722281797
248.595715598
246.556620880
244.607045819
242.749450034
240.981983946
239.300386134
237.711213585
236.206180243
234.787538809
233.449870624
232.186798245
231.006596602
229.897335554
228.861921604
227.888390558
226.980177639
226.132669345
225.340807279
224.602735672
223.911624612
223.266991142
222.658882289
222.093793415
221.561397311
221.062180349
220.584115460
220.139007127
219.711749066
219.306069120
218.914159900
218.538887408
218.176981441
217.824907344
217.480350260
217.146848899
216.820761547
216.497313181
216.184824717
215.872628214
215.568207519
215.268473351
214.977190220
214.690078799
214.413891899
214.142536113
213.881079323
213.634201435
213.400989884
213.182718248
212.986346543
212.804469752
329.533810871
331.646302022
333.617727378
335.453626907
337.118456274
338.627218671
339.952960986
341.086133502
342.030716675
342.766535621
343.295364952
343.610970777
343.704993584
343.585265118
343.241589149
342.677558069
341.896613947
340.901584724
339.691940231
338.286053649
336.677328499
334.882584748
332.907652518
330.769450387
328.474921325
326.033932483
323.462143777
320.772659589
317.980722877
315.092433805
312.133467611
309.108722825
306.030819070
302.922836051
299.787142947
296.644938646
293.501970194
290.369108185
287.262809482
284.187548878
281.152100762
278.171622088
275.246962852
272.388013488
269.601722054
266.894803692
264.263903425
261.717627903
259.262422061
256.898048220
254.624739285
252.444920962
250.360864841
248.371486190
246.473046257
244.672918630
242.962343086
241.344289920
239.813636840
238.364206042
237.004831094
235.723320745
234.523519874
233.392598971
232.335199094
231.346197980
230.421143609
229.557529192
228.748644027
227.994155691
227.284235432
226.624652515
226.005455369
225.426457610
224.875309213
224.364017842
223.876340932
223.416380463
222.975111421
222.555260714
222.152931894
221.763964346
221.385435010
221.020477862
220.664357909
220.311965421
219.970955573
219.629894030
219.295765544
218.964707458
218.639684746
218.316184798
217.999823133
217.684475220
217.374908162
217.074635707
216.782787936
216.500289223
216.233383886
215.975026239
343.848696421
346.121843118
348.241554133
350.212519009
351.998595129
353.615485126
355.035095457
356.247736315
357.257719839
358.044380985
358.609872371
358.947691102
359.049872982
358.924063538
358.560261025
357.962194696
357.134006969
356.078611228
354.795507937
353.303456786
351.596511716
349.691637499
347.594720070
345.323981011
342.885793487
340.290911218
337.555436814
334.693464635
331.719463983
328.640768567
325.483395063
322.252793125
318.962068028
315.634766717
312.273705053
308.900841278
305.521953905
302.149207395
298.799136749
295.476552477
292.191338516
288.958848355
285.780553067
282.666845121
279.625523497
276.663369229
273.777715897
270.977694333
268.270667646
265.656324878
263.135883861
260.712273435
258.387553108
256.161460135
254.030841277
252.003965454
250.071548373
248.237408743
246.496712078
244.843575219
243.287349869
241.815630791
240.433248373
239.126552939
237.901387670
236.752135362
235.675012672
234.666839983
233.721059970
232.837488810
232.006519482
231.233105972
230.507770380
229.829612237
229.186059793
228.589206357
228.021821954
227.488358882
226.978547992
226.495083032
226.033341804
225.588661274
225.157500579
224.742538546
224.338049098
223.938541288
223.551073904
223.163446895
222.782119141
222.402512447
222.026751432
221.650181666
221.277208098
220.901733061
220.528255878
220.159087206
219.793429091
219.431905676
219.079981445
218.731056245
358.130809206
360.574705407
362.852396552
364.967554687
366.883815368
368.617443434
370.139453553
371.440107158
372.523936413
373.370138035
373.981145664
374.350249532
374.470048240
374.347892450
373.974043234
373.352372772
372.487721630
371.383086598
370.037972361
368.471419062
366.678113167
364.675120687
362.468212946
360.076929114
357.506909210
354.769729216
351.881833707
348.858268884
345.712471757
342.453112739
339.106271840
335.677980302
332.181804555
328.641542860
325.060520419
321.461365264
317.849789531
314.239384722
310.646578592
307.076576732
303.540418235
300.053619529
296.618254847
293.245282721
289.943431407
286.719501850
283.571636810
280.509497230
277.541403099
274.667065754
271.888687330
269.209832939
266.632339032
264.156815314
261.780763516
259.513420947
257.344943175
255.280124339
253.314415540
251.442325543
249.673671972
247.995895543
246.414835945
244.916105143
243.506704576
242.180551553
240.934579015
239.764919074
238.665200467
237.635369640
236.666139363
235.761557957
234.912707468
234.117931283
233.364542750
232.664577202
231.999985251
231.375528432
230.779679148
230.215188608
229.676619217
229.158927318
228.657951685
228.175853070
227.706041312
227.242589663
226.792034028
226.341425803
225.896663583
225.452532983
225.010283596
224.565211389
224.120458504
223.670014247
223.218140645
222.765932394
222.312702186
221.858818536
221.408919230
220.956933025
372.061117502
374.682751508
377.125232421
379.391043584
381.444014335
383.300803403
384.931829397
386.327391926
387.492113402
388.405444908
389.069974173
389.478861792
389.625428345
389.516623939
389.143027281
388.508666606
387.619046906
386.477250981
385.082758146
383.454766308
381.588552066
379.501250149
377.198323102
374.700616261
372.012887309
369.147446748
366.120958063
362.949368998
359.644827929
356.217429583
352.693017528
349.078237615
345.387080499
341.643364159
337.850988432
334.033137487
330.195366372
326.352817339
322.521615263
318.707427935
314.922481614
311.182422786
307.489903873
303.856520972
300.292000825
296.803123380
293.388964052
290.059718463
286.824693054
283.683732078
280.640011774
277.697868721
274.858919702
272.124685582
269.493397030
266.975319001
264.560030179
262.253414520
260.051213960
257.948423919
255.955263002
254.059091013
252.266751608
250.563239665
248.956626309
247.440409712
246.012269024
244.667640545
243.400370515
242.210499723
241.089156694
240.039396614
239.052931331
238.127309961
237.249839601
236.432332147
235.656102172
234.926161854
234.229726932
233.569675667
232.939680369
232.334432142
231.749153983
231.185415462
230.635909220
230.094211938
229.566410622
229.038841136
228.516799821
227.994533203
227.472387864
226.945698453
226.416315141
225.878371911
225.335918557
224.788845647
224.236621649
223.679394656
223.120949591
222.555818273
385.283008205
388.085823234
390.696678614
393.116698944
395.310347811
397.294480969
399.039255059
400.535085612
401.786538087
402.773735514
403.499264947
403.956244317
404.138854481
404.053546523
403.691250298
403.056167751
402.154396542
400.989109505
399.559725796
397.885460884
395.962110478
393.806857210
391.424638998
388.837561857
386.049373752
383.073005838
379.925194290
376.622725478
373.176212951
369.597239917
365.911101938
362.125089738
358.253567901
354.320134654
350.329326949
346.304748504
342.251716442
338.187031247
334.126315822
330.075771500
326.048824115
322.061220648
318.116158069
314.225945544
310.401364320
306.649138319
302.969395631
299.372867720
295.869865104
292.460485186
289.148857220
285.940218633
282.835985730
279.838613422
276.947133342
274.172879097
271.504856317
268.950134437
266.504755737
264.164290063
261.939279574
259.817087769
257.805523040
255.889122437
254.076892010
252.361974209
250.742802073
249.214120272
247.770019587
246.410582118
245.127442366
243.922584312
242.788397439
241.721607049
240.709621308
239.763847481
238.865157647
238.018742437
237.210580752
236.443724219
235.710901768
235.006644219
234.325573599
233.668588335
233.027827909
232.396310127
231.779746451
231.163806922
230.553140256
229.941567951
229.328514436
228.709436097
228.084889782
227.449208595
226.806249649
226.154739880
225.494354540
224.825047443
224.149748724
223.463656921
397.420107512
400.402758399
403.181128982
405.754826178
408.089396012
410.201672907
412.061911917
413.660710907
415.002422629
416.068264066
416.860649675
417.372749522
417.599715741
417.547416808
417.207145670
416.583304393
415.682473617
414.507924443
413.058983522
411.354731726
409.391389366
407.186180929
404.743296106
402.086020552
399.216999346
396.149649509
392.900615153
389.487450191
385.919013285
382.208409193
378.380076873
374.441978911
370.408790431
366.303651764
362.131793437
357.917080468
353.664526091
349.392668497
345.116434756
340.842630259
336.585865319
332.361959933
328.174610541
324.036913448
319.960736079
315.952716731
312.014144523
308.156276949
304.390426786
300.717068539
297.141245556
293.669208649
290.302206030
287.043626151
283.893365677
280.863837633
277.943500871
275.140676513
272.451718189
269.872842098
267.414824264
265.065123576
262.832435688
260.701032295
258.680673460
256.764224739
254.950854840
253.234633668
251.609918266
250.076762710
248.627388420
247.262643058
245.975617754
244.762197481
243.609992570
242.529818724
241.502302379
240.532730527
239.605886987
238.725016601
237.881880308
237.070938336
236.286240085
235.527931052
234.787774085
234.058169147
233.344523101
232.631907537
231.924277576
231.215158524
230.503044126
229.783589345
229.056086122
228.315116241
227.564358156
226.801445748
226.026315770
225.238744049
224.440830945
223.628492154
408.107633865
411.263013123
414.202657241
416.924520917
419.395669217
421.632687311
423.606300483
425.307346431
426.739808155
427.886403190
428.749195906
429.321507994
429.599539103
429.588514818
429.280078822
428.678870612
427.791807781
426.622271360
425.169467853
423.452186087
421.466954368
419.231050109
416.747692597
414.041226650
411.113146670
407.977198542
404.649758944
401.149068705
397.482050067
393.663324041
389.716181133
385.649274330
381.477512639
377.223350198
372.892756694
368.509681141
364.078782456
359.620380336
355.148523119
350.670685759
346.202611232
341.760169210
337.347495068
332.978540513
328.666257023
324.417172487
320.233825582
316.127974533
312.111907684
308.186596537
304.357938677
300.633284001
297.013756408
293.503648596
290.103771706
286.827593216
283.663073333
280.619814017
277.694490328
274.884014447
272.199296444
269.627986273
267.179549195
264.838210661
262.614263533
260.500386090
258.496439067
256.595848335
254.793251414
253.088591539
251.474746035
249.951379881
248.512281726
247.152498191
245.859932293
244.644624382
243.487148387
242.392801140
241.345233858
240.347879329
239.391536733
238.470668057
237.578791222
236.715220744
235.871524538
235.039434037
234.224118048
233.410131168
232.600693922
231.789172264
230.973134067
230.148499553
229.313355350
228.462573869
227.599663417
226.721264267
225.827630539
224.918366793
223.994795168
223.053584461
416.989571284
420.304487849
423.393506454
426.252828355
428.851444149
431.205460990
433.286442696
435.085511645
436.606133906
437.832891864
438.767330533
439.403020384
439.737242468
439.774546767
439.506890825
438.939195865
438.078536635
436.928416805
435.487902245
433.775328543
431.787398345
429.541464920
427.039566927
424.306946835
421.343947878
418.164468866
414.784437167
411.222688304
407.484075894
403.584683304
399.546390988
395.378544858
391.096196866
386.720905553
382.259403712
377.735532235
373.153561058
368.535587482
363.894617594
359.238846627
354.585056325
349.949144091
345.335606028
340.759305064
336.234232444
331.766784458
327.360808690
323.028518965
318.783124131
314.626199426
310.564414240
306.606267747
302.752810552
299.009180544
295.377132340
291.871122302
288.478682591
285.210683192
282.064127365
279.036646792
276.139181083
273.359666369
270.708183582
268.169149588
265.753138328
263.452740249
261.268439805
259.193066209
257.221545778
255.353619765
253.582877582
251.907779922
250.322782897
248.822119919
247.394065597
246.047715677
244.763776865
243.547471574
242.381404143
241.269167704
240.200642372
239.170346255
238.171323111
237.201989304
236.253900449
235.318083316
234.399532522
233.482380946
232.569084283
231.652992189
230.730765820
229.798650878
228.853618046
227.890866618
226.913739917
225.918012446
224.904311310
223.872069763
222.821909970
221.751275260
423.773928595
427.228610804
430.448885140
433.429145000
436.140659742
438.598845450
440.776448331
442.664911759
444.267059356
445.569637476
446.573527743
447.272641610
447.665331365
447.755474746
447.535285190
447.010020703
446.186710497
445.068997998
443.655799278
441.964845419
439.992873044
437.757347190
435.258947374
432.523614426
429.550597948
426.353762300
422.948411302
419.353877371
415.572874469
411.622846193
407.524049952
403.286508421
398.925317680
394.460959769
389.900931208
385.268766921
380.568328476
375.823435070
371.045914015
366.244712373
361.437510629
356.640212741
351.857580117
347.105422385
342.398678017
337.743592043
333.145344586
328.616534814
324.171203563
319.811615861
315.545104591
311.381324616
307.321305406
303.370938974
299.532924930
295.822599280
292.227153902
288.758668328
285.414473861
282.192913403
279.104849107
276.138593073
273.304654622
270.587884839
267.998869301
265.530210289
263.182927519
260.949314993
258.824587960
256.808191268
254.894466313
253.080673735
251.361882396
249.731560819
248.178418258
246.710460452
245.308695304
243.978193684
242.700618792
241.479676581
240.304404892
239.169412961
238.067342331
236.995658341
235.946079579
234.908910529
233.889029166
232.870252511
231.854254185
230.834510234
229.806809881
228.767774647
227.713376430
226.639169595
225.548335994
224.435935747
223.303021866
222.148850902
220.973446927
219.775035336
428.229055954
431.797261254
435.124562117
438.203545073
441.008046028
443.552602332
445.811450065
447.776384104
449.449491179
450.819896854
451.887713424
452.647274791
453.097951650
453.242987761
453.074777581
452.598976597
451.822350419
450.748699997
449.376795660
447.723622089
445.785811658
443.580979857
441.108307640
438.394200270
435.436922192
432.250108443
428.848277586
425.251149546
421.459294083
417.491357246
413.365815474
409.093328066
404.688924168
400.171861651
395.550370216
390.847478107
386.066630486
381.233253027
376.357888458
371.450239144
366.528696073
361.609146034
356.696500850
351.807526540
346.957964548
342.153886657
337.401788181
332.714556881
328.106943544
323.581959554
319.147470624
314.814245591
310.583341074
306.461284162
302.451690995
298.570626632
294.805045887
291.168134652
287.657545517
284.272292950
281.023058850
277.898614248
274.909684321
272.041794338
269.305268954
266.692820505
264.205900996
261.836345613
259.579654983
257.434885641
255.397157195
253.462564777
251.626714326
249.882385135
248.218769526
246.642670695
245.135547851
243.702257153
242.323645776
241.003472320
239.730044301
238.498080240
237.299907034
236.132007858
234.986428416
233.852755824
232.735806831
231.619195664
230.503816283
229.383409864
228.252944838
227.109463346
225.948078320
224.764722770
223.562420078
222.335687896
221.086053050
219.812588705
218.514842314
217.191815274
430.198869465
433.848728394
437.253481062
440.403970365
443.276805419
445.885494130
448.206016229
450.230543957
451.960372877
453.387122237
454.510079156
455.324065959
455.829378197
456.028697805
455.914515932
455.492946734
454.770273096
453.750469467
452.432179093
450.831515655
448.944879928
446.790075233
444.364694998
441.695348201
438.779472211
435.630275326
432.261354551
428.692698965
424.922797818
420.971291300
416.854781926
412.584498120
408.175285758
403.645069603
399.002747679
394.270651060
389.451806031
384.573072708
379.643638502
374.673932747
369.682824832
364.686156397
359.688860509
354.708637915
349.761837700
344.854335827
339.993881298
335.193527995
330.468582967
325.822828049
321.264508993
316.805420907
312.446686434
308.195324857
304.055809336
300.044747145
296.148969245
292.382624315
288.743671633
285.231726509
281.857197537
278.609386664
275.499007540
272.512482629
269.659616645
266.933321806
264.335371522
261.857230148
259.494676389
257.246294805
255.107994825
253.074769174
251.142670197
249.303886957
247.548128380
245.880919661
244.284298818
242.762861259
241.296777381
239.889791170
238.529620045
237.211095924
235.926330722
234.670817632
233.437077035
232.214007586
231.006416024
229.797831109
228.588389606
227.372227989
226.143560467
224.899888810
223.635624689
222.347097415
221.037177687
219.700025929
218.337684419
216.949036865
215.533290924
214.090205491
429.636815418
433.330966898
436.778279922
439.967981649
442.879577684
445.525443787
447.883496896
449.946315171
451.714395862
453.181863726
454.347184566
455.205720674
455.758568274
456.007954154
455.946381562
455.580483224
454.915855558
453.956663414
452.701455427
451.165375479
449.344487805
447.256813013
444.898327756
442.295567492
439.445341247
436.360240442
433.052836523
429.543259743
425.828049642
421.927587078
417.856572443
413.626708803
409.252538631
404.750584062
400.130309886
395.413174065
390.601784634
385.724206731
380.788235365
375.804964077
370.793468272
365.769508425
360.737895904
355.717210550
350.724164827
345.764411507
340.846847500
335.984546355
331.193187291
326.477309101
321.845369770
317.310055049
312.872579042
308.540292552
304.318435258
300.223939922
296.243631254
292.392442786
288.668617244
285.072273180
281.613465443
278.282086026
275.088604731
272.020537768
269.086938403
266.280994908
263.604690107
261.049214898
258.610615978
256.286935929
254.074872360
251.968405123
249.963932951
248.053174873
246.226375802
244.487747955
242.820011428
241.227474467
239.689780382
238.210589918
236.777193790
235.384530147
234.024605236
232.691940024
231.379656635
230.076017903
228.785869787
227.492771770
226.196147644
224.890646734
223.569809883
222.231632475
220.869993616
219.481631967
218.069274160
216.626915939
215.157148472
213.658661622
212.130469633
210.573058967
426.578950218
430.276492393
433.728021044
436.921337874
439.838882749
442.491846947
444.860212996
446.936997287
448.721938876
450.211578369
451.403625075
452.294014684
452.884498645
453.176979064
453.163895660
452.852450953
452.247377184
451.353042969
450.167948857
448.706193861
446.963430686
444.957910102
442.684022879
440.167948327
437.406090524
434.410247371
431.191896638
427.771172249
424.142852482
420.327769118
416.338753521
412.187861756
407.889213273
403.457892824
398.903798755
394.247360731
389.490763998
384.663003818
379.770477695
374.824843695
369.845085100
364.846834039
359.834631447
354.827844134
349.843267744
344.886299595
339.966838398
335.097813441
330.295071068
325.563856264
320.912663641
316.354895683
311.891866476
307.531090382
303.278455016
299.150985646
295.135616357
291.247863662
287.486223847
283.851199862
280.352428547
276.980438215
273.745228324
270.635570648
267.659575339
264.810764744
262.091225139
259.491975448
257.009320274
254.640706195
252.383604405
250.231095101
248.179818481
246.221159615
244.345905460
242.556960419
240.837804772
239.192452732
237.600174325
236.064483342
234.572421137
233.119017722
231.696287650
230.297823194
228.917452513
227.542877089
226.179028648
224.809610510
223.433398554
222.045656923
220.639346267
219.212986717
217.760098142
216.277838827
214.768804758
213.227020459
211.655651267
210.053194166
208.418619913
206.753104032
421.163846178
424.821709967
428.236920135
431.396100323
434.284581439
436.912369661
439.261575003
441.325690355
443.103782257
444.594624251
445.795291795
446.702309001
447.317925782
447.643866388
447.672446777
447.411474517
446.864679399
446.036641800
444.925869154
443.545367702
441.890337044
439.979250186
437.805000201
435.393133910
432.739884134
429.856098104
426.752131423
423.447974583
419.936881100
416.239819559
412.367839083
408.333203910
404.149496079
399.830361824
395.385968799
390.835592365
386.180984290
381.451757588
376.652937674
371.796615914
366.901370850
361.982649400
357.044574159
352.107174204
347.187023208
342.289228262
337.424511368
332.605484070
327.847941359
323.157751965
318.543270487
314.018414595
309.584589677
305.249306459
301.018961460
296.910433789
292.910876086
289.036173195
285.285039836
281.658230456
278.164918358
274.796300756
271.561696494
268.451253846
265.471997270
262.617820607
259.890819057
257.281941977
254.787741498
252.405033385
250.132037546
247.961064509
245.888893900
243.906721752
242.005873003
240.187986465
238.437356864
236.757715767
235.128114607
233.551864234
232.015941806
230.515449797
229.042527020
227.589904547
226.152196349
224.716635909
223.288285495
221.851097704
220.403283448
218.940806749
217.456149508
215.948384998
214.410843884
212.841111480
211.241670235
209.606760248
207.940136344
206.240107203
204.505747990
202.738874480
413.607721843
417.182125568
420.519616453
423.605929858
426.429177468
428.998227816
431.297321157
433.320473008
435.066203827
436.535264680
437.724270913
438.630336781
439.256056513
439.603131939
439.663720001
439.446254236
438.953370791
438.189868485
437.154325057
435.858636202
434.297544827
432.489718101
430.426693479
428.133129409
425.605319087
422.853030626
419.885507841
416.722446971
413.355848367
409.806495374
406.083786824
402.200032898
398.168174322
394.000444762
389.707096210
385.306154910
380.798919959
376.215286868
371.558959299
366.842302456
362.083179848
357.296782930
352.486675905
347.673395172
342.872977665
338.090200768
333.336405356
328.623710214
323.967634305
319.374558361
314.852526609
310.415750568
306.065699680
301.809721388
297.654564535
293.616728379
289.683680459
285.871454674
282.178943265
278.607011015
275.164337972
271.842809088
268.650873685
265.580132403
262.636432380
259.814053501
257.115018390
254.530304320
252.056700764
249.690375759
247.430262232
245.268041935
243.200536619
241.218901588
239.314985722
237.489235630
235.726792359
234.031131531
232.381235778
230.780168687
229.215026753
227.680964388
226.170357746
224.675165509
223.190842687
221.704263253
220.220663129
218.724340088
217.213038259
215.683488091
214.127800829
212.545629046
210.930276105
209.279760524
207.596472022
205.875042031
204.119820827
202.328938045
200.501714750
198.640550533
404.200622206
407.649245868
410.868875059
413.844675520
416.567370343
419.044777700
421.263215032
423.217270400
424.905070690
426.329034290
427.485523988
428.372228089
428.991940475
429.346488320
429.427859245
429.245107775
428.799734985
428.096756209
427.134882388
425.924904460
424.461139078
422.762392791
420.819030663
418.654596028
416.265653009
413.660793196
410.848194085
407.847103624
404.648560043
401.272847704
397.727875574
394.025830981
390.178924218
386.198024136
382.093273437
377.881387974
373.563189287
369.168515234
364.699820354
360.169567818
355.594615698
350.989822607
346.358072255
341.720233083
337.091499355
332.476281430
327.886322373
323.333082569
318.831588036
314.388600492
310.011699959
305.715163651
301.500485342
297.374704853
293.344759314
289.426551991
285.607944805
281.904909675
278.316470784
274.843463157
271.494058453
268.260834546
265.151211006
262.158270046
259.286642171
256.530983831
253.893178689
251.364320448
248.941424629
246.620012291
244.399682974
242.271634574
240.232642464
238.273964202
236.387950628
234.573954717
232.817974333
231.123266967
229.468887165
227.857620096
226.276855648
224.721780529
223.185114128
221.658149297
220.137213505
218.608939120
217.078777063
215.531454264
213.964357525
212.375031810
210.755327623
209.105502181
207.418979443
205.694216276
203.933533679
202.132113704
200.294899600
198.419854789
196.506677602
194.558287987
393.246127671
396.528856695
399.592420437
402.421749327
405.009970164
407.363970717
409.472050388
411.329426402
412.934003581
414.289528483
415.392342106
416.240680667
416.837410799
417.184622486
417.274151639
417.115645940
416.709480802
416.060880474
415.168749014
414.042800668
412.676986273
411.090175737
409.271773763
407.244016984
405.003920237
402.558834068
399.915941810
397.093889672
394.083048650
390.902908090
387.560064588
384.066409085
380.433349715
376.670450841
372.787548687
368.800019656
364.708175733
360.541462410
356.301172407
351.999679986
347.652578253
343.274306793
338.866969080
334.451573946
330.042189220
325.642821430
321.265394714
316.920561530
312.622651479
308.378663057
304.195578445
300.087515610
296.055940427
292.107461345
288.249036112
284.495781727
280.836013809
277.285445184
273.843184601
270.509901654
267.293255901
264.186511411
261.195928242
258.316054580
255.550312647
252.893703930
250.347921878
247.904252296
245.559924749
243.309828541
241.154174715
239.083820031
237.095415424
235.180453704
233.331759453
231.547707783
229.815145889
228.137157704
226.492999301
224.885158215
223.301477353
221.737158213
220.185358591
218.636825438
217.088767028
215.527697227
213.959319635
212.368861934
210.753467806
209.111526458
207.434737161
205.723984099
203.972940772
202.180507450
200.348960768
198.474172712
196.561668130
194.609259047
192.617138973
190.588678117
381.091440651
384.172340219
387.045486517
389.695904467
392.118887049
394.320530330
396.290986103
398.026155631
399.523896471
400.788934092
401.817822357
402.609309139
403.166229687
403.491050910
403.575500975
403.429769019
403.053160337
402.451093671
401.622720861
400.576726396
399.306780598
397.831723815
396.140230521
394.253083120
392.167889603
389.890732219
387.427895958
384.797279980
381.988876342
379.021120109
375.899478606
372.635384307
369.239393070
365.719837085
362.086061701
358.352106688
354.517743522
350.611714742
346.634250689
342.597451882
338.515433953
334.402128696
330.258788450
326.106365711
321.957555135
317.815927615
313.693373711
309.599612863
305.548095779
301.545909716
297.599330619
293.722102566
289.915605488
286.185913550
282.539841137
278.991558852
275.529873360
272.170060761
268.911263436
265.753860313
262.705001424
259.758617842
256.919710735
254.184236128
251.554457273
249.025668143
246.599332698
244.266989687
242.026067055
239.870850086
237.802096645
235.810457020
233.892391306
232.039744903
230.245782218
228.508027356
226.814153214
225.167117536
223.546493292
221.954463945
220.379464752
218.816697620
217.259841407
215.699225490
214.132926007
212.547461968
210.948823805
209.322796744
207.666397305
205.978870533
204.251868761
202.486922928
200.678063102
198.824636752
196.928898820
194.987527376
193.006609554
190.983820035
188.919949433
186.818741319
368.078817421
370.927081373
373.580281915
376.023849405
378.254991763
380.279158927
382.088201407
383.678753993
385.048792571
386.203681683
387.140409662
387.858189473
388.359743796
388.648000157
388.714642609
388.570324351
388.213372851
387.649377490
386.877779187
385.906290507
384.728400328
383.362811292
381.797698575
380.052286003
378.124870639
376.020272772
373.743985858
371.313027106
368.717278037
365.973900778
363.087411078
360.068635829
356.927250957
353.670433891
350.306874468
346.849306802
343.296935501
339.677523168
335.990346541
332.247058880
328.460140633
324.642928508
320.795786641
316.939418624
313.084947614
309.235485704
305.402691301
301.595256942
297.825601509
294.100757819
290.426215308
286.815151598
283.268800843
279.792624281
276.393139345
273.083446880
269.852859477
266.716064724
263.672186690
260.721203504
257.869761522
255.112429865
252.452882442
249.888387958
247.420133358
245.043635879
242.760101564
240.561365506
238.445036098
236.404831671
234.441983476
232.547058700
230.716271389
228.941918264
227.217665864
225.540317947
223.898337255
222.294600164
220.709098415
219.143714730
217.587593424
216.035926378
214.482980647
212.918800916
211.342300363
209.740122534
208.118573168
206.464039636
204.773522811
203.047119210
201.276531453
199.463953835
197.603855838
195.696035792
193.742746664
191.741564603
189.699112455
187.612940479
185.484521945
183.317891406
354.532779076
357.123143257
359.532080910
361.745707859
363.762892708
365.588583350
367.216160444
368.643035073
369.867448115
370.895089597
371.723581609
372.352549102
372.784546402
373.023015800
373.059676609
372.905551258
372.558111866
372.023088736
371.300242373
370.396381794
369.304921355
368.044314290
366.602460545
364.996965755
363.226869873
361.295771099
359.208485791
356.981030695
354.603419215
352.091372579
349.448620946
346.685261588
343.810086428
340.829197735
337.750494680
334.585459232
331.332711941
328.018800891
324.642161340
321.213844867
317.744596543
314.247075193
310.720752357
307.185897577
303.651919408
300.121454071
296.605750546
293.112410944
289.652699643
286.233460259
282.859343387
279.542788405
276.284826407
273.090247172
269.965129667
266.921416251
263.948917621
261.061606233
258.258533668
255.539182679
252.909700843
250.365255524
247.908152536
245.536846093
243.251552632
241.047930828
238.926905916
236.880636513
234.906888150
232.998856325
231.158163560
229.375402749
227.646498038
225.964274719
224.322760948
222.718169459
221.139706568
219.590206812
218.050168850
216.521186168
214.993204110
213.461397527
211.920673281
210.360924814
208.781854259
207.170342905
205.533033748
203.856947667
202.139173719
200.380640794
198.573189062
196.719688998
194.815106434
192.859694454
190.855718079
188.801718782
186.704823156
184.562465269
182.376870178
180.152275995
340.741405935
343.054634365
345.200758368
347.166817770
348.953091557
350.564157649
351.994749545
353.243084562
354.307786897
355.194592658
355.901920104
356.429747352
356.780423008
356.957924120
356.954091446
356.780204159
356.433018601
355.918367407
355.236345981
354.392929620
353.381563989
352.220338091
350.897081450
349.427762522
347.812174357
346.052759904
344.153770924
342.130123988
339.972173442
337.694082359
335.298942549
332.796025211
330.193253895
327.495737605
324.710481126
321.847785915
318.905685082
315.909324141
312.856411273
309.757266561
306.620859750
303.459096280
300.270583998
297.074990028
293.879922045
290.687533735
287.508513373
284.349342834
281.220042289
278.127147327
275.074444146
272.073489245
269.125060933
266.233237855
263.403536376
260.646687216
257.952972109
255.335547763
252.793339818
250.325259794
247.936957312
245.624150911
243.387763785
241.227282912
239.142076355
237.127854026
235.185242169
233.306734083
231.490224541
229.728435714
228.023292179
226.365505089
224.750675301
223.172212591
221.624464024
220.103175765
218.598242742
217.112490258
215.626997565
214.143087097
212.651571209
211.147604407
209.626767840
208.078934159
206.504532069
204.890783639
203.244683138
201.553904525
199.815717229
198.031849966
196.194355742
194.306789423
192.364644846
190.368632694
188.321037532
186.221409239
184.077340933
181.886154554
179.650879412
177.375866316
326.949688382
328.972795454
330.843559635
332.550137143
334.093976794
335.479399829
336.702312938
337.761754318
338.656816417
339.393042338
339.969767362
340.387258880
340.647638629
340.755405941
340.702609772
340.500662109
340.145750704
339.643764283
338.995134110
338.205070804
337.267148731
336.198983156
334.988512661
333.650084108
332.184217153
330.592290246
328.878095194
327.055370755
325.114986509
323.069478952
320.921430853
318.679219385
316.349935523
313.937775703
311.448783254
308.892163783
306.265375436
303.592022978
300.869201628
298.106400196
295.310828821
292.493575771
289.652445692
286.806353695
283.961079134
281.118296202
278.288010275
275.475585947
272.689742039
269.936607023
267.219102534
264.547784742
261.923140439
259.348515316
256.828757481
254.373366283
251.973050947
249.640078540
247.373195775
245.170686825
243.037700085
240.970451315
238.968490935
237.032167300
235.160130869
233.348050696
231.596236768
229.897515077
228.249877905
226.645627023
225.086894273
223.564585930
222.073956057
220.609033621
219.164441897
217.735575582
216.312959128
214.899429916
213.476710882
212.045874372
210.598641465
209.130144424
207.636657335
206.108155574
204.545719539
202.937003334
201.289356173
199.591113680
197.839802572
196.037906365
194.177752177
192.263581093
190.291420479
188.262440190
186.178942121
184.041503621
181.858142238
179.626063884
177.349138738
175.031734984
313.377075392
315.103194591
316.691956785
318.132774620
319.428041367
320.581911142
321.591286305
322.456023282
323.175732537
323.755567769
324.195858578
324.497092304
324.661157685
324.693033637
324.585059640
324.348650877
323.979573205
323.483719801
322.861846100
322.118464066
321.247361655
320.265581927
319.161321852
317.947354325
316.624869739
315.194289417
313.659041576
312.031632982
310.303586497
308.485793208
306.580434245
304.594956791
302.535670918
300.405940238
298.210816273
295.958500895
293.645907643
291.295011050
288.902404583
286.476676659
284.023344863
281.552629174
279.061616276
276.568343687
274.076788037
271.588155865
269.111677435
266.651630610
264.215407582
261.808651115
259.433439326
257.099237216
254.806215135
252.556975852
250.355614261
248.210408120
246.112436633
244.073027739
242.090697422
240.163066282
238.294772160
236.482468733
234.724363977
233.021484929
231.371896229
229.771136176
228.219180165
226.709174133
225.239171111
223.801108652
222.397226079
221.018685861
219.660380504
218.316973056
216.983320296
215.654569929
214.321813078
212.987909432
211.635278106
210.264764193
208.869014912
207.443140619
205.984111358
204.482119611
202.938812807
201.342355780
199.700445667
198.002080087
196.245102814
194.432698100
192.557513945
190.624474435
188.630122111
186.576087721
184.464679076
182.297499519
180.082945724
177.818097948
175.507689506
173.156009807
300.176002687
301.603745075
302.909186119
304.083085332
305.128571835
306.049696435
306.844184573
307.512691259
308.055359430
308.476799457
308.778366058
308.960697219
309.025448676
308.978012220
308.811089012
308.535967599
308.148128850
307.653414587
307.052880596
306.350399889
305.540042199
304.638193107
303.633425804
302.537009535
301.350725695
300.074158939
298.710455319
297.270858348
295.747647816
294.150090103
292.480053313
290.744045707
288.947659997
287.093504863
285.185642241
283.231365144
281.227089127
279.193112479
277.125633752
275.032301895
272.917050319
270.789192476
268.645204833
266.502142401
264.362253751
262.226296950
260.102663199
257.994599702
255.908174031
253.848487200
251.816812661
249.821458749
247.862270520
245.941108066
244.061249494
242.229786690
240.438103154
238.696560626
237.003397237
235.355553301
233.757142228
232.205194356
230.696626029
229.232954652
227.811789123
226.428455484
225.082575137
223.767593858
222.481587384
221.216188145
219.973641530
218.745414439
217.526031996
216.310789187
215.094735872
213.872865954
212.636774295
211.389340617
210.113725918
208.810570059
207.473442253
206.097431868
204.680193952
203.212240666
201.695693227
200.119292162
198.491063023
196.800657243
195.046276415
193.231741489
191.350052638
189.406805768
187.399016823
185.328776512
183.198376047
181.010421707
178.773640241
176.484967547
174.150007840
171.772873543
287.472915219
288.606283590
289.632328173
290.543197795
291.342566005
292.034420397
292.617143871
293.092154063
293.460109806
293.724961936
293.889082343
293.953188133
293.918709438
293.791363679
293.564272668
293.248473133
292.839284672
292.342439142
291.759260919
291.093037294
290.338170311
289.510319847
288.598521470
287.612629751
286.554923492
285.424276133
284.223620290
282.962927315
281.635305479
280.248452476
278.803993327
277.307516328
275.763966946
274.175275601
272.544546337
270.878256164
269.172385394
267.445549598
265.693652705
263.923393064
262.137261569
260.343640083
258.538517146
256.737883895
254.942375210
253.152326480
251.375252131
249.613444471
247.871672992
246.154462905
244.462335201
242.802399281
241.174182120
239.578808733
238.018698006
236.499813312
235.013771944
233.569962210
232.166302036
230.799053871
229.471790350
228.181854605
226.924940313
225.702868762
224.512915344
223.350126252
222.213746353
221.097497975
219.999440000
218.910962492
217.834215531
216.761007491
215.685498570
214.603599726
213.510516809
212.401171929
211.267601920
210.112693597
208.920390143
207.691147378
206.419433465
205.100318883
203.732120995
202.305761456
200.823737419
199.275417835
197.669124463
195.995150048
194.252075740
192.444289107
190.565159087
188.620936099
186.609047901
184.532043119
182.392163593
180.192978600
177.943492816
175.640472208
173.290387020
170.897074634
275.340949678
276.188411017
276.943360394
277.599336493
278.160385000
278.630447722
279.008409350
279.296400042
279.495551410
279.609073944
279.640312178
279.589992493
279.459329826
279.254266116
278.968386847
278.612361092
278.181452392
277.681223719
277.113228608
276.480213721
275.776945789
275.018307204
274.193851674
273.312118121
272.375780050
271.383125686
270.336926308
269.245892247
268.104000270
266.917461214
265.687710432
264.419454621
263.117065125
261.781865410
260.416056956
259.025386882
257.605473626
256.173274811
254.724491065
253.264882509
251.795660353
250.324261696
248.846317303
247.376693243
245.914556080
244.459847570
243.019191027
241.594013397
240.187832511
238.804583988
237.444097753
236.112262717
234.808311289
233.532645243
232.286802548
231.075693403
229.891096812
228.741439378
227.624282297
226.535231036
225.477300164
224.448082181
223.442134063
222.461400720
221.502938509
220.561462292
219.635816249
218.719975789
217.811944606
216.902936367
215.994907613
215.080036556
214.152128962
213.207684582
212.242033760
211.250096722
210.224294644
209.167497706
208.064468346
206.915497279
205.715912078
204.460766603
203.149009002
201.772045302
200.332647934
198.820854260
197.245238368
195.596717813
193.874255955
192.082732265
190.215886346
188.280599793
186.274632498
184.200988081
182.061815812
179.861592873
177.609547859
175.302244149
172.947001217
170.547285646
263.828934838
264.403223179
264.899547762
265.312799135
265.647241120
265.906766335
266.090616032
266.201569367
266.241166368
266.211825934
266.117790825
265.959729552
265.738653852
265.460620235
265.119705335
264.726107263
264.275120280
263.772080666
263.218728354
262.617308257
261.962966237
261.269774780
260.527834593
259.744475843
258.922661758
258.060218702
257.159796012
256.228871171
255.262305147
254.264923939
253.238012735
252.185453609
251.111116696
250.015786824
248.900836850
247.771362862
246.622703170
245.470209407
244.309461205
243.145312260
241.977871351
240.813628769
239.647990971
238.494656361
237.351492440
236.218078804
235.100152745
233.998375886
232.915076441
231.853605539
230.813169323
229.798432782
228.808372999
227.842683356
226.902019032
225.990325695
225.099475242
224.236959801
223.399955104
222.583447990
221.789879594
221.017029530
220.258420614
219.515953026
218.786568153
218.064619045
217.348524093
216.632492655
215.914437679
215.185467153
214.447252276
213.692364204
212.914273892
212.110035398
211.275078901
210.404383908
209.490704606
208.536862514
207.528476387
206.465688449
205.344634606
204.160355270
202.912391072
201.592693292
200.204209185
198.737674588
197.201859017
195.588288055
193.896291484
192.131163130
190.287001877
188.371290084
186.382025774
184.322661994
182.195203121
180.004965085
177.761342669
175.460658192
173.111050523
170.715522298
252.956118787
253.273243413
253.526607467
253.712385164
253.834923679
253.898048755
253.901225286
253.847809888
253.739673456
253.578418162
253.369088913
253.112235337
252.808679846
252.464481285
252.074220709
251.647539234
251.179829525
250.676147794
250.138377280
249.568294162
248.961423924
248.331014195
247.667719374
246.977769777
246.264317672
245.524843605
244.761901488
243.981780138
243.180217536
242.360769529
241.524599033
240.674832891
239.814909037
238.945136789
238.066147026
237.182452264
236.289197362
235.400197616
234.510983315
233.625548098
232.743079129
231.869126235
230.999002371
230.145210910
229.304502931
228.476126748
227.664954346
226.870985992
226.095432269
225.341081895
224.606584592
223.895393396
223.206282179
222.538251463
221.891088784
221.267874062
220.660507653
220.075587529
219.509883363
218.957816477
218.421243302
217.898070712
217.380903819
216.871445457
216.366614607
215.860395746
215.350755236
214.832123591
214.302292831
213.752340488
213.183569020
212.588963004
211.961686142
211.299308945
210.597345515
209.850886492
209.052976408
208.206348874
207.297518355
206.326492717
205.290156043
204.183539216
203.006734875
201.752284361
200.423212821
199.010974949
197.524468419
195.955810666
194.304665219
192.576661702
190.766235518
188.881432697
186.920384132
184.886984399
182.783032701
180.614602775
178.391195139
176.108847358
173.776475989
171.396530623
242.721352564
242.800287240
242.829232624
242.805554535
242.733568022
242.617003583
242.455430261
242.252705321
242.010945760
241.730934235
241.418406883
241.073741060
240.697586376
240.295894188
239.863751377
239.410174591
238.930706631
238.430076434
237.910269542
237.372623451
236.813030991
236.243919378
235.656484534
235.055966687
234.445613495
233.822668000
233.189605215
232.551582019
231.905187738
231.252831347
230.595571468
229.935858124
229.276760212
228.618168986
227.960067709
227.306441159
226.652327874
226.010089028
225.375266168
224.751047752
224.135877311
223.534376585
222.941888034
222.369704738
221.813649216
221.272666374
220.750794635
220.247475892
219.762880547
219.299268784
218.854798805
218.431734580
218.028708755
217.644042414
217.276685515
216.928954735
216.592721424
216.273738633
215.968356591
215.670496337
215.381423486
215.099114072
214.815384051
214.531604171
214.244751795
213.948458000
213.640212896
213.314663231
212.969456155
212.595718282
212.194311839
211.758654324
211.281639489
210.761315534
210.193275205
209.572766116
208.893091708
208.156855557
207.351511580
206.476947495
205.530731881
204.507893951
203.409039222
202.227331382
200.965784734
199.616588650
198.188693975
196.674799341
195.074857070
193.394757601
191.629241829
189.786879183
187.865822834
185.870399907
183.802140204
181.667785941
179.476881511
177.225134399
174.922184882
172.569848540
233.101116299
232.962732828
232.787639046
232.574283746
232.326854139
232.048951354
231.740144373
231.404712046
231.044931313
230.660781025
230.258568671
229.838455138
229.400935507
228.951749297
228.486479676
228.013470627
227.528449937
227.035779253
226.537508136
226.034561508
225.523176884
225.014979626
224.501680278
223.987634531
223.476101178
222.964182191
222.454280410
221.950485788
221.450198014
220.954803394
220.465266028
219.983441261
219.512082978
219.050715537
218.598771101
218.159749913
217.728668087
217.316521491
216.918911319
216.538281123
216.172499438
215.825276800
215.492096896
215.183036902
214.893177941
214.621185122
214.370303075
214.139514711
213.928029681
213.737624162
213.566024234
213.414337769
213.281126128
213.164042818
213.061242691
212.974384555
212.895261184
212.828838329
212.771041204
212.715366720
212.662491605
212.610405277
212.550274851
212.483024443
212.405759112
212.311796255
212.198127521
212.059621364
211.893764268
211.691815874
211.454140348
211.174609633
210.845893079
210.466480208
210.032048601
209.538043381
208.978008034
208.354372290
207.655578725
206.881408389
206.030050543
205.096542780
204.081969297
202.980133914
201.793961813
200.516388148
199.156335649
197.707079187
196.168803714
194.547589394
192.838445385
191.050419014
189.181572972
187.236655490
185.216859829
183.129500174
180.984100272
178.775991548
176.515471749
174.203650066
224.074371260
223.741254945
223.384124324
223.002392984
222.600043794
222.180514908
221.743286505
221.292981382
220.831956668
220.359418668
219.882124840
219.399987268
218.913368669
218.427703356
217.939053538
217.455063647
216.971669803
216.492835757
216.020642614
215.555628967
215.094346963
214.647654771
214.207740006
213.778176138
213.362160616
212.956740003
212.564244880
212.187770950
211.825474853
211.477843959
211.145750752
210.830538894
210.534693048
210.257414107
209.997678268
209.758532042
209.535046770
209.336942912
209.159918589
209.005732225
208.871830753
208.761033211
208.669060061
208.604773917
208.562692808
208.541218768
208.542845579
208.566188347
208.609571908
208.674338945
208.757833178
208.860045449
208.979538205
209.113304926
209.258756241
209.416995833
209.579696119
209.751096347
209.926697689
210.099655047
210.270066355
210.435880492
210.587763216
210.726099377
210.848178893
210.947066808
211.019238485
211.059799595
211.066070624
211.029530487
210.950005162
210.821845265
210.637552048
210.396024611
210.093045915
209.724296610
209.283556568
208.773041962
208.182240801
207.510844138
206.757602829
205.917580279
204.992314229
203.976256260
202.872180264
201.673778697
200.389863513
199.014290725
197.547416500
195.995448751
194.353625336
192.631424889
190.826710798
188.944639698
186.986003832
184.958588547
182.871831303
180.720645594
178.515906622
176.257958190
215.589771833
215.085427185
214.569137620
214.041157235
213.505206978
212.964528858
212.418440589
211.871833147
211.327071057
210.782630782
210.245598494
209.715615543
209.192935326
208.682604327
208.181138425
207.695473488
207.221765507
206.763556857
206.322931449
205.900066932
205.491792706
205.108244828
204.742042115
204.396070948
204.073406113
203.771110903
203.491437569
203.236563191
203.005337715
202.797468633
202.613733348
202.455044737
202.323653736
202.218473423
202.138115372
202.085190515
202.054895243
202.055762672
202.083613956
202.139579496
202.220821408
202.329287775
202.461015747
202.623659102
202.811339826
203.022206607
203.258047310
203.517190811
203.797148338
204.098884262
204.419399266
204.757611964
205.112158550
205.479377496
205.855992662
206.242650843
206.630871847
207.024231398
207.417814000
207.804519433
208.183886479
208.553771792
208.904494170
209.235828355
209.545295283
209.825789669
210.073258966
210.283072497
210.452389356
210.572997371
210.644162125
210.660741827
210.615135455
210.506626831
210.331139027
210.084625053
209.761113678
209.362573305
208.879602184
208.311820993
207.658491683
206.914727293
206.082506279
205.156925238
204.140562922
203.027881888
201.827501591
200.533875250
199.147465703
197.674556709
196.110576279
194.465385315
192.736547710
190.929614097
189.044915709
187.090605539
185.075968050
182.995462704
180.860449106
178.670461428
207.613887821
206.961939499
206.309410073
205.657271772
205.008946072
204.367453413
203.731893071
203.107355412
202.496153574
201.896087943
201.314460547
200.750633046
200.204778057
199.681486118
199.177698825
198.699653871
198.243731880
197.813041108
197.409646597
197.033392201
196.681344359
196.362973399
196.071279293
195.808551190
195.577692091
195.375843394
195.205168253
195.067004283
194.960823584
194.885666804
194.842208430
194.831007488
194.854106115
194.910158379
194.997495135
195.118298985
195.267950861
195.453878912
195.672042081
195.922994397
196.203728847
196.515343030
196.854251024
197.226905435
197.627182684
198.052978058
198.505416496
198.982609054
199.481315400
200.002176205
200.541875149
201.098305315
201.670243815
202.253374006
202.843791865
203.441777106
204.038671165
204.637446164
205.232781120
205.817407429
206.390331069
206.949265634
207.484337914
207.994662864
208.478025864
208.927248712
209.337745383
209.705183123
210.026574799
210.294105686
210.506478166
210.659089891
210.744312538
210.761797169
210.707655679
210.578149781
210.367586747
210.077661748
209.700155758
209.234643869
208.680860919
208.034002520
207.296490649
206.464056719
205.539063931
204.516762411
203.405504549
202.200369880
200.901867953
199.516320972
198.039314717
196.481045227
194.838693603
193.118189548
191.319356094
189.450612225
187.521025345
185.524577453
183.473007322
181.365017220
200.101979460
199.325971542
198.559989755
197.805605120
197.065919535
196.343713730
195.637827967
194.953488792
194.292913045
193.653286247
193.042021333
192.458202495
191.901953018
191.377353192
190.881739111
190.420676292
189.990769116
189.594686889
189.234459343
188.909626101
188.617446698
188.366790051
188.150984632
187.971805427
187.831946068
187.728674788
187.664052741
187.638656947
187.652505164
187.704077177
187.793932774
187.922347653
188.091171630
188.298820640
188.543421062
188.826724102
189.144344116
189.502679748
189.897833088
190.329825628
190.795576827
191.295353688
191.825987718
192.392740579
192.989374891
193.613523651
194.265688809
194.943819616
195.643976119
196.366529143
197.107857162
197.864876820
198.636566640
199.417950829
200.204557010
200.996377980
201.784558504
202.571524149
203.351563369
204.117323806
204.867314539
205.599055728
206.302638027
206.976487963
207.618678051
208.222067621
208.781541304
209.293106215
209.753655619
210.155859543
210.497875039
210.775675769
210.981690250
211.115927318
211.174751768
211.154771102
211.050617468
210.863699039
210.587058700
210.220256701
209.763476663
209.212039114
208.568828794
207.830194987
206.998288586
206.069169839
205.050857966
203.939100692
202.734399768
201.443093020
200.060899019
198.598302215
197.052036483
195.428393767
193.726655862
191.955407541
190.123436718
188.224238480
186.269812660
184.258029545
193.013326351
192.135964553
191.278445829
190.442827706
189.631889094
188.848161535
188.090201144
187.363314309
186.669591797
186.005670388
185.378979985
184.788339987
184.233858095
183.719064409
183.241655770
182.806565560
182.410616773
182.056042790
181.744826044
181.476233603
181.247672166
181.067479095
180.929257624
180.834344944
180.785197128
180.779247210
180.818438597
180.902666348
181.032412177
181.205693544
181.422939692
181.684206980
181.991160197
182.341990223
182.734686751
183.170557561
183.645487859
184.164913556
184.725076305
185.325500453
185.963106427
186.637349099
187.345498562
188.091636229
188.869522792
189.676510512
190.512513940
191.375362618
192.260457725
193.167950152
194.093910782
195.034329812
195.988436325
196.950588418
197.915801960
198.883850619
199.845671093
200.803192463
201.750329821
202.679726565
203.589436863
204.476738071
205.331835733
206.152458868
206.936977898
207.678408091
208.371117633
209.011499951
209.596365375
210.118950806
210.576905724
210.966818069
211.281265258
211.520611021
211.681549732
211.761072334
211.754197342
211.662045290
211.479003544
211.204654335
210.839622349
210.379404585
209.827384774
209.180508399
208.440743239
207.604987942
206.680875951
205.664878012
204.557444914
203.364924590
202.083155317
200.722866916
199.280307889
197.762115572
196.167018331
194.503673362
192.780532983
190.990616221
189.146056935
187.243922172
186.305104812
185.348065254
184.419864698
183.522943687
182.659768989
181.832623195
181.039766310
180.286536068
179.574881325
178.900960495
178.272137320
177.686988546
177.145642051
176.651051556
176.201240127
175.800559574
175.446044509
175.139501919
174.882859218
174.675145369
174.513867127
174.406903627
174.348080012
174.338365500
174.379959309
174.470486983
174.611757024
174.803059421
175.045255640
175.335991489
175.675547070
176.063815379
176.502276426
176.988902437
177.521604814
178.101229375
178.723957727
179.394321661
180.108690963
180.866119679
181.663583053
182.499742779
183.372308340
184.284193225
185.229248118
186.204516809
187.209357731
188.241509637
189.295744326
190.372038091
191.466137972
192.573159561
193.692617959
194.818196998
195.944453392
197.070997014
198.188551476
199.298591964
200.394679389
201.469526297
202.520779352
203.545425609
204.533929826
205.483333343
206.392304590
207.254136708
208.062705686
208.814839772
209.507312547
210.134003958
210.692112734
211.178880228
211.587131115
211.917587471
212.167361103
212.333864098
212.412576149
212.404343468
212.304981480
212.114136298
211.832881466
211.456951788
210.990280989
210.430384376
209.779101584
209.034201730
208.202895880
207.282442568
206.273211617
205.181572238
204.003482534
202.749877603
201.416511028
200.010348139
198.529574550
196.982834691
195.378196622
193.708237179
191.985089173
190.205076179
179.938553650
178.921933563
177.942327748
177.002466240
176.104526780
175.250551384
174.438504988
173.673714245
172.957983806
172.287064984
171.668184472
171.099705524
170.581812346
170.116868941
169.703188998
169.344600952
169.038343182
168.785810639
168.588870314
168.446350340
168.355809279
168.324741856
168.347144024
168.423680215
168.556279731
168.742778566
168.984832035
169.281198891
169.633033213
170.037692132
170.495284663
171.005588488
171.569890592
172.185944885
172.851633351
173.567314791
174.329481155
175.141809089
176.000777873
176.904989015
177.851506242
178.838216247
179.863249338
180.928364344
182.027572826
183.157573719
184.317195182
185.504100860
186.712451780
187.942088000
189.188403668
190.445692266
191.713775614
192.985654627
194.255473918
195.522721687
196.777909323
198.022092317
199.248498606
200.449974930
201.623812821
202.766664249
203.869388703
204.928367365
205.942557642
206.905652049
207.811071146
208.656127148
209.437612726
210.150118281
210.790468408
211.356596097
211.841678000
212.246803130
212.569598381
212.807934602
212.957839088
213.019912554
212.991478589
212.872295414
212.663909002
212.362360850
211.972199703
211.491481476
210.921995848
210.262418468
209.519518963
208.691415758
207.778383529
206.786839758
205.712877198
204.567599529
203.346287010
202.056214440
200.695061658
199.271384790
197.792828812
196.251587101
194.659652533
193.012696684
173.886526859
172.828629146
171.815099562
170.848874349
169.931875799
169.065921373
168.248693259
167.485471039
166.777925250
166.121471099
165.523139826
164.981115822
164.495676084
164.068594124
163.698438190
163.388577469
163.136446357
162.943046820
162.810182649
162.736520614
162.719623412
162.766675206
162.871794359
163.035397632
163.259138168
163.541071588
163.882681766
164.282267519
164.741187790
165.256586754
165.828378790
166.456266095
167.141330133
167.881100912
168.673471337
169.518284439
170.412346132
171.358519160
172.353368060
173.395051731
174.480738193
175.607558720
176.774027267
177.980764603
179.221994455
180.494027038
181.795182153
183.123052691
184.471197664
185.839352904
187.222519236
188.614223397
190.014597533
191.415953441
192.812065281
194.202327544
195.577047227
196.936884925
198.274758636
199.583705310
200.860716307
202.102068554
203.299138072
204.447690521
205.546953884
206.591135704
207.573250386
208.491139523
209.341677359
210.120220998
210.823312845
211.449611602
211.992752659
212.454201958
212.832203415
213.125122367
213.329624322
213.446107096
213.473472423
213.411641010
213.262666119
213.022969838
212.697787502
212.285682225
211.788491099
211.205830669
210.544027734
209.802134372
208.980330949
208.085123150
207.112766452
206.074499672
204.965181478
203.792377239
202.553323055
201.256424098
199.908875189
198.502571549
197.049227574
195.543986312
168.118778711
167.036084888
166.004307901
165.026516577
164.104417590
163.239624969
162.429558187
161.679419354
160.990763282
160.358737348
159.790130479
159.282985695
158.837707070
158.455487258
158.135113175
157.879560583
157.686453251
157.556421841
157.491204947
157.489349914
157.548376522
157.675229604
157.864104896
158.115223275
158.429959652
158.806591430
159.246413146
159.747331529
160.310822799
160.933887590
161.616220500
162.357480560
163.158526657
164.016655424
164.929802563
165.897265599
166.916156989
167.988560556
169.111097168
170.281486584
171.497000643
172.754037213
174.051439791
175.388711707
176.760322138
178.162143056
179.592004611
181.047423498
182.521358144
184.013465369
185.518303968
187.028693232
188.545062324
190.059033029
191.564046052
193.059417605
194.535266134
195.991874023
197.421875568
198.818546109
200.178634274
201.498009187
202.768672630
203.985835658
205.148972146
206.252912025
207.290327775
208.259631201
209.157847815
209.981146119
210.725893209
211.391502815
211.972177067
212.469769854
212.883246554
213.211499724
213.451926201
213.604776046
213.670585780
213.649490061
213.544092921
213.351273075
213.077027413
212.720388628
212.283352036
211.766505417
211.175747949
210.511135265
209.772768180
208.967289506
208.091156692
207.155711646
206.155470625
205.098267739
203.980982219
202.811815790
201.597498121
200.329735923
199.019829775
197.662545827
162.612121173
161.518982404
160.482527722
159.505895024
158.590619882
157.738138996
156.945636755
156.218212192
155.557330051
154.957935793
154.426540149
153.961083696
153.562130014
153.230310182
152.964594723
152.767631446
152.637229373
152.573670913
152.578628585
152.650573659
152.786937806
152.994493632
153.267474043
153.605950420
154.011020896
154.481180470
155.017517440
155.617610778
156.282967896
157.010509224
157.799683481
158.650131764
159.562470405
160.533750353
161.561974352
162.645864345
163.782823401
164.974185689
166.216595995
167.507333803
168.843759609
170.221563858
171.639849764
173.097030187
174.587836105
176.107647967
177.653823349
179.223788637
180.809898425
182.411748787
184.023402232
185.637034871
187.253342469
188.863263975
190.459939269
192.042609583
193.601229032
195.135710159
196.638434014
198.102953954
199.525833843
200.902512269
202.225709018
203.490156757
204.695545066
205.837420662
206.908192516
207.906875968
208.830720949
209.676739137
210.441239489
211.124411669
211.721130752
212.233646459
212.661747575
213.004880868
213.261263699
213.431063549
213.516487964
213.517935055
213.438606577
213.275912518
213.036680907
212.720372613
212.329258736
211.864919596
211.332856485
210.734188653
210.068963690
209.344014653
208.556048783
207.716479587
206.819582912
205.873438082
204.874673454
203.831247746
202.749423384
201.620848891
200.456285165
199.250296119
157.343052703
156.251945252
155.222543849
154.258000101
153.359724627
152.529004221
151.762820401
151.066147506
150.440389461
149.880350462
149.392237644
148.973926841
148.626169662
148.349062953
148.141725899
148.006541174
147.941500807
147.946562659
148.023331632
148.170247083
148.384609844
148.673081669
149.029896534
149.455018001
149.949271043
150.511358697
151.142147076
151.838948080
152.603216430
153.431849990
154.324024865
155.279382867
156.298276050
157.377494972
158.515126814
159.709289862
160.957653540
162.260827525
163.615445788
165.018343198
166.466941550
167.956254771
169.485562594
171.052221908
172.651227196
174.277413123
175.927680659
177.599346503
179.284156137
180.981657200
182.685359736
184.386867944
186.087098221
187.776324426
189.447416957
191.099535226
192.722502975
194.315866198
195.871788534
197.384135004
198.849342969
200.262411335
201.616853753
202.907015674
204.132770111
205.290460509
206.372325296
207.378009056
208.305062291
209.151358895
209.913274788
210.591787136
211.182546063
211.688201448
212.109460543
212.446345149
212.697973247
212.864502564
212.949823356
212.954642337
212.882804180
212.732319229
212.510904848
212.218404142
211.857480356
211.430714344
210.943249828
210.397313649
209.792933514
209.137184693
208.427075109
207.674057283
206.872283590
206.030051382
205.143858078
204.221389479
203.268450218
202.276775921
201.256474070
200.202095490
152.303513528
151.224968201
150.212437467
149.269039541
148.396105965
147.594801733
146.861941125
146.202355776
145.617420226
145.101852500
144.661540863
144.294331244
144.001187799
143.781707388
143.635124478
143.563614513
143.565353238
143.639997000
143.789081698
144.011058283
144.303058035
144.671685935
145.111146705
145.621332838
146.202801315
146.854449681
147.576907450
148.367275981
149.226877897
150.152639991
151.143439826
152.198932413
153.319183288
154.500707771
155.741687987
157.039614644
158.392392107
159.799928480
161.258810982
162.765424578
164.317214665
165.908556202
167.538810885
169.204323972
170.900342484
172.621102086
174.363064417
176.123413147
177.893280996
179.672173670
181.452995191
183.226856460
184.994834602
186.746569904
188.474694383
190.178270296
191.847036022
193.480170205
195.069662066
196.609716541
198.096702579
199.525186576
200.889533778
202.183807793
203.408032592
204.559411751
205.630120147
206.620448386
207.528323930
208.352490201
209.089518615
209.741175486
210.303980603
210.780983146
211.173893568
211.483321693
211.709352755
211.852211977
211.917456494
211.906139769
211.822788191
211.666072818
211.444641191
211.158668458
210.811318174
210.406162781
209.948036771
209.440297024
208.882988017
208.283472933
207.639110250
206.961356413
206.244364656
205.496619783
204.714614248
203.905739703
203.075361818
202.215457362
201.335381916
200.429867568
147.481030118
146.423878379
145.436364389
144.521533060
143.680680794
142.914877426
142.220807608
141.603145432
141.063267498
140.595853897
140.206468663
139.892958022
139.656519089
139.496287970
139.411583123
139.404423973
139.473174049
139.617209965
139.837996660
140.134039104
140.502265312
140.949269421
141.469202366
142.061918103
142.727711735
143.465658838
144.276140296
145.156099614
146.106652999
147.124803252
148.209104243
149.359232513
150.574945529
151.852469810
153.190087969
154.584645024
156.034243951
157.538114259
159.092760793
160.694115069
162.339602018
164.023002824
165.743659575
167.496961673
169.278388430
171.081528831
172.902425591
174.738105302
176.579090530
178.424848049
180.267628791
182.098139136
183.917546454
185.714904864
187.482643276
189.219705005
190.915801288
192.569740931
194.173390701
195.721321150
197.209889763
198.633256763
199.986679186
201.264056136
202.465532885
203.589218001
204.627342414
205.580849814
206.448118487
207.228756927
207.919659582
208.523371145
209.037365212
209.465081610
209.809303403
210.071231515
210.251965880
210.351876060
210.378138611
210.332182213
210.219240359
210.038691921
209.800130871
209.504009688
209.154082526
208.754884205
208.310990091
207.826883119
207.302657886
206.745999053
206.154658092
205.540056234
204.896468536
204.232531688
203.544856218
202.840523973
202.124487006
201.389115339
200.642932493
199.881038781
142.879916130
141.851290996
140.895271786
140.014797289
139.211168835
138.485385975
137.834041249
137.261639835
136.769589484
136.352574255
136.015836660
135.757248411
135.578254476
135.477573805
135.454579495
135.511178595
135.645929081
135.857947591
136.148625750
136.516562023
136.958453256
137.480919755
138.078039488
138.749656477
139.495809834
140.315735131
141.209554538
142.174101642
143.210219471
144.315028081
145.486734630
146.725041247
148.029378228
149.395671730
150.822305909
152.305469547
153.843424126
155.434745166
157.075820941
158.762129894
160.491028356
162.255757594
164.055534083
165.884860662
167.739421549
169.612119655
171.498603601
173.395721229
175.293396369
177.191057078
179.080265904
180.951422804
182.805707583
184.631653296
186.421526218
188.174125226
189.879204999
191.535203539
193.133925709
194.670331771
196.140822805
197.539199531
198.861631925
200.101982553
201.260491279
202.336198095
203.321517520
204.218043968
205.024674113
205.741866413
206.366958937
206.903251435
207.349241286
207.708741610
207.985658357
208.181775582
208.299232743
208.338616072
208.308642583
208.211132816
208.052035610
207.831469954
207.559963802
207.238189256
206.870558426
206.462518777
206.018434465
205.543883106
205.039036597
204.511919269
203.960708014
203.396746254
202.814540528
202.222841378
201.618490321
201.008248410
200.396683606
199.776703420
199.155938896
198.530029724
138.497204301
137.502886245
136.583519046
135.741907906
134.979394977
134.296931210
133.691053911
133.166090457
132.723506087
132.358022994
132.074573253
131.871072148
131.749223375
131.707373927
131.744925321
131.863707001
132.062480776
132.340120206
132.697940893
133.134670545
133.646753327
134.240862765
134.910990804
135.656995644
136.478665938
137.375378104
138.346987801
139.390262248
140.505712177
141.690610701
142.942797934
144.262002859
145.647311527
147.094342345
148.601578049
150.164549133
151.781633489
153.450779958
155.168228822
156.929011305
158.730365731
160.565055826
162.432066117
164.325095508
166.240001189
168.168971897
170.107292229
172.051613589
173.991284448
175.925692877
177.845691679
179.741482031
181.614174134
183.451862168
185.246697912
186.997308115
188.693572991
190.333561544
191.909085505
193.415518519
194.849356518
196.204108019
197.476858150
198.661566622
199.758546881
200.767776438
201.681985822
202.503407636
203.231514746
203.867591282
204.409527305
204.861341553
205.222607978
205.497486475
205.691034292
205.805599313
205.844359599
205.808183322
205.707217850
205.543679872
205.324222362
205.049718759
204.731589745
204.370667274
203.972061709
203.542062657
203.084866723
202.607087514
202.108990762
201.598942809
201.075564238
200.550075419
200.017306524
199.486081564
198.953568962
198.426201192
197.908193454
197.393118551
196.887676490
196.388191302
134.351605909
133.395992973
132.517074738
131.717501446
130.998686799
130.361551388
129.802611910
129.326012458
128.933297613
128.619254507
128.388522846
128.239072515
128.172872109
128.187942127
128.283689681
128.461891865
128.721525612
129.061235032
129.482256715
129.983477697
130.561075105
131.221792596
131.959528040
132.774173911
133.665272515
134.632322108
135.674906239
136.789763841
137.977023582
139.234142450
140.558575717
141.950078756
143.407380288
144.925788094
146.503878193
148.136530321
149.822197230
151.558233094
153.340703085
155.164205034
157.025812751
158.917883881
160.839069118
162.782360972
164.743757116
166.714719358
168.690205808
170.666661127
172.632898219
174.588264547
176.522901325
178.426928462
180.301305768
182.133788846
183.916474214
185.647789539
187.317834762
188.924317863
190.459134825
191.918097544
193.297845452
194.591681607
195.797590846
196.909767344
197.928582786
198.854939478
199.682016089
200.412661157
201.046968881
201.587015943
202.031335464
202.384616555
202.647541630
202.824580833
202.921946275
202.942517594
202.890483270
202.767045990
202.583644807
202.342882916
202.052082431
201.712868025
201.337479897
200.926849652
200.486794540
200.024357322
199.543601666
199.052092038
198.550191520
198.046592282
197.540361059
197.042547774
196.548373944
196.066695252
195.595080249
195.139626636
194.704226110
194.283222656
193.882366166
193.498777330
130.455681231
129.541977675
128.706140940
127.950649733
127.277014945
126.686141066
126.174556267
125.746218043
125.402768074
125.139077294
124.959517347
124.862115984
124.849108698
124.918233955
125.068884631
125.302801206
125.619188307
126.016470674
126.495802216
127.056253034
127.693725775
128.415040662
129.213998401
130.090541254
131.043967888
132.073879582
133.179584122
134.357824898
135.608308801
136.928700899
138.316058023
139.770160380
141.289369825
142.868686637
144.506772919
146.197875116
147.940481102
149.731387897
151.566463763
153.439896238
155.348553349
157.284466058
159.245857965
161.225126488
163.218378928
165.216354914
167.213730936
169.206743936
171.183728187
173.143991751
175.076983378
176.972867125
178.832375897
180.643043871
182.396981075
184.092392028
185.719699990
187.276266475
188.754155256
190.149641989
191.459553097
192.677090231
193.801104423
194.826159228
195.752674945
196.582447045
197.309227737
197.936450240
198.464857596
198.897278505
199.232958244
199.477194741
199.631788066
199.701472202
199.693591502
199.611513113
199.460380148
199.241767713
198.968243569
198.642774129
198.273293458
197.862155814
197.422319999
196.954758080
196.465972831
195.963655844
195.451762819
194.938703018
194.424926430
193.919419406
193.421681759
192.942546185
192.477666888
192.035891149
191.615236214
191.221460586
190.858158977
190.520526900
190.213365331
189.934667830
126.833689527
125.964146208
125.173088342
124.462811118
123.834943342
123.290384473
122.825702513
122.444667997
122.149032841
121.933763663
121.802993157
121.754803033
121.791694447
121.911165474
122.112578394
122.397643750
122.765807324
123.215280158
123.747130264
124.360627112
125.051398501
125.826337544
126.679149110
127.609836698
128.617455617
129.701693223
130.861579559
132.093889689
133.397879305
134.771440629
136.211222027
137.717027422
139.286846631
140.915382313
142.601374646
144.338464812
146.125139987
147.957684242
149.831753739
151.741159275
153.682530460
155.647658318
157.634258866
159.634259306
161.643850070
163.653073364
165.656377065
167.649800316
169.621274474
171.570072993
173.484994375
175.356377797
177.184662497
178.957290742
180.666467213
182.310153253
183.879205136
185.370660692
186.776839040
188.094505410
189.320711195
190.448673180
191.478058458
192.403927908
193.226745296
193.949149841
194.565580176
195.080013737
195.493850199
195.810622464
196.030330909
196.158808977
196.198959069
196.155722324
196.037526749
195.848170625
195.593669248
195.275991599
194.908650901
194.494941463
194.043329847
193.556861595
193.049087817
192.520966278
191.979633486
191.433315206
190.885873798
190.346440425
189.815528054
189.302372366
188.806878531
188.339617171
187.896690493
187.486899211
187.108732615
186.767607330
186.466842919
186.202539713
185.978568330
185.793833962
123.518152847
122.693985600
121.948396140
121.283488385
120.701024890
120.201907566
119.782768433
119.447192771
119.197051644
119.027411545
118.942199140
118.939538892
119.022193410
119.187457298
119.434649426
119.765447967
120.179552877
120.674962856
121.252656644
121.912111018
122.648684659
123.469330600
124.367662094
125.343750788
126.396406803
127.525387797
128.729445406
130.005407725
131.352060151
132.767535092
134.248066762
135.793482306
137.401398859
139.066237811
140.786810041
142.556188946
144.372830888
146.232558082
148.130806771
150.061055379
152.019673536
153.998305218
155.994094721
157.998635433
160.008181101
162.012122836
164.004740465
165.981897905
167.931218237
169.851949466
171.732305573
173.562935857
175.343931130
177.062782209
178.711879367
180.288926980
181.785327226
183.197825707
184.519085184
185.746386160
186.877036561
187.904392695
188.828872408
189.646149682
190.356729968
190.964030977
191.463272153
191.858926451
192.153035722
192.349783037
192.449937741
192.459785886
192.383290617
192.225535172
191.995957098
191.698718437
191.340600111
190.923968624
190.463086293
189.961527992
189.428194451
188.866769774
188.291251811
187.702533785
187.108308670
186.517216143
185.933029745
185.365469812
184.815076280
184.291279959
183.794351600
183.334559791
182.908445415
182.524729101
182.182371527
181.886448310
181.640020326
181.440120048
181.289721719
181.188646274
120.544825908
119.766211833
119.065773463
118.445419179
117.907057220
117.451596642
117.075753331
116.782930843
116.575125095
116.447499633
116.403811212
116.442209042
116.565711425
116.771441174
117.058663908
117.429015473
117.882462647
118.416788980
119.032880820
119.730422548
120.504515158
121.362150171
122.296856995
123.308778220
124.396474715
125.559761328
126.797111927
128.105423885
129.483003750
130.928232054
132.436927612
134.008942732
135.641525519
137.328840017
139.069761731
140.856842858
142.688486203
144.560109995
146.466930960
148.402150085
150.361868349
152.337678731
154.326109003
156.318563917
158.311348502
160.293269389
162.258505441
164.202779121
166.113516243
167.989952947
169.819805041
171.594165476
173.312736071
174.963200291
176.538231627
178.035268979
179.446369836
180.768025974
181.993327087
183.120090948
184.145904910
185.064389305
185.876632270
186.579018122
187.172092679
187.659971388
188.038724490
188.313263458
188.486234117
188.562409098
188.543310414
188.435584746
188.244190077
187.974278750
187.636200866
187.234406755
186.776316292
186.264679980
185.714306701
185.128996567
184.517971775
183.885491136
183.245842100
182.599810756
181.955549685
181.321992778
180.702821917
180.108211092
179.538683314
179.003805694
178.504167455
178.049702372
177.637361484
177.275757952
176.964304071
176.707739648
176.508879249
176.365691841
176.280302297
176.253421773
117.954851703
117.221225008
116.564894929
115.987572799
115.491321594
115.077059506
114.741601537
114.488174602
114.318902527
114.229036576
114.222201330
114.296547132
114.455341307
114.695559943
115.016408727
115.419464512
115.904972430
116.470493817
117.116820378
117.843836158
118.646400908
119.531516300
120.492637607
121.529977680
122.641841876
123.828091977
125.086926249
126.415322394
127.811109427
129.272919692
130.796160365
132.380713461
134.023466946
135.718358482
137.464325368
139.253453458
141.084077932
142.951278702
144.850062311
146.773418045
148.717184638
150.673002885
152.636761211
154.599828307
156.558558191
158.501261239
160.422088537
162.316668180
164.172354872
165.988392892
167.752106662
169.455163735
171.096853314
172.665196784
174.153254590
175.558198496
176.872845431
178.093479107
179.213692977
180.231860137
181.145862610
181.949704283
182.645052190
183.229076403
183.702361213
184.069627317
184.327837895
184.482279419
184.536139965
184.494715204
184.360233852
184.139604566
183.838690377
183.462633738
183.022580009
182.523184155
181.972362853
181.373220253
180.740907831
180.079388611
179.398082259
178.701749367
178.004803522
177.307888230
176.619503159
175.948760647
175.299241405
174.681438617
174.095808229
173.551993640
173.050849654
172.601949801
172.202610818
171.861316811
171.577896240
171.356762261
171.200490866
171.107971111
171.080535324
171.119734154
115.792435831
115.102284748
114.488106161
113.951415416
113.494436731
113.118098078
112.819324694
112.601172844
112.465896156
112.408818356
112.433471155
112.537977221
112.725846900
112.993927855
113.341362071
113.769645343
114.279312174
114.867690658
115.535476656
116.282739168
117.104117345
118.006588909
118.983547148
120.035271349
121.159803445
122.357045350
123.624922613
124.960500612
126.361141375
127.825728818
129.349266876
130.931675402
132.569495220
134.256475457
135.991615096
137.766595251
139.579678409
141.425677490
143.299406177
145.193716442
147.104205217
149.022658766
150.944325352
152.860691653
154.768167291
156.654671802
158.514404284
160.342955014
162.127743703
163.868046408
165.550917168
167.168720452
168.720324590
170.194228457
171.583982102
172.886494503
174.095433619
175.206925117
176.215131024
177.118990664
177.916686578
178.602714512
179.179218742
179.644206062
179.998294446
180.246708157
180.387315800
180.425710695
180.365540149
180.212552744
179.969611390
179.643785025
179.241733024
178.768506039
178.235913587
177.648728766
177.015213481
176.338782993
175.634734284
174.907128534
174.165454766
173.414899168
172.669839751
171.930751674
171.206361867
170.505854997
169.832697861
169.197576863
168.600829054
168.052117497
167.552508912
167.111200540
166.725821097
166.404711325
166.148069477
165.959997724
165.842837087
165.796366073
165.821187304
165.919623233
114.111631267
113.462526231
112.887644511
112.388308376
111.966908612
111.624382342
111.357772096
111.169970277
111.063361828
111.033322621
111.083331227
111.211450212
111.421428200
111.709995754
112.076230130
112.521520094
113.046699849
113.648850017
114.328570764
115.086095595
115.915867160
116.824801082
117.806243188
118.860533165
119.985440155
121.180903723
122.444581142
123.773629836
125.164963762
126.617716013
128.126500941
129.691288720
131.308290470
132.971111699
134.678817451
136.422751695
138.201108571
140.008511938
141.839608606
143.687195115
145.546662521
147.410038150
149.271951758
151.124162546
152.963151538
154.776568720
156.558739256
158.305281455
160.003823041
161.653700272
163.241829420
164.761383714
166.210818556
167.579240424
168.860789048
170.052120543
171.147831195
172.143941745
173.035233970
173.821216092
174.500368658
175.067771068
175.525937317
175.873734922
176.111806540
176.245772644
176.274388734
176.203483168
176.037060878
175.781248609
175.439447564
175.018783307
174.526586700
173.967732983
173.354553109
172.691850141
171.988074396
171.246898477
170.483577494
169.702204542
168.912208962
168.119124334
167.337137325
166.566536947
165.816154089
165.095150737
164.406864787
163.762059631
163.160902039
162.613023300
162.119649300
161.689592695
161.320735380
161.021265834
160.791699646
160.635848326
160.555818178
160.552235135
160.625038277
160.777242771
112.962685205
112.351374805
111.812135526
111.346100531
110.955832364
110.642275835
110.402594943
110.239524963
110.155584987
110.146178655
110.214771724
110.359331329
110.583843070
110.884924884
111.261591571
111.715096935
112.246585665
112.852874154
113.534469950
114.291746454
115.118977741
116.022977250
116.997061080
118.041622223
119.154148256
120.334618961
121.580430046
122.888834133
124.256324421
125.682279948
127.160944844
128.692357234
130.272420869
131.894648627
133.558181422
135.254097454
136.980536847
138.732016856
140.503050481
142.286466333
144.077498697
145.868505845
147.653541046
149.424785308
151.178813814
152.903138304
154.592285768
156.241973333
157.840178885
159.386328942
160.867337938
162.277283390
163.614227865
164.867999202
166.033416392
167.106895777
168.084018351
168.960752044
169.732530813
170.399423260
170.960194893
171.410579580
171.753348216
171.988225659
172.115864566
172.142170595
172.066738368
171.895558259
171.632876229
171.285120782
170.856117533
170.352947594
169.783478493
169.152328144
168.472203237
167.747851167
166.987755813
166.195787910
165.386990071
164.565424025
163.740336746
162.917533789
162.110868592
161.320435401
160.555050065
159.823771650
159.129795525
158.483860804
157.885917031
157.345520416
156.864008379
156.449809447
156.100999822
155.825613398
155.624428718
155.500992872
155.457175435
155.494401652
155.612013587
155.813635607
112.400666058
111.823031621
111.314917583
110.877273184
110.512838820
110.222566114
110.003742586
109.858953387
109.790857383
109.794858484
109.874451315
110.027470791
110.258142468
110.562970455
110.940913454
111.393061403
111.920881759
112.520909044
113.193564365
113.939334235
114.752356200
115.639300429
116.593475469
117.615320824
118.702034226
119.853644673
121.067295627
122.340338200
123.668879631
125.052542131
126.485225004
127.967057262
129.493662063
131.058516883
132.660852925
134.291557851
135.948740379
137.626897681
139.320448582
141.022344339
142.727723100
144.429357223
146.120783847
147.794746842
149.447944149
151.067886906
152.649376309
154.188301006
155.673127457
157.103402858
158.466175474
159.756504967
160.972091928
162.103580966
163.146548037
164.097185347
164.952093968
165.707239819
166.358723236
166.907154307
167.351562735
167.688385039
167.920536898
168.048571882
168.073133035
168.000301186
167.830437533
167.569622147
167.222216739
166.794874955
166.291720950
165.719695211
165.087062123
164.398104715
163.665759783
162.894638250
162.093108829
161.265178263
160.425523465
159.578116090
158.731905946
157.892899759
157.074490351
156.276576309
155.507845142
154.777187319
154.087643277
153.449840168
152.863468183
152.337973557
151.874761907
151.481883740
151.157553560
150.909651860
150.739166086
150.649408742
150.642007934
150.719136385
150.879603154
151.127557259
112.484335176
111.935496145
111.453229358
111.038306025
110.693652672
110.420227918
110.215443991
110.081743225
110.021933957
110.031391420
110.113682061
110.266471660
110.494234662
110.793355454
111.162747088
111.603308109
112.116843876
112.699588850
113.351888442
114.074315134
114.860906364
115.718148605
116.639370359
117.625052104
118.672095433
119.780594404
120.947452716
122.170124721
123.444373016
124.770062352
126.140777756
127.556767714
129.013405570
130.504195266
132.028478130
133.577026944
135.147949399
136.735811154
138.334980526
139.938622229
141.541847823
143.137916863
144.719924711
146.281307359
147.818916492
149.320400666
150.780900418
152.196547264
153.556423735
154.860226161
156.095265157
157.257639790
158.344725977
159.348059060
160.264032160
161.088630053
161.819486238
162.452610867
162.984766047
163.417073265
163.748798088
163.977104710
164.104944020
164.133647517
164.063824380
163.901625233
163.648083933
163.309302461
162.889628815
162.395867725
161.832310599
161.205669136
160.524465746
159.792578037
159.023033473
158.220233953
157.392294833
156.543298491
155.687423500
154.828499331
153.975076513
153.133298828
152.315989937
151.522857942
150.762359744
150.043165952
149.368152809
148.747762661
148.181391152
147.678347777
147.240069641
146.874240320
146.579161556
146.362564997
146.225595689
146.171364992
146.201252131
146.318125680
146.520320854
146.812430368
113.276308171
112.750441445
112.287782593
111.888932655
111.557016332
111.293001981
111.094429404
110.963606002
110.903505913
110.909446771
110.985113355
111.127966619
111.342746993
111.625710025
111.975740039
112.393519364
112.881211216
113.434733540
114.054372789
114.740762030
115.487881098
116.301994190
117.176484747
118.111871477
119.104756765
120.155323879
121.260253051
122.417110023
123.621360315
124.873113446
126.165676831
127.499452478
128.869598529
130.269711318
131.699266499
133.148997676
134.617047510
136.098138850
137.586636035
139.076005363
140.561406680
142.036648103
143.494467830
144.929107180
146.337602708
147.707873461
149.035454922
150.316786888
151.541680112
152.710004452
153.809448688
154.837186584
155.790309622
156.661293980
157.447390982
158.144393681
158.750957559
159.263177145
159.678453305
159.998378862
160.222420568
160.348473521
160.379419660
160.317299872
160.162661242
159.921626970
159.595794472
159.191225798
158.712127901
158.165386579
157.555330072
156.888363153
156.173134050
155.413052680
154.621108601
153.801431601
152.961759083
152.106193834
151.248303872
150.391732255
149.544541949
148.712957577
147.909143840
147.132628526
146.391547110
145.694312487
145.043630330
144.449698397
143.911589055
143.438455811
143.031735719
142.698759204
142.437869691
142.256655779
142.156372288
142.139963567
142.208550240
142.365645601
142.609163097
142.944063283
114.837409589
114.327755272
113.877499260
113.487081586
113.159841912
112.896764246
112.695521438
112.558294702
112.488247775
112.480613406
112.539244998
112.661365570
112.852007653
113.107287055
113.426083357
113.808841935
114.258109888
114.769475159
115.343188658
115.979922326
116.673647788
117.430371063
118.243574416
119.113815811
120.037399691
121.014631352
122.041988844
123.117161733
124.235371845
125.396979885
126.595058392
127.830202393
129.097392732
130.390388262
131.708826641
133.043477419
134.392558439
135.751037899
137.113323643
138.473267286
139.826154947
141.166391902
142.486450062
143.781472531
145.048709069
146.276473735
147.460741646
148.598317776
149.679834865
150.705354774
151.663044590
152.551165854
153.366565201
154.102686707
154.757659445
155.327098684
155.810649104
156.204522878
156.506719602
156.719253996
156.841753846
156.872827634
156.815192080
156.671514383
156.442248386
156.133401358
155.747015468
155.289057709
154.763471673
154.177159961
153.534361763
152.841107870
152.106049108
151.332074999
150.532020710
149.709691660
148.872337621
148.024033078
147.177642367
146.336586659
145.508366732
144.699240486
143.920641773
143.171931518
142.460845108
141.795511617
141.178462754
140.619603263
140.117660187
139.681617896
139.312887479
139.018460634
138.796683161
138.655007421
138.594753489
138.618733810
138.727797829
138.926055522
139.211042725
139.588019209
117.232111112
116.730944802
116.284870883
115.894180904
115.562453342
115.290699036
115.076735038
114.922627686
114.831764179
114.799269449
114.829221913
114.918578568
115.072701444
115.287556058
115.562050988
115.896380288
116.293508605
116.748685747
117.262159149
117.834622894
118.460099412
119.144302994
119.880870226
120.670403984
121.508916942
122.396878765
123.330591494
124.307886310
125.323799475
126.378953404
127.466233770
128.586472182
129.734512553
130.904347906
132.095807979
133.299769765
134.514567883
135.735500284
136.957064113
138.173571969
139.380512457
140.572921446
141.743096582
142.887158302
144.002592253
145.078217634
146.110480533
147.096595232
148.028088502
148.905224087
149.716727703
150.461939311
151.137496320
151.737814267
152.261898070
152.705195824
153.068289046
153.347532766
153.541471133
153.652484338
153.680317461
153.624258555
153.486772871
153.271062609
152.977456147
152.611768992
152.176365140
151.677071563
151.117456618
150.504383232
149.841886205
149.135568115
148.393973070
147.619428195
146.824514232
146.012671155
145.190568250
144.362212650
143.539690377
142.726173915
141.928541778
141.153046315
140.410335846
139.699619685
139.028166634
138.403805328
137.828892774
137.313001344
136.854496166
136.462183857
136.137427562
135.886893343
135.708895362
135.610755684
135.593817972
135.660796493
135.812253339
136.052849996
136.379779305
136.798538478
120.524357979
120.022795249
119.571463112
119.170521712
118.823819714
118.532412456
118.294279707
118.111387159
117.987390348
117.917289421
117.905451451
117.948544989
118.052310948
118.212555703
118.428261115
118.699362583
119.029284504
119.412936478
119.850603490
120.342990805
120.884241052
121.479745010
122.123361568
122.815748344
123.552637847
124.334715531
125.158138211
126.020901573
126.917918237
127.850086537
128.810158161
129.799247440
130.812102766
131.843024400
132.892063846
133.950273828
135.016145867
136.085387672
137.152627897
138.212706265
139.261386414
140.294353207
141.303819599
142.286938688
143.241447491
144.156764758
145.029825726
145.858284922
146.634612952
147.359277364
148.021622751
148.622038595
149.156983360
149.621828211
150.016431370
150.336082271
150.582230662
150.751393268
150.842593920
150.858517698
150.798981161
150.663906389
150.455432361
150.177201070
149.829383804
149.417541621
148.944238706
148.415126712
147.833299350
147.205532008
146.535552129
145.828491706
145.092694156
144.329891797
143.552326252
142.763042531
141.968051067
141.171262683
140.383924558
139.608941951
138.852523252
138.120883684
137.423845437
136.760480954
136.137536094
135.562529221
135.037643131
134.572084282
134.163843675
133.821543369
133.546479283
133.345001433
133.215362591
133.164758111
133.194515772
133.307282268
133.503312678
133.787777551
134.157551317
134.618313303
124.774591969
124.262602104
123.795348687
123.372884283
122.999369559
122.675930621
122.400739599
122.175680782
122.004736574
121.882774548
121.814523714
121.796350467
121.834437627
121.924427861
122.065433964
122.257134596
122.503465574
122.799003135
123.144121067
123.539531938
123.979580150
124.469302907
125.002863275
125.580988314
126.199147677
126.858302357
127.554499519
128.285927053
129.047438361
129.840224734
130.656959585
131.499087553
132.361301597
133.238281229
134.130327072
135.028729245
135.932172207
136.836844996
137.737543966
138.629689084
139.509383316
140.372961398
141.212634141
142.026619674
142.812911371
143.561601454
144.270118244
144.936569779
145.554396642
146.124261431
146.636165585
147.091499453
147.486564612
147.817652636
148.085433161
148.285041196
148.418712470
148.483136719
148.477744307
148.405461965
148.266131029
148.060253278
147.789578956
147.458095339
147.065786810
146.617911304
146.117117340
145.568857059
144.975665160
144.344191948
143.677769750
142.981030991
142.262040930
141.521916033
140.772491435
140.016398616
139.258926745
138.503872785
137.761598198
137.034730782
136.328772980
135.649879222
135.007017494
134.399137678
133.832416035
133.314056247
132.846068385
132.437263871
132.085250899
131.798461236
131.578105817
131.430223817
131.352979999
131.353444438
131.432889842
131.593922799
131.836467736
132.166163696
132.579581867
133.082533799
130.040879411
129.506877249
129.011411839
128.554461341
128.140550941
127.770914440
127.443958343
127.161510843
126.927953830
126.738025615
126.596899801
126.500637103
126.455938038
126.458281801
126.506983901
126.601477177
126.746268781
126.935617685
127.170047055
127.450278723
127.770952980
128.136722540
128.542150003
128.988049746
129.469650251
129.988254563
130.539838837
131.122814451
131.732040514
132.369018751
133.026402764
133.706012888
134.402524762
135.111066765
135.832210989
136.557540383
137.285961919
138.014208701
138.737274278
139.451198655
140.152479208
140.838085641
141.500301042
142.138420114
142.750687591
143.327924800
143.868044372
144.369605892
144.827025310
145.241143211
145.602636507
145.913833351
146.170893175
146.370979147
146.515514800
146.599483058
146.625814481
146.591378408
146.495934371
146.342588157
146.131159442
145.862671852
145.538436594
145.162695419
144.735218684
144.260926113
143.742442719
143.185006719
142.590524115
141.965491133
141.312771924
140.636480926
139.944343308
139.236846443
138.525366073
137.812110460
137.101596726
136.397500505
135.709258572
135.039217354
134.392145257
133.774117717
133.193228774
132.648316939
132.144948697
131.690010321
131.285340449
130.939326362
130.649187006
130.423155845
130.262341096
130.172470028
130.151593948
130.206655575
130.338832463
130.550713745
130.841864949
131.218354846
131.676455961
132.222067018
136.373606528
135.804421396
135.266796797
134.760681167
134.291030280
133.859234459
133.463991989
133.107108643
132.793452958
132.517651418
132.285415706
132.092509094
131.946238683
131.841926737
131.779178208
131.757201679
131.781142546
131.844969117
131.949423655
132.095244389
132.277474456
132.500348548
132.758937206
133.054161810
133.381035270
133.741273412
134.130821527
134.548347515
134.988779146
135.453944970
135.936536757
136.438791756
136.955401263
137.482007431
138.019468299
138.559706470
139.101871226
139.643291212
140.179177222
140.706213741
141.221335722
141.722115373
142.200971578
142.658265300
143.092476667
143.495190723
143.864783918
144.200248075
144.496959782
144.755911448
144.968455631
145.137781794
145.259913592
145.332825838
145.358624705
145.332141109
145.256903342
145.129962358
144.951328200
144.724225246
144.448405846
144.125357714
143.755914530
143.344488819
142.890613463
142.398847913
141.871697008
141.314180257
140.727520729
140.118041509
139.488080498
138.841226362
138.184817737
137.518708118
136.853775069
136.191802626
135.536496063
134.891413002
134.265032741
133.659422655
133.078596191
132.528536511
132.016450668
131.541074059
131.107328205
130.721780661
130.386098350
130.108214689
129.884954104
129.724340903
129.627361833
129.599423917
129.638440360
129.751220516
129.938804381
130.203781473
130.545325938
130.969897573
131.473465790
132.061974257
143.805799435
143.186453549
142.590864667
142.019011478
141.476359102
140.964517658
140.482551052
140.032285702
139.619177938
139.237775740
138.894431621
138.584633225
138.316393117
138.084889814
137.890118707
137.731095607
137.613674321
137.531569890
137.485819677
137.477188266
137.501239452
137.561751015
137.654420310
137.780294387
137.934197619
138.118329725
138.328645098
138.564099332
138.819748171
139.097757638
139.390914289
139.701905601
140.025464258
140.357805000
140.700075183
141.044575286
141.390705238
141.736427537
142.077181551
142.410304685
142.733200134
143.043994882
143.335295733
143.608500298
143.862298335
144.089054584
144.287580112
144.457264202
144.594413695
144.700139907
144.766456657
144.797328963
144.788645350
144.739125687
144.651477936
144.520381361
144.349862645
144.137154675
143.882441099
143.589008784
143.256499522
142.886810389
142.480270779
142.041388914
141.569440868
141.068615663
140.541213311
139.992037855
139.421589442
138.836006989
138.237057792
137.627805231
137.015167919
136.398367115
135.787754450
135.184694805
134.592049530
134.013270519
133.455849225
132.921580131
132.413704685
131.938103538
131.501086809
131.101290365
130.742958498
130.432336452
130.170917347
129.966146567
129.814449241
129.723624366
129.694515821
129.732194124
129.834408284
130.007823966
130.253297239
130.573430242
130.966968669
131.440723478
131.990347971
132.621790375
152.348355495
151.662063675
150.990883545
150.334900608
149.700181688
149.088634233
148.499778081
147.935513925
147.401997889
146.893750193
146.417873919
145.969616267
145.557800405
145.177480237
144.829154639
144.511686995
144.231708261
143.982726598
143.766153961
143.582790588
143.428847172
143.307597059
143.215489380
143.153711745
143.116926269
143.107883579
143.122583429
143.160296118
143.216256857
143.292972587
143.383376360
143.490628338
143.609519217
143.736886449
143.874157412
144.014038686
144.156176207
144.299190483
144.438751599
144.572842710
144.699352705
144.816901298
144.918324448
145.006009451
145.078820995
145.129903122
145.158466027
145.164247939
145.144443030
145.100243898
145.024300311
144.921261196
144.786876369
144.620541537
144.425479428
144.196219477
143.937189040
143.645802657
143.322345731
142.970117694
142.588609467
142.180078673
141.744334873
141.285917058
140.803829884
140.301892632
139.782128658
139.249137058
138.702668173
138.148673240
137.588317056
137.024145553
136.462634892
135.902381177
135.353191450
134.816021390
134.292862145
133.787080284
133.305148402
132.848598012
132.419882986
132.024773145
131.668672418
131.350116056
131.072639555
130.842159308
130.659988876
130.533045819
130.457351179
130.440455752
130.483035710
130.589799650
130.758304435
130.995056971
131.300677928
131.677788478
132.124664552
132.648425951
133.244389431
133.918467996
161.994587782
161.222519945
160.456108217
159.695640722
158.947890703
158.215154847
157.497514653
156.797010427
156.120617074
155.462895080
154.831811282
154.222421418
153.644464857
153.092895129
152.568836266
152.071046367
151.606995188
151.170037893
150.762039624
150.383841662
150.032431583
149.710520303
149.415434410
149.148510527
148.904271406
148.686076376
148.490001662
148.315651028
148.158481587
148.021332910
147.897330797
147.790116952
147.694545767
147.608118242
147.532517814
147.460876140
147.393066809
147.328377690
147.262704091
147.194652204
147.122602262
147.045592407
146.956719266
146.859297774
146.752326589
146.629714381
146.491032178
146.336307050
146.163568763
145.974051119
145.761007651
145.529675969
145.275661406
144.998967359
144.703240596
144.382866138
144.042577430
143.679971808
143.295370852
142.892043461
142.469292183
142.029694806
141.572534495
141.102326457
140.617793838
140.122395766
139.617819612
139.108474509
138.593346378
138.078200956
137.563578806
137.051521761
136.548049689
136.051144690
135.570056677
135.105345486
134.658108749
134.231655573
133.831404946
133.458637958
133.115004713
132.806156398
132.536580218
132.304704262
132.113322997
131.968012425
131.869897497
131.825319898
131.829891789
131.890885167
132.008778959
132.187885123
132.425538073
132.728065573
133.095795518
133.531368417
134.032545797
134.606710147
135.248814935
135.964697798
172.682359537
171.803902025
170.920952769
170.034117993
169.150990433
168.274360741
167.404989665
166.545132635
165.702701687
164.872381935
164.063113905
163.269822484
162.503260420
161.758307376
161.036836545
160.337551865
159.668806767
159.023861915
158.405106998
157.813420222
157.246693540
156.707004169
156.192674264
155.705188027
155.238944381
154.797953726
154.378391178
153.980200688
153.599090295
153.238209678
152.890914865
152.561321203
152.244339647
151.938163972
151.644693605
151.357494155
151.076634748
150.802063683
150.529888683
150.259302189
149.989169566
149.718862606
149.441761646
149.162034488
148.878768344
148.586610028
148.285453387
147.975544400
147.655691852
147.327130052
146.983681196
146.631074975
146.264767425
145.885304820
145.496666971
145.093105028
144.679569122
144.253843271
143.816228604
143.369928064
142.914021982
142.451376601
141.980751925
141.506594991
141.027341879
140.546109228
140.064201129
139.585855668
139.109290382
138.640092077
138.178164662
137.725063460
137.286344519
136.859390581
136.452886192
136.067010496
135.701946203
135.360978342
135.048433064
134.765354765
134.512571782
134.295608142
134.118021172
133.978119592
133.877922809
133.822649428
133.813222000
133.855349583
133.944231044
134.086819830
134.283363346
134.537732940
134.847007521
135.217310458
135.648613151
136.143570056
136.699381721
137.323642190
138.010911139
138.766910021
184.324861185
183.317552328
182.295101498
181.258566351
180.216477366
179.172232600
178.127395214
177.084520949
176.052567782
175.026442500
174.016159400
173.016581407
172.039554401
171.079910819
170.140391150
169.219696505
168.327085288
167.455781965
166.608759623
165.786916069
164.989165384
164.216866324
163.469439587
162.748503354
162.048339685
161.373631624
160.720665747
160.089717855
159.476762854
158.885221660
158.308709097
157.751788484
157.209408337
156.680473357
156.167043272
155.663119239
155.168921369
154.685036816
154.207769470
153.736849330
153.271611705
152.811671226
152.350709776
151.893664299
151.439664412
150.984061139
150.527037733
150.068982885
149.609427045
149.149567254
148.683760892
148.218134374
147.747993317
147.274369100
146.801485205
146.323476876
145.845428980
145.365319603
144.883383064
144.402728979
143.922184943
143.444884020
142.969074267
142.499099243
142.033107087
141.573895047
141.122348132
140.682552566
140.251963337
139.835997121
139.433915096
139.046806437
138.679758660
138.329572317
138.004358423
137.703930806
137.427535624
137.178470573
136.959922204
136.772712194
136.616824485
136.497645035
136.417783324
136.375409765
136.371731750
136.411585387
136.495671993
136.628999973
136.806351067
137.034310078
137.312852323
137.645355016
138.028604922
138.468490812
138.964556658
139.519459260
140.129790932
140.803299155
141.534117407
142.327808732
196.773101135
195.613462572
194.427825601
193.217846326
191.993107929
190.757731811
189.514203472
188.265470015
187.021621901
185.777892355
184.545449182
183.319165593
182.112031454
180.918853620
179.743343087
178.584244545
177.451709227
176.338978502
175.249648315
174.184599743
173.143869479
172.127999364
171.137586426
170.174355294
169.232466299
168.317270317
167.425166662
166.556736496
165.708222002
164.883258925
164.075738915
163.290628920
162.522883380
161.772123991
161.040500724
160.322444486
159.618271252
158.929170672
158.251624549
157.585841981
156.931605741
156.288678630
155.651058416
155.024361184
154.407714969
153.797135471
153.193068932
152.595967067
152.006026796
151.424374484
150.845874387
150.276956330
149.712780926
149.154815520
148.607441807
148.064705833
147.531753149
147.006768101
146.489883431
145.984096441
145.487955630
145.004848804
144.532531890
144.075218268
143.630772066
143.201698668
142.788439897
142.394948815
142.017932911
141.662648892
141.327714965
141.013776837
140.725450301
140.458973329
140.221874914
140.013618522
139.832491373
139.681843149
139.563667167
139.478575978
139.425682202
139.410219441
139.433826961
139.494511735
139.592629287
139.732600769
139.914881909
140.143701688
140.413422841
140.730201450
141.093694052
141.506721829
141.965741164
142.476370928
143.037650790
143.652223231
144.316027337
145.036898860
145.808513667
146.636233949
209.839623491
208.503083474
207.129862937
205.722373184
204.291355632
202.841767390
201.377124237
199.900859008
198.424248561
196.942959465
195.469364864
193.998419686
192.544269299
191.101711317
189.675505601
188.264478457
186.879623021
185.514240991
184.172566410
182.855407863
181.563998622
180.297956500
179.059098962
177.849216679
176.662330735
175.504425966
174.372004468
173.265907083
172.182629668
171.125948815
170.090041476
169.080215236
168.091388266
167.123893950
166.179890299
165.254226406
164.347251780
163.460707673
162.591237211
161.739462097
160.905584595
160.089420990
159.285297596
158.499415879
157.730861997
156.976273922
156.236343765
155.511504941
154.802569192
154.110564946
153.430842143
152.770042965
152.123196246
151.492165333
150.881409067
150.284920084
149.707838722
149.148571122
148.607126096
148.086376257
147.584568227
147.105341277
146.645985796
146.210565220
145.796667496
145.406536605
145.040157255
144.701364251
144.386141795
144.099595386
143.839704725
143.606695707
143.404708072
143.229439291
143.087824567
142.978990258
142.900241582
142.855019756
142.844063746
142.867789984
142.924406999
143.018977944
143.152144687
143.321719138
143.527162613
143.772440688
144.057733435
144.386401139
144.752388771
145.161353375
145.612579889
146.108264802
146.644494159
147.226577800
147.852969611
148.526275979
149.241743077
150.007221302
150.815902524
151.672905099
223.275723410
221.737829206
220.153208409
218.525183455
216.865739468
215.180768708
213.474900038
211.752144058
210.024972579
208.289586020
206.559577726
204.830048077
203.116261061
201.413012375
199.726155012
198.054622691
196.410155091
194.786144133
193.187449836
191.614730339
190.070457651
188.553214428
187.066041595
185.610744141
184.181175632
182.783888197
181.415468382
180.076951710
178.765061384
177.483626078
176.227106621
175.001072649
173.800355510
172.625984330
171.480034463
170.357757597
169.259470696
168.187403285
167.138346421
166.113263582
165.112745240
164.136569476
163.179403924
162.247940340
161.341189438
160.456367892
159.594407130
158.755641810
157.941452564
157.152749295
156.385356111
155.646038456
154.929715896
154.238618018
153.577204625
152.939460134
152.330461926
151.748856513
151.194518450
150.670190010
150.173796456
149.709232377
149.273355862
148.870065946
148.496685884
148.155229052
147.845219894
147.570383529
147.326013696
147.117070550
146.940903110
146.797341035
146.690040904
146.614183212
146.576093435
146.574571074
146.605915462
146.673696278
146.777330995
146.917050863
147.090121614
147.301412300
147.550536313
147.835071342
148.153540998
148.509405619
148.902534241
149.335318465
149.801291123
150.305530604
150.846891226
151.426871111
152.041145493
152.694673048
153.385237232
154.115382314
154.879630514
155.685765452
156.526475922
157.406595681
236.807420715
235.044427218
233.225806959
231.355939528
229.448111537
227.509226941
225.545074851
223.560329041
221.568609368
219.566737268
217.569497467
215.572186946
213.591096833
211.621018405
209.668900260
207.733794122
205.828047106
203.945153123
202.090557459
200.264670499
198.471206192
196.707605770
194.978090037
193.284418903
191.620239484
189.992573929
188.398068045
186.837868696
185.308890576
183.814913269
182.350672302
180.921906401
179.523304531
178.156565709
176.823587273
175.520004962
174.246036905
173.004325868
171.791803174
170.609700260
169.458962893
168.339244843
167.245568493
166.185021767
165.156513357
164.157795470
163.190042801
162.253414102
161.349818182
160.480033242
159.640356425
158.837588799
158.066573442
157.329885334
156.631915318
155.966693500
155.339184765
154.748295667
154.193769695
153.678217815
153.199228896
152.760962076
152.359883123
151.999716136
151.677535625
151.395154337
151.151644241
150.950621593
150.786732027
150.664792001
150.581531823
150.536408771
150.532585207
150.564751663
150.638602430
150.752618238
150.902069877
151.090687873
151.316498436
151.579556636
151.876142095
152.210901415
152.582385847
152.987894497
153.424970124
153.896511434
154.402035816
154.942859189
155.512114231
156.114214258
156.747518616
157.412752381
158.105141517
158.829249911
159.582106453
160.366164130
161.175203638
162.016852530
162.883290089
163.779027319
250.117605650
248.107513132
246.034558213
243.904301796
241.731352471
239.523671378
237.288210195
235.030378611
232.764836559
230.489092780
228.219047935
225.950229846
223.699808012
221.462559915
219.246483978
217.050746396
214.888121203
212.752198056
210.648939974
208.578396653
206.545487343
204.546419297
202.586501683
200.667387317
198.782472456
196.939123051
195.134017611
193.368315365
191.639081878
189.949938950
188.295881726
186.682715702
185.104930514
183.564860826
182.064131352
180.598740930
179.168747531
177.777122156
176.420935793
175.101613835
173.820423433
172.576817162
171.366186104
170.195922654
169.064814857
167.971108211
166.916234250
165.900103904
164.925118366
163.991917844
163.097281413
162.247958768
161.438759004
160.672589874
159.953708817
159.276253195
158.645033070
158.059233988
157.518483749
157.025265070
156.576819021
156.177581337
155.823671567
155.518630612
155.259303387
155.047329698
154.881347950
154.764855343
154.691902233
154.667156776
154.686746343
154.749778915
154.858907241
155.008361390
155.203177945
155.441523530
155.717620773
156.035385595
156.391383694
156.785500808
157.212983241
157.678221160
158.178670191
158.711300295
159.272634048
159.864945139
160.487354740
161.139991203
161.815606718
162.517858285
163.244541997
163.995537026
164.765584931
165.558811121
166.371409366
167.205709565
168.054750053
168.925906150
169.810856256
170.713754958
262.889379216
260.612589744
258.267845749
255.861983212
253.410912396
250.923660366
248.408293475
245.871014142
243.327354433
240.775552111
238.232502890
235.693981075
233.177834056
230.678811015
228.205867925
225.758267745
223.349000052
220.971726403
218.632837974
216.331904017
214.074971214
211.856945668
209.684087733
207.557884374
205.471434768
203.432300361
201.437167800
199.487098907
197.579268634
195.717030543
193.895619753
192.120800586
190.386809317
188.696573636
187.051356196
185.447495545
183.884835511
182.366582107
180.889951043
179.456488347
178.067748058
176.722913917
175.417758254
174.159889066
172.947960980
171.780670706
170.659725652
169.584722970
168.558522855
167.581624890
166.651307297
165.774179625
164.945066275
164.167200558
163.444646380
162.771713806
162.153021239
161.588047275
161.076330407
160.620228213
160.216626410
159.870247968
159.576916664
159.339981866
159.156080407
159.026701288
158.950078945
158.929569028
158.958687871
159.041943719
159.174880256
159.356277673
159.588258543
159.864624708
160.189723561
160.561409006
160.972841118
161.428134832
161.922332095
162.455153778
163.020763490
163.623256933
164.258963948
164.924470447
165.615246747
166.332874553
167.076031981
167.843548862
168.627825874
169.431673820
170.252254838
171.088537961
171.934751957
172.794543128
173.663199621
174.542895526
175.425949155
176.319383116
177.214403626
178.114782760
274.800693040
272.241013264
269.610825017
266.918291995
264.180560199
261.407689129
258.608759015
255.790801685
252.969996914
250.145324782
247.334513407
244.533580523
241.760805884
239.010895732
236.293626292
233.608329665
230.967978346
228.366268711
225.809915305
223.297887681
220.837245628
218.421561976
216.057870980
213.747444461
211.483043025
209.272260586
207.111775036
205.002435176
202.941489083
200.931916414
198.969170903
197.058867830
195.194943369
193.380869550
191.617467879
189.901391280
188.232227609
186.613318511
185.042035508
183.519974781
182.048942641
180.627797901
179.252704385
177.931400535
176.662400303
175.444809688
174.280633655
173.169097273
172.113486932
171.114162075
170.168923040
169.284148271
168.454732004
167.684228503
166.976452929
166.325954336
165.737127728
165.209751025
164.743309191
164.340036902
163.996460843
163.717597472
163.499028986
163.343903300
163.248672724
163.214690530
163.239828268
163.327262762
163.470047827
163.672511248
163.929637295
164.239897236
164.604859048
165.017931564
165.482737566
165.996816885
166.552261242
167.153384021
167.793652590
168.472625068
169.183333608
169.929538166
170.706419570
171.510122291
172.335043664
173.182004793
174.049194054
174.934037685
175.828624582
176.734834028
177.649124426
178.569503657
179.489667252
180.412747122
181.333068856
182.252618607
183.163041749
184.070905564
184.966994163
185.854679241
285.579437061
282.724715823
279.799709021
276.813916059
273.785610947
270.725810304
267.644460269
264.549436885
261.457300515
258.367759616
255.299181177
252.247805952
249.232071748
246.246632294
243.301910488
240.397273762
237.545441217
234.740097686
231.988169576
229.287919342
226.647275234
224.058486862
221.529156466
219.060304723
216.644322639
214.288668109
211.990005345
209.748854974
207.562510505
205.433483868
203.357425826
201.339699935
199.373907066
197.464008937
195.610322551
193.809786600
192.061706332
190.369456281
188.730579129
187.146654920
185.619707475
184.148227258
182.728774965
181.369139570
180.067690296
178.823901162
177.640093887
176.515073396
175.452517531
174.452647177
173.513810436
172.642062584
171.832423505
171.088764897
170.414602796
169.804788850
169.263467789
168.790712219
168.385997980
168.051435956
167.783195317
167.586584693
167.457001882
167.397381249
167.404015990
167.478130455
167.617286086
167.824429392
168.092232577
168.424814707
168.816630522
169.265858849
169.773487220
170.332569095
170.945966788
171.610903096
172.318408274
173.072977105
173.866471296
174.698287317
175.560281327
176.455835283
177.378969812
178.325330244
179.288236442
180.267683108
181.261324537
182.265092102
183.270812738
184.279361257
185.286424701
186.289018328
187.280294278
188.262841737
189.229986373
190.183494058
191.114411846
192.028749305
192.916940030
193.781946212
294.964071613
291.806679337
288.582114311
285.301171327
281.983106130
278.639778095
275.281810851
271.917916411
268.564740250
265.222680640
261.910526924
258.624711257
255.383539520
252.181613486
249.029801715
245.927472712
242.886864683
239.901602446
236.978712824
234.115665389
231.321087965
228.585965350
225.918242828
223.318671243
220.779255696
218.307153859
215.899025182
213.554952975
211.272260650
209.052914972
206.892743692
204.796764586
202.758222376
200.781508928
198.866390955
197.010061155
195.211530538
193.474103721
191.795510894
190.177253727
188.621537404
187.126452779
185.688955900
184.316810381
183.008236562
181.763034439
180.583853969
179.469041640
178.422627566
177.444692474
176.534157060
175.696658402
174.927395404
174.230550015
173.609292736
173.058834135
172.583044338
172.182271922
171.856032225
171.606305887
171.428911081
171.329435078
171.303149299
171.352758263
171.474421764
171.669231422
171.934501649
172.272883020
172.676754157
173.149988381
173.686547779
174.284330768
174.943718701
175.657449199
176.427589813
177.251042717
178.117798981
179.032499053
179.985394769
180.975721459
181.994122623
183.043561930
184.116904777
185.209243327
186.312835490
187.426791543
188.548194058
189.671409480
190.788063217
191.897971971
192.995991140
194.078137648
195.137022275
196.174674513
197.183407831
198.164737943
199.109217117
200.022199645
200.893862662
201.726759429
302.779633284
299.316701901
295.792515720
292.219080882
288.616457705
284.997201440
281.372398231
277.751564537
274.151127660
270.572116429
267.033517988
263.531916395
260.085199304
256.687930713
253.351209127
250.074373592
246.868977815
243.728542281
240.660090991
237.660242783
234.738144036
231.883619501
229.104729740
226.401954126
223.766914503
221.206318349
218.716844710
216.298042776
213.947264052
211.665875255
209.449863429
207.303820891
205.220632805
203.205058456
201.256290176
199.371739099
197.550128780
195.794594659
194.103071054
192.476925177
190.918508239
189.425492903
187.995221946
186.635363699
185.343985644
184.121172399
182.969902244
181.888038372
180.879918508
179.945478796
179.084232712
178.301306155
177.592123869
176.961166698
176.411218843
175.937895734
175.544771677
175.232437805
175.000500295
174.850796839
174.778807319
174.790370824
174.880690079
175.052219577
175.301011427
175.628010295
176.030356492
176.510326825
177.060100172
177.683260391
178.373321446
179.127908315
179.946774756
180.822382509
181.755975558
182.744132914
183.775847146
184.855848588
185.972808550
187.125802144
188.304234933
189.510616161
190.736681657
191.976921311
193.222571388
194.471810268
195.721120392
196.963260821
198.189724181
199.399239765
200.585780080
201.744387358
202.867144984
203.955516723
205.000819424
206.004289411
206.956113337
207.860899870
208.708680576
209.501608480
308.891927663
305.126231816
301.307750582
297.449575560
293.572373507
289.689224053
285.811447265
281.949310352
278.118729885
274.321291572
270.575959657
266.879428011
263.248900448
259.678932152
256.180635218
252.753295556
249.407614919
246.136975528
242.948308444
239.837359280
236.813607776
233.865867731
231.002097447
228.222519309
225.518396201
222.895857907
220.351641638
217.884683967
215.492375866
213.175455426
210.930054242
208.760276654
206.658663571
204.630276836
202.673732672
200.786622189
198.967405198
197.218956375
195.539428324
193.930005233
192.393148543
190.926107605
189.526594607
188.202119644
186.950591230
185.772338586
184.670653782
183.642905555
182.693688583
181.822785601
181.030315162
180.320803161
179.689937467
179.142479754
178.680793089
178.300930750
178.006152553
177.797243824
177.673951766
177.637951893
177.684405465
177.819361096
178.038008878
178.342529247
178.728892193
179.197870399
179.746510917
180.376630614
181.080305647
181.860781772
182.711178329
183.628848354
184.612904789
185.655572882
186.757254360
187.914205638
189.114482707
190.362831015
191.646410380
192.964138678
194.304174748
195.668545682
197.047907931
198.436110451
199.823435223
201.207098384
202.582967319
203.942186890
205.276192537
206.582627898
207.854545395
209.086069841
210.268783117
211.403591625
212.480862608
213.501525223
214.455552505
215.346728551
216.165063553
216.912325599
/

COPY
 'PERMX'  'PERMY'  /
 'PERMX'  'PERMZ' /
/

DX
 10000*10 /
DY
 10000*10 /
DZ
 10000*10 /

TOPS
 10000*2355 /

PORO
 10000*0.18 /

PROPS    ===============================================================

-- Two-phase (water-oil) rel perm curves
-- Sw Krw  Kro  Pcow
SWOF
    0.1500       0.0    1.0000         0.0
    0.2000    0.0059    0.8521         0.0
    0.2500    0.0237    0.7160         0.0
    0.3000    0.0533    0.5917         0.0
    0.3500    0.0947    0.4793         0.0
    0.4000    0.1479    0.3787         0.0
    0.4500    0.2130    0.2899         0.0
    0.5000    0.2899    0.2130         0.0
    0.5500    0.3787    0.1479         0.0
    0.6000    0.4793    0.0947         0.0
    0.6500    0.5917    0.0533         0.0
    0.7000    0.7160    0.0237         0.0
    0.7500    0.8521    0.0059         0.0
    0.8000    1.0000       0.0         0.0
/

--PVCDO
-- REF.PRES.   FVF   COMPRESSIBILITY  REF.VISC.  VISCOSIBILITY
--   234         1.065    6.65e-5         5.0     1.9e-3   /

-- In a e300 run we must use PVDO
PVDO
 220    1.065    5.0 
 240    1.06499    5.0 /

DENSITY               
912.0   1000.0   0.8266         
/
               
PVTW               
234.46   1.0042   5.43E-05   0.5   1.11E-04   /

-- ROCK COMPRESSIBILITY
--
--    REF. PRES   COMPRESSIBILITY
ROCK
         235           0.00045   /

REGIONS  ===============================================================

ENDBOX

SOLUTION ===============================================================

--    DATUM  DATUM   OWC    OWC    GOC    GOC    RSVD   RVVD   SOLN
--    DEPTH  PRESS  DEPTH   PCOW  DEPTH   PCOG  TABLE  TABLE   METH
EQUIL
     2355.00 200.46 3000 0.00  2355.0 0.000     0     0 /

RPTSOL
'PRES' 'SWAT' /

RPTRST
 BASIC=2 /

SUMMARY ================================================================

RUNSUM

EXCEL

--RPTONLY
FOPT
FGPT
FWPT
FWIT

WWIR
/

WOPR
/

WWPR
/

SCHEDULE =============================================================

RPTSCHED
 'NEWTON=2' /

RPTRST
 BASIC=2 /

-- AJGWELLS
-- 'INJ-1' 'WWIR' /
-- 'PRO-1' 'WLPR' /
--/

-- AJGPARAM
-- 'PERMX' 'PORO' /

------------------- WELL SPECIFICATION DATA --------------------------
WELSPECS
'INJ-1'  'G'    1   1  2357   WATER     1*   'STD'   3*  /
'INJ-2'  'G'   100   1  2357   WATER     1*   'STD'   3*  /
'PRO-1'  'G'   50  80  2357   OIL       1*   'STD'   3*  /
/
COMPDAT
--                                        RADIUS    SKIN
'INJ-1'     1    1   1   1   'OPEN'   2*  0.15  1*  5.0 /
'INJ-2'    100    1   1   1   'OPEN'   2*  0.15  1*  5.0 /
'PRO-1'    50  80   1   1   'OPEN'   2*  0.15  1*  5.0 /
/

WCONINJE
INJ-1     WAT 1* RATE 300.0 /
INJ-2     WAT 1* RATE 300.0 /
/

WCONPROD
PRO-1     OPEN ORAT 100.0 /
/

TSTEP
 30 /

WCONINJE
INJ-1     WAT 1* RATE 300.0 /
INJ-2     WAT 1* RATE 300.0 /
/

WCONPROD
PRO-1     OPEN ORAT 100.0 /
/

TSTEP
 30 /

WCONINJE
INJ-1     WAT 1* RATE 300.0 /
INJ-2     WAT 1* RATE 300.0 /
/

WCONPROD
PRO-1     OPEN ORAT 100.0 /
/

TSTEP
 30 /

WCONINJE
INJ-1     WAT 1* RATE 300.0 /
INJ-2     WAT 1* RATE 300.0 /
/

WCONPROD
PRO-1     OPEN ORAT 100.0 /
/

TSTEP
 30 /

WCONINJE
INJ-1     WAT 1* RATE 300.0 /
INJ-2     WAT 1* RATE 300.0 /
/

WCONPROD
PRO-1     OPEN ORAT 100.0 /
/

TSTEP
 30 /

WCONINJE
INJ-1     WAT 1* RATE 300.0 /
INJ-2     WAT 1* RATE 300.0 /
/

WCONPROD
PRO-1     OPEN ORAT 100.0 /
/

TSTEP
 30 /

WCONINJE
INJ-1     WAT 1* RATE 300.0 /
INJ-2     WAT 1* RATE 300.0 /
/

WCONPROD
PRO-1     OPEN ORAT 100.0 /
/

TSTEP
 30 /

WCONINJE
INJ-1     WAT 1* RATE 300.0 /
INJ-2     WAT 1* RATE 300.0 /
/

WCONPROD
PRO-1     OPEN ORAT 100.0 /
/

TSTEP
 30 /

WCONINJE
INJ-1     WAT 1* RATE 300.0 /
INJ-2     WAT 1* RATE 300.0 /
/

WCONPROD
PRO-1     OPEN ORAT 100.0 /
/

TSTEP
 30 /

WCONINJE
INJ-1     WAT 1* RATE 300.0 /
INJ-2     WAT 1* RATE 300.0 /
/

WCONPROD
PRO-1     OPEN ORAT 100.0 /
/

TSTEP
 30 /

WCONINJE
INJ-1     WAT 1* RATE 300.0 /
INJ-2     WAT 1* RATE 300.0 /
/

WCONPROD
PRO-1     OPEN ORAT 100.0 /
/

TSTEP
 30 /

WCONINJE
INJ-1     WAT 1* RATE 300.0 /
INJ-2     WAT 1* RATE 300.0 /
/

WCONPROD
PRO-1     OPEN ORAT 100.0 /
/

TSTEP
 30 /

WCONINJE
INJ-1     WAT 1* RATE 300.0 /
INJ-2     WAT 1* RATE 300.0 /
/

WCONPROD
PRO-1     OPEN ORAT 100.0 /
/

TSTEP
 30 /

WCONINJE
INJ-1     WAT 1* RATE 300.0 /
INJ-2     WAT 1* RATE 300.0 /
/

WCONPROD
PRO-1     OPEN ORAT 100.0 /
/

TSTEP
 30 /

WCONINJE
INJ-1     WAT 1* RATE 300.0 /
INJ-2     WAT 1* RATE 300.0 /
/

WCONPROD
PRO-1     OPEN ORAT 100.0 /
/

TSTEP
 30 /

WCONINJE
INJ-1     WAT 1* RATE 300.0 /
INJ-2     WAT 1* RATE 300.0 /
/

WCONPROD
PRO-1     OPEN ORAT 100.0 /
/

TSTEP
 30 /

WCONINJE
INJ-1     WAT 1* RATE 300.0 /
INJ-2     WAT 1* RATE 300.0 /
/

WCONPROD
PRO-1     OPEN ORAT 100.0 /
/

TSTEP
 30 /

WCONINJE
INJ-1     WAT 1* RATE 300.0 /
INJ-2     WAT 1* RATE 300.0 /
/

WCONPROD
PRO-1     OPEN ORAT 100.0 /
/

TSTEP
 30 /

WCONINJE
INJ-1     WAT 1* RATE 300.0 /
INJ-2     WAT 1* RATE 300.0 /
/

WCONPROD
PRO-1     OPEN ORAT 100.0 /
/

TSTEP
 30 /

WCONINJE
INJ-1     WAT 1* RATE 300.0 /
INJ-2     WAT 1* RATE 300.0 /
/

WCONPROD
PRO-1     OPEN ORAT 100.0 /
/

TSTEP
 30 /

WCONINJE
INJ-1     WAT 1* RATE 300.0 /
INJ-2     WAT 1* RATE 300.0 /
/

WCONPROD
PRO-1     OPEN ORAT 100.0 /
/

TSTEP
 30 /

WCONINJE
INJ-1     WAT 1* RATE 300.0 /
INJ-2     WAT 1* RATE 300.0 /
/

WCONPROD
PRO-1     OPEN ORAT 100.0 /
/

TSTEP
 30 /

WCONINJE
INJ-1     WAT 1* RATE 300.0 /
INJ-2     WAT 1* RATE 300.0 /
/

WCONPROD
PRO-1     OPEN ORAT 100.0 /
/

TSTEP
 30 /

WCONINJE
INJ-1     WAT 1* RATE 300.0 /
INJ-2     WAT 1* RATE 300.0 /
/

WCONPROD
PRO-1     OPEN ORAT 100.0 /
/

TSTEP
 30 /

WCONINJE
INJ-1     WAT 1* RATE 300.0 /
INJ-2     WAT 1* RATE 300.0 /
/

WCONPROD
PRO-1     OPEN ORAT 100.0 /
/

TSTEP
 30 /

WCONINJE
INJ-1     WAT 1* RATE 300.0 /
INJ-2     WAT 1* RATE 300.0 /
/

WCONPROD
PRO-1     OPEN ORAT 100.0 /
/

TSTEP
 30 /

WCONINJE
INJ-1     WAT 1* RATE 300.0 /
INJ-2     WAT 1* RATE 300.0 /
/

WCONPROD
PRO-1     OPEN ORAT 100.0 /
/

TSTEP
 30 /

WCONINJE
INJ-1     WAT 1* RATE 300.0 /
INJ-2     WAT 1* RATE 300.0 /
/

WCONPROD
PRO-1     OPEN ORAT 100.0 /
/

TSTEP
 30 /

WCONINJE
INJ-1     WAT 1* RATE 300.0 /
INJ-2     WAT 1* RATE 300.0 /
/

WCONPROD
PRO-1     OPEN ORAT 100.0 /
/

TSTEP
 30 /

WCONINJE
INJ-1     WAT 1* RATE 300.0 /
INJ-2     WAT 1* RATE 300.0 /
/

WCONPROD
PRO-1     OPEN ORAT 100.0 /
/

TSTEP
 30 /

WCONINJE
INJ-1     WAT 1* RATE 300.0 /
INJ-2     WAT 1* RATE 300.0 /
/

WCONPROD
PRO-1     OPEN ORAT 100.0 /
/

TSTEP
 30 /

WCONINJE
INJ-1     WAT 1* RATE 300.0 /
INJ-2     WAT 1* RATE 300.0 /
/

WCONPROD
PRO-1     OPEN ORAT 100.0 /
/

TSTEP
 30 /

WCONINJE
INJ-1     WAT 1* RATE 300.0 /
INJ-2     WAT 1* RATE 300.0 /
/

WCONPROD
PRO-1     OPEN ORAT 100.0 /
/

TSTEP
 30 /

WCONINJE
INJ-1     WAT 1* RATE 300.0 /
INJ-2     WAT 1* RATE 300.0 /
/

WCONPROD
PRO-1     OPEN ORAT 100.0 /
/

TSTEP
 30 /

WCONINJE
INJ-1     WAT 1* RATE 300.0 /
INJ-2     WAT 1* RATE 300.0 /
/

WCONPROD
PRO-1     OPEN ORAT 100.0 /
/

TSTEP
 30 /

WCONINJE
INJ-1     WAT 1* RATE 300.0 /
INJ-2     WAT 1* RATE 300.0 /
/

WCONPROD
PRO-1     OPEN ORAT 100.0 /
/

TSTEP
 30 /

WCONINJE
INJ-1     WAT 1* RATE 300.0 /
INJ-2     WAT 1* RATE 300.0 /
/

WCONPROD
PRO-1     OPEN ORAT 100.0 /
/

TSTEP
 30 /

WCONINJE
INJ-1     WAT 1* RATE 300.0 /
INJ-2     WAT 1* RATE 300.0 /
/

WCONPROD
PRO-1     OPEN ORAT 100.0 /
/

TSTEP
 30 /

WCONINJE
INJ-1     WAT 1* RATE 300.0 /
INJ-2     WAT 1* RATE 300.0 /
/

WCONPROD
PRO-1     OPEN ORAT 100.0 /
/

TSTEP
 30 /

WCONINJE
INJ-1     WAT 1* RATE 300.0 /
INJ-2     WAT 1* RATE 300.0 /
/

WCONPROD
PRO-1     OPEN ORAT 100.0 /
/

TSTEP
 30 /

WCONINJE
INJ-1     WAT 1* RATE 300.0 /
INJ-2     WAT 1* RATE 300.0 /
/

WCONPROD
PRO-1     OPEN ORAT 100.0 /
/

TSTEP
 30 /

WCONINJE
INJ-1     WAT 1* RATE 300.0 /
INJ-2     WAT 1* RATE 300.0 /
/

WCONPROD
PRO-1     OPEN ORAT 100.0 /
/

TSTEP
 30 /

WCONINJE
INJ-1     WAT 1* RATE 300.0 /
INJ-2     WAT 1* RATE 300.0 /
/

WCONPROD
PRO-1     OPEN ORAT 100.0 /
/

TSTEP
 30 /

WCONINJE
INJ-1     WAT 1* RATE 300.0 /
INJ-2     WAT 1* RATE 300.0 /
/

WCONPROD
PRO-1     OPEN ORAT 100.0 /
/

TSTEP
 30 /

WCONINJE
INJ-1     WAT 1* RATE 300.0 /
INJ-2     WAT 1* RATE 300.0 /
/

WCONPROD
PRO-1     OPEN ORAT 100.0 /
/

TSTEP
 30 /

WCONINJE
INJ-1     WAT 1* RATE 300.0 /
INJ-2     WAT 1* RATE 300.0 /
/

WCONPROD
PRO-1     OPEN ORAT 100.0 /
/

TSTEP
 30 /

WCONINJE
INJ-1     WAT 1* RATE 300.0 /
INJ-2     WAT 1* RATE 300.0 /
/

WCONPROD
PRO-1     OPEN ORAT 100.0 /
/

TSTEP
 30 /

WCONINJE
INJ-1     WAT 1* RATE 300.0 /
INJ-2     WAT 1* RATE 300.0 /
/

WCONPROD
PRO-1     OPEN ORAT 100.0 /
/

TSTEP
 30 /

WCONINJE
INJ-1     WAT 1* RATE 300.0 /
INJ-2     WAT 1* RATE 300.0 /
/

WCONPROD
PRO-1     OPEN ORAT 100.0 /
/

TSTEP
 30 /

WCONINJE
INJ-1     WAT 1* RATE 300.0 /
INJ-2     WAT 1* RATE 300.0 /
/

WCONPROD
PRO-1     OPEN ORAT 100.0 /
/

TSTEP
 30 /

WCONINJE
INJ-1     WAT 1* RATE 300.0 /
INJ-2     WAT 1* RATE 300.0 /
/

WCONPROD
PRO-1     OPEN ORAT 100.0 /
/

TSTEP
 30 /

WCONINJE
INJ-1     WAT 1* RATE 300.0 /
INJ-2     WAT 1* RATE 300.0 /
/

WCONPROD
PRO-1     OPEN ORAT 100.0 /
/

TSTEP
 30 /

WCONINJE
INJ-1     WAT 1* RATE 300.0 /
INJ-2     WAT 1* RATE 300.0 /
/

WCONPROD
PRO-1     OPEN ORAT 100.0 /
/

TSTEP
 30 /

WCONINJE
INJ-1     WAT 1* RATE 300.0 /
INJ-2     WAT 1* RATE 300.0 /
/

WCONPROD
PRO-1     OPEN ORAT 100.0 /
/

TSTEP
 30 /

WCONINJE
INJ-1     WAT 1* RATE 300.0 /
INJ-2     WAT 1* RATE 300.0 /
/

WCONPROD
PRO-1     OPEN ORAT 100.0 /
/

TSTEP
 30 /

WCONINJE
INJ-1     WAT 1* RATE 300.0 /
INJ-2     WAT 1* RATE 300.0 /
/

WCONPROD
PRO-1     OPEN ORAT 100.0 /
/

TSTEP
 30 /

WCONINJE
INJ-1     WAT 1* RATE 300.0 /
INJ-2     WAT 1* RATE 300.0 /
/

WCONPROD
PRO-1     OPEN ORAT 100.0 /
/

TSTEP
 30 /

WCONINJE
INJ-1     WAT 1* RATE 300.0 /
INJ-2     WAT 1* RATE 300.0 /
/

WCONPROD
PRO-1     OPEN ORAT 100.0 /
/

TSTEP
 30 /

WCONINJE
INJ-1     WAT 1* RATE 300.0 /
INJ-2     WAT 1* RATE 300.0 /
/

WCONPROD
PRO-1     OPEN ORAT 100.0 /
/

TSTEP
 30 /

WCONINJE
INJ-1     WAT 1* RATE 300.0 /
INJ-2     WAT 1* RATE 300.0 /
/

WCONPROD
PRO-1     OPEN ORAT 100.0 /
/

TSTEP
 30 /
