-- *------------------------------------------*
-- *                                          *
-- * base grid model with input parameters    *
-- *                                          *
-- *------------------------------------------*
RUNSPEC

TITLE
 3 WELL MODEL

DIMENS
-- NDIVIX NDIVIY NDIVIZ
   100    100      1 /

-- Gradient option
-- AJGRADNT

-- Gradients readeable
-- UNCODHMD

--BLACKOIL
OIL
WATER

METRIC

TABDIMS
-- NTSFUN  NTPVT  NSSFUN  NPPVT  NTFIP  NRPVT  NTENDP
     1       1      35      30     5     30      1 /

EQLDIMS
-- NTEQUL  NDRXVD  NDPRVD
   1       5       100 /

WELLDIMS
-- NWMAXZ NCWMAX NGMAXZ MWGMAX 
    10     1     2      20 /

VFPPDIMS
-- MXMFLO MXMTHP MXMWFR MXMGFR MXMALQ NMMVFT
   10     10     10     10     1      1 /

VFPIDIMS
-- MXSFLO MXSTHP NMSVFT
   10     10     1 /

AQUDIMS
-- MXNAQN  MXNAQC NIFTBL NRIFTB NANAQU NCAMAX
   0       0      1      36     2       200/

START
 01 JAN 2029 /

NSTACK
 25 /

NOECHO

UNIFIN
UNIFOUT

GRID
INIT

PERMX
284.843874530
286.575198112
288.235556861
289.818910016
291.319868310
292.720398001
294.022066153
295.213384631
296.285158183
297.238582807
298.056680325
298.737800727
299.285006206
299.682176940
299.932032912
300.032215621
299.986447977
299.781687232
299.427330199
298.922748134
298.261797312
297.456467236
296.507133787
295.405244964
294.166448612
292.794158563
291.292796702
289.661489393
287.910441323
286.038027305
284.062707119
281.976286511
279.798448296
277.521463390
275.163374407
272.721527399
270.203348660
267.618217071
264.968396219
262.263618024
259.501858363
256.697994989
253.846793670
250.962573908
248.047039565
245.102420579
242.131962095
239.147452026
236.148874199
233.139545162
230.121840957
227.103593931
224.088452715
221.075286161
218.073050447
215.082471336
212.106278969
209.152802717
206.222904367
203.315611541
200.439574663
197.596112790
194.788554519
192.017477114
189.289980372
186.608349784
183.971652584
181.387500866
178.854121830
176.376865356
173.958186157
171.601896654
169.305219563
167.072914761
164.909488931
162.811646346
160.784579241
158.829471342
156.944160580
155.137862096
153.400484907
151.739382518
150.156073178
148.646520509
147.212453307
145.854204718
144.572143133
143.364479010
142.231402205
141.172193288
140.181267291
139.266808579
138.420969202
137.638726267
136.927439230
136.280102498
135.691974818
135.166648146
134.699367089
134.287304915
282.953057107
284.441692158
285.866610631
287.222770121
288.506426534
289.700421623
290.807719298
291.817331466
292.721980606
293.522563233
294.203681937
294.764479225
295.208025732
295.519017485
295.700366101
295.749688293
295.670940968
295.450775635
295.099158043
294.614278802
293.989804957
293.236841933
292.355293734
291.335888273
290.193351109
288.929380763
287.547955730
286.047139046
284.435852684
282.711119009
280.890373218
278.963721712
276.950190118
274.840565104
272.651138759
270.378790926
268.029263283
265.611072190
263.125367340
260.580995227
257.974715800
255.320854379
252.613316833
249.865239246
247.078087711
244.253774894
241.394523809
238.512000897
235.605814649
232.678936031
229.733981454
226.777959635
223.815298279
220.844330130
217.874402818
214.906532646
211.943401188
208.993863472
206.059021247
203.138509679
200.240926227
197.368533562
194.524993338
191.711589991
188.935467587
186.199852707
183.504493479
180.857185855
178.257179783
175.710045323
173.218756404
170.787890746
168.415174183
166.105834063
163.864807428
161.689268146
159.584968844
157.553224986
155.592628092
153.712614767
151.903434338
150.172577987
148.522025801
146.948015458
145.452234522
144.035752954
142.698518797
141.439119289
140.257916609
139.154457773
138.123041630
137.171945866
136.293275318
135.482439917
134.746361415
134.078196602
133.473347539
132.935357019
132.459254823
132.042183615
280.095163376
281.305066314
282.460395800
283.557216666
284.593480113
285.553038997
286.440309295
287.244928903
287.961556189
288.590867182
289.119190818
289.546469442
289.875795806
290.092835528
290.200694819
290.197004800
290.085927990
289.853946385
289.511521833
289.055700151
288.479983275
287.794582154
286.998799400
286.082814949
285.060265733
283.931063402
282.698689823
281.360123584
279.922830028
278.382500375
276.755241039
275.029513466
273.223413846
271.326145646
269.352113357
267.297518724
265.166272319
262.965801100
260.695998257
258.364579303
255.966945565
253.516562503
251.006398659
248.448139394
245.842813089
243.191843171
240.496244021
237.767354230
235.004263996
232.209392200
229.385503332
226.538608489
223.673805816
220.788744491
217.893086911
214.988060589
212.076221211
209.166874882
206.261329728
203.359804172
200.470807527
197.597546843
194.744018470
191.912273629
189.109454878
186.339825583
183.603854386
180.909522837
178.257215499
175.652746703
173.099685380
170.603468468
168.162372587
165.782151032
163.468284965
161.218459044
159.039066411
156.931619012
154.895537070
152.940567484
151.057312429
149.253480539
147.531600736
145.888214613
144.325023215
142.843894375
141.444406605
140.125553644
138.887909726
137.731368226
136.650109782
135.652576410
134.730859996
133.880833108
133.109027078
132.408793513
131.775720767
131.213350538
130.716535568
130.282431375
276.403386790
277.303826566
278.160426246
278.970418118
279.733433639
280.434422723
281.079252397
281.658278612
282.168043931
282.609081551
282.969529647
283.250106392
283.453948243
283.567803188
283.594983727
283.533174777
283.386726899
283.142111909
282.810207624
282.387013887
281.865924649
281.256291468
280.556743220
279.757129340
278.869894330
277.893183932
276.829979165
275.676226125
274.437834389
273.109254308
271.705043980
270.212143964
268.647506219
266.998728247
265.278256453
263.481451493
261.610307619
259.670977189
257.661991529
255.589724935
253.448110644
251.249459928
248.985738649
246.666938432
244.293427909
241.865969852
239.384176626
236.858830340
234.288336561
231.674331722
229.019600000
226.328957349
223.608011181
220.853549934
218.075434105
215.274977248
212.454496378
209.623628223
206.783816122
203.935801102
201.087931039
198.244327586
195.409285584
192.585657336
189.780518254
186.999233638
184.243011805
181.520014050
178.831849070
176.184593792
173.582482620
171.031895299
168.531710296
166.088260217
163.707685119
161.388232594
159.137015507
156.955813803
154.844958857
152.814604734
150.855728492
148.976345251
147.179627719
145.462459459
143.826618628
142.274842112
140.806393475
139.420716277
138.118636161
136.900481250
135.760320532
134.706830312
133.732128739
132.832583257
132.014384601
131.271112404
130.598582743
130.000384917
129.471230590
129.008331338
272.049517820
272.616076685
273.150793012
273.652075347
274.121157199
274.544119659
274.928220632
275.264589810
275.551533285
275.789510507
275.968485304
276.089895080
276.156942450
276.157522715
276.095168039
275.967650888
275.779498321
275.517339166
275.192381521
274.799727897
274.332744907
273.799999755
273.199429012
272.520798599
271.775322792
270.959486560
270.075814388
269.119342151
268.094401193
266.994358221
265.832098018
264.593233364
263.293426754
261.918730804
260.479637896
258.970568458
257.391587987
255.747446687
254.035259595
252.259901349
250.413775805
248.507779399
246.532833480
244.497034010
242.399863780
240.241265081
238.019263021
235.743843006
233.412547447
231.025986848
228.586804579
226.098407970
223.566703400
220.987414675
218.370444431
215.717018874
213.029067818
210.316386915
207.580442671
204.822394158
202.050311625
199.269162258
196.483457922
193.696851564
190.916259518
188.148173187
185.394530712
182.663652615
179.958429565
177.285207693
174.648942924
172.057024634
169.508982571
167.011770771
164.572298889
162.189435782
159.871089292
157.619382596
155.435644468
153.330538906
151.295449710
149.338792892
147.464488305
145.669807625
143.956678110
142.328786673
140.785142244
139.325693657
137.951559550
136.663600036
135.455787803
134.337104532
133.299739465
132.340591134
131.465563157
130.668497953
129.945481085
129.300199387
128.727258433
128.223969902
267.187862351
267.403416359
267.600082840
267.777405891
267.938087463
268.069325191
268.179652662
268.260993042
268.313234532
268.336817683
268.323483696
268.275302239
268.195557729
268.073307819
267.912312177
267.710452124
267.472417209
267.185154827
266.860108935
266.491663891
266.073252429
265.612756483
265.107444671
264.547257931
263.942196720
263.287258958
262.584595829
261.828510228
261.021802786
260.156967277
259.245184277
258.270986950
257.248677826
256.162905528
255.022284633
253.820268904
252.555057199
251.229937205
249.840612415
248.390364394
246.870064619
245.288986029
243.636997364
241.920156320
240.136846441
238.286058143
236.364065692
234.379825493
232.329838939
230.213451376
228.032983215
225.790217130
223.491109449
221.130100769
218.716944593
216.252566330
213.738328647
211.183967520
208.590819453
205.960314029
203.300084671
200.615833132
197.912158157
195.193473838
192.466416139
189.738578875
187.012585760
184.296877131
181.595644405
178.915491870
176.262133855
173.644011522
171.061350168
168.521750972
166.032994944
163.594632055
161.215432629
158.897938896
156.644564653
154.466587876
152.355841502
150.321239167
148.367558353
146.492512460
144.698257655
142.989521348
141.365123267
139.825586745
138.372366849
137.006962443
135.723275825
134.530665686
133.421445055
132.393085427
131.451260125
130.590113033
129.806042829
129.102885391
128.475175881
127.920371722
261.983606388
261.837964572
261.687047765
261.531454440
261.375176293
261.206471781
261.034988207
260.853431432
260.663042572
260.464281693
260.250561980
260.024473569
259.789388821
259.535495914
259.266780322
258.981238573
258.683702213
258.361581504
258.026454385
257.672180139
257.292352883
256.894279805
256.474619789
256.023738313
255.550485074
255.048592034
254.519949360
253.958342793
253.365149971
252.732240202
252.069144506
251.359607266
250.616572410
249.823497289
248.987263181
248.100402874
247.159385768
246.166048190
245.114751377
244.007162472
242.832685255
241.598827281
240.294439445
238.923472045
237.483027905
235.971055540
234.381955063
232.723444031
230.990823502
229.181955797
227.298647666
225.340853423
223.314304449
221.211937312
219.043138952
216.808288590
214.507976700
212.151618413
209.740230181
207.275320667
204.763885411
202.212204931
199.624782747
197.006710296
194.364187264
191.705831199
189.034865371
186.359784572
183.686051335
181.020492251
178.369588260
175.742841037
173.141204070
170.572926327
168.046745633
165.562947577
163.131218788
160.754591718
158.436648546
156.189381698
154.005123940
151.893381034
149.859903453
147.902904671
146.024857763
144.231626690
142.521914026
140.896899124
139.358419524
137.908728193
136.541695174
135.267128454
134.077526727
132.970983429
131.953002286
131.018072471
130.162953445
129.391683707
128.698766170
128.081852142
256.590807288
256.080460508
255.578815559
255.087412730
254.611324759
254.139784426
253.683357331
253.235496481
252.798536700
252.372980404
251.953761670
251.543864848
251.146745141
250.753650159
250.368778635
249.990234315
249.622961498
249.254953008
248.897813180
248.545068487
248.190562291
247.841137842
247.492923088
247.136933308
246.780963663
246.417727675
246.048982209
245.668231675
245.275581415
244.862545267
244.437130265
243.982605209
243.510620893
243.003712144
242.467226321
241.892889354
241.275642104
240.615951053
239.906965610
239.148792100
238.329498712
237.454761995
236.512496963
235.504560166
234.426639457
233.275604430
232.043911864
230.737870598
229.351455425
227.880868460
226.327218112
224.688456029
222.969805468
221.162492519
219.275305294
217.307814433
215.259619185
213.139521402
210.947997659
208.686406192
206.360869248
203.978046542
201.542114251
199.058712389
196.533414061
193.975722639
191.389328980
188.782687645
186.162447458
183.535591353
180.909339653
178.294221596
175.691934056
173.111343318
170.562205719
168.045584280
165.572116864
163.145387185
160.770219419
158.459411080
156.205852563
154.019727881
151.907878330
149.869078486
147.906211232
146.026377301
144.228239832
142.513727123
140.885107223
139.345510406
137.888825610
136.525382537
135.247937490
134.055262623
132.952757114
131.935305672
131.000081029
130.151380638
129.383717046
128.694986720
251.154691866
250.282659908
249.433408700
248.609283950
247.816213185
247.044294591
246.304793723
245.591857094
244.908636516
244.255685094
243.629272070
243.032640648
242.469312914
241.931490737
241.423562330
240.943715040
240.496966492
240.071978903
239.680273481
239.315219644
238.970981944
238.654040233
238.360078179
238.080947892
237.823505821
237.579698827
237.351280655
237.131710070
236.919998638
236.707572167
236.501093537
236.283671493
236.065780500
235.829338583
235.578399646
235.304052152
234.999962226
234.665370167
234.292400061
233.879721658
233.414264136
232.899889649
232.323707231
231.685581962
230.979712765
230.201915436
229.342701935
228.406859042
227.386958725
226.277425954
225.078509257
223.786032086
222.404439027
220.923072264
219.349892264
217.683399512
215.921985057
214.073529551
212.137733864
210.115547686
208.011962112
205.833778968
203.584571950
201.270357446
198.895860708
196.471273511
194.000575043
191.492053076
188.953397533
186.391647479
183.814693424
181.234009894
178.652028944
176.078164575
173.523222079
170.989062825
168.487285209
166.022068277
163.599534994
161.233361476
158.917056472
156.661554223
154.474902192
152.356494740
150.309721557
148.343018163
146.455091572
144.648720073
142.926651911
141.293023074
139.741805748
138.283923279
136.912471627
135.626966333
134.432771747
133.325225077
132.301970727
131.367624421
130.516755370
129.747560016
245.799251698
244.574147325
243.385764112
242.237105867
241.134726004
240.069467523
239.053069363
238.080308061
237.154874992
236.277371785
235.445195830
234.661715838
233.930494616
233.244561796
232.608461151
232.020428048
231.485504297
230.993075107
230.554469724
230.163051104
229.813356922
229.511584930
229.253060368
229.030610274
228.850276135
228.703474574
228.592076394
228.509711957
228.454486815
228.417986610
228.405741935
228.400997938
228.413204807
228.423982357
228.436352812
228.440975448
228.430527855
228.403215752
228.350366908
228.269397143
228.146347276
227.983357743
227.766905152
227.495048514
227.160492107
226.758086121
226.276470387
225.718863181
225.076418275
224.341740979
223.514097574
222.587123016
221.564245576
220.432803476
219.199721664
217.862191618
216.417199824
214.871403287
213.223491676
211.473735726
209.625732423
207.686162842
205.657692367
203.546507190
201.356240362
199.097520834
196.774392934
194.394821875
191.967332338
189.498884200
186.997923893
184.476734651
181.938447214
179.392910620
176.851969759
174.318277568
171.804369571
169.315040738
166.857744789
164.447084464
162.077246637
159.759965295
157.504600599
155.311218030
153.183809978
151.132236956
149.155335987
147.256841048
145.440027997
143.710168936
142.061396155
140.505295206
139.035393235
137.652020366
136.360579630
135.156924425
134.039235040
133.012507105
132.071419764
131.214527277
240.636433783
239.071250709
237.556356498
236.095264217
234.694935758
233.346837480
232.062961229
230.838647963
229.677866507
228.581259840
227.547139990
226.578878909
225.680050070
224.844373412
224.076509942
223.374701769
222.743959990
222.174416734
221.677107380
221.245510606
220.874569028
220.570259350
220.327626775
220.140562041
220.014414210
219.940279116
219.920247039
219.948307574
220.021843335
220.132815428
220.285846633
220.464582583
220.677617877
220.906587798
221.153747118
221.409555014
221.666000597
221.920477726
222.163773520
222.392276227
222.591426096
222.761802807
222.889455756
222.970897022
222.997396243
222.962985849
222.854579258
222.673850088
222.410584020
222.055606461
221.607127112
221.056607315
220.406271601
219.641398606
218.767707834
217.780882968
216.676344458
215.459247475
214.127051669
212.679080070
211.117284183
209.447946723
207.672502322
205.797073719
203.823943719
201.763880147
199.620730078
197.401953516
195.116643316
192.771510175
190.375393541
187.941191950
185.472664976
182.979936479
180.475835327
177.963763467
175.457131954
172.961341854
170.485176922
168.044181743
165.633273905
163.265007509
160.950147570
158.689468395
156.487656271
154.356072604
152.293771163
150.305547303
148.395249190
146.569412473
144.822417895
143.166577761
141.595949767
140.111755656
138.719514525
137.415666116
136.198996404
135.074945305
134.038362536
133.088220969
235.759304516
233.870979852
232.045936899
230.288054820
228.604505452
226.987262718
225.448364486
223.983652964
222.597136292
221.289488106
220.059724760
218.911113997
217.847207766
216.862275671
215.961054885
215.141749194
214.409280477
213.754523294
213.188127446
212.703777366
212.296832001
211.973084898
211.727367399
211.554671655
211.459768276
211.433604274
211.478566911
211.589153225
211.762189737
211.990183692
212.277070739
212.607113404
212.988222754
213.402336405
213.851192745
214.325281121
214.816196268
215.320756247
215.829472475
216.337957592
216.831359429
217.308910250
217.756458127
218.169285166
218.537348348
218.854061595
219.104826358
219.289866708
219.397717383
219.417550646
219.346503300
219.173962515
218.900827349
218.510342948
218.006907193
217.384559219
216.637047366
215.767795391
214.772852266
213.650348952
212.400375092
211.028543896
209.534741696
207.924786090
206.199353667
204.369024092
202.437157588
200.410509200
198.298423059
196.107161889
193.845750554
191.527454075
189.156557122
186.743250961
184.301241423
181.834595807
179.357495920
176.875902033
174.399886956
171.945909543
169.509658213
167.104488982
164.742639768
162.425610393
160.158860810
157.955304977
155.814295998
153.741789378
151.742240736
149.823568108
147.980497067
146.226121689
144.555134468
142.969728076
141.475616347
140.069899714
138.752044068
137.527998522
136.392851206
135.346056127
231.250736249
229.059055694
226.942871571
224.906299783
222.956553299
221.086009884
219.306571539
217.614528169
216.013721962
214.504850096
213.087436638
211.764560801
210.539723567
209.407611061
208.372999120
207.434011073
206.595423018
205.848827194
205.204412038
204.656129596
204.199751121
203.840905115
203.574263693
203.395913423
203.310149696
203.307902632
203.391909013
203.557278743
203.800426225
204.114527150
204.503034142
204.950989712
205.465782749
206.029900780
206.644788583
207.301181733
207.990550878
208.709369439
209.448129901
210.201927071
210.955923440
211.708251416
212.444786723
213.159934436
213.842509567
214.485541774
215.073189148
215.604382541
216.066581346
216.447510386
216.743273470
216.941364476
217.041307435
217.024422042
216.893732178
216.641568020
216.259965083
215.750451300
215.107537089
214.327957141
213.409777151
212.357691242
211.169745949
209.851218731
208.400942236
206.828968537
205.137869999
203.333489594
201.425067769
199.418200390
197.321851933
195.149356793
192.905387811
190.599953428
188.247476879
185.852564059
183.430018078
180.986271038
178.532598844
176.086299325
173.643852891
171.219355378
168.826555919
166.467668504
164.148989584
161.885006620
159.675445943
157.527508230
155.446279949
153.441165170
151.507334441
149.658707729
147.890716915
146.206604405
144.612357379
143.105813307
141.687194448
140.363024227
139.128703542
137.984229956
227.166246232
224.692729100
222.305980483
220.010240641
217.812628132
215.705837083
213.701480766
211.796254212
209.993666504
208.294434807
206.698414873
205.208435804
203.827923726
202.551860537
201.385028118
200.325433459
199.377653409
198.533958324
197.804016522
197.182083689
196.664327511
196.256211504
195.952291563
195.749703598
195.652357476
195.651258414
195.749519452
195.942927043
196.227599911
196.597455795
197.055641630
197.588088547
198.201804042
198.880024496
199.624087397
200.425162459
201.274831063
202.169433025
203.099676977
204.060386376
205.037028058
206.026897722
207.016117221
207.998582243
208.962171719
209.899785657
210.794646318
211.644597659
212.436247375
213.156147991
213.799464029
214.352052355
214.812088024
215.159156559
215.394925259
215.510033344
215.494837836
215.348886333
215.065090993
214.638644822
214.065499182
213.349220812
212.485772807
211.479683239
210.327739097
209.039135760
207.615361785
206.061147754
204.385254622
202.592384048
200.691164967
198.694665365
196.607780367
194.440048560
192.206398741
189.911803999
187.571493837
185.192240516
182.786386709
180.371938831
177.946165381
175.523788479
173.120066838
170.737881660
168.384403705
166.075673202
163.811848495
161.601437775
159.450162915
157.368993485
155.353644241
153.418886984
151.560993549
149.784328898
148.095228008
146.492340607
144.976721074
143.555529274
142.224559117
140.984412461
223.556005862
220.823624943
218.188183246
215.653953314
213.227859962
210.902844146
208.690109107
206.586726124
204.595743699
202.717901788
200.953236174
199.304289413
197.774396486
196.358731418
195.062057932
193.882239724
192.823608257
191.879063133
191.057714523
190.354136562
189.764871066
189.295203199
188.939607112
188.696193247
188.568563863
188.547854972
188.637560721
188.834169322
189.133593442
189.530520778
190.027939734
190.612725309
191.291619778
192.048754039
192.885502230
193.793620012
194.764988799
195.795995212
196.877764600
198.005070546
199.163939350
200.351090971
201.553086218
202.763672219
203.970015162
205.165141187
206.331663429
207.466578392
208.555897045
209.585325945
210.549227861
211.432140354
212.230985614
212.923880554
213.511221860
213.982058466
214.325179778
214.538157634
214.612321757
214.541249755
214.318773905
213.947181498
213.420178275
212.741377233
211.905371312
210.920204772
209.786013156
208.506236217
207.088782153
205.537237824
203.859609234
202.068339962
200.168361085
198.168431189
196.083727625
193.919379763
191.690808428
189.404952207
187.075033910
184.719582353
182.336620781
179.941329969
177.550431439
175.167385010
172.800242304
170.466526656
168.166866033
165.911106822
163.705587455
161.562889823
159.479363999
157.470636951
155.533910323
153.674732450
151.899852430
150.208801526
148.603537420
147.091912283
145.670196830
144.339652328
220.451765343
217.484374083
214.622841613
211.871402615
209.236725869
206.711948851
204.307777470
202.021645804
199.856053547
197.811774472
195.888900702
194.089675972
192.417338480
190.867170775
189.443904375
188.145245059
186.975241561
185.927371385
185.010169512
184.218528127
183.549339831
183.007688349
182.587996107
182.289252654
182.114820746
182.055992521
182.116631108
182.293919653
182.583629316
182.981207258
183.489598862
184.096632469
184.808872998
185.611439657
186.505844576
187.484540485
188.539849251
189.668346291
190.861734128
192.114921139
193.414703584
194.757468978
196.130373716
197.527350027
198.935077266
200.346947605
201.745290556
203.126509941
204.476288731
205.779844477
207.030905682
208.213051058
209.322106097
210.335042908
211.251135983
212.058020667
212.743101440
213.302068153
213.724761482
214.003148223
214.129028507
214.103326551
213.917400649
213.573841586
213.064967821
212.397434086
211.569799721
210.584072607
209.446960594
208.160738764
206.732506545
205.173723749
203.489160510
201.686478919
199.780812148
197.777204176
195.691000078
193.529092735
191.305352388
189.038589410
186.727516526
184.387551696
182.036782095
179.679113059
177.323445854
174.988662709
172.675871173
170.396247579
168.156698681
165.971424824
163.837487275
161.771343750
159.771197446
157.843823403
155.996438261
154.229512839
152.545970272
150.954401073
149.451637633
148.039646997
217.880422391
214.701941625
211.636883361
208.689393312
205.865857648
203.159577436
200.580705225
198.127037432
195.800474284
193.601840053
191.531187600
189.590470644
187.782834107
186.103606007
184.557481747
183.142006155
181.860917450
180.708220406
179.691878283
178.807089328
178.051075579
177.428690589
176.934332705
176.567762841
176.332164187
176.218986850
176.232437845
176.370363460
176.628436955
177.002823470
177.496511184
178.098252440
178.814497018
179.631397359
180.550665248
181.565520370
182.668817220
183.857420928
185.123727661
186.462923894
187.862734243
189.319427971
190.820870846
192.361472287
193.927637256
195.513334503
197.100916227
198.686445941
200.255543117
201.793301488
203.292998121
204.737634735
206.122141015
207.422707805
208.637685170
209.753535349
210.756521207
211.640627551
212.394372290
213.008194600
213.472040804
213.785461755
213.937472717
213.929604015
213.751896965
213.409453869
212.899098130
212.221316075
211.381317094
210.379907920
209.223021998
207.920795662
206.477645485
204.899832628
203.202133599
201.389246651
199.476154510
197.469463891
195.383420412
193.236827625
191.028990490
188.775293473
186.495040497
184.192403455
181.877060745
179.569070474
177.269998096
174.992293758
172.743351975
170.538948794
168.376909519
166.274464704
164.230866231
162.254133516
160.351985751
158.525874405
156.779735471
155.122929433
153.552931802
152.072448666
215.850522988
212.485073331
209.239147440
206.116770494
203.124050627
200.254435592
197.517497295
194.911406890
192.437447809
190.096517447
187.888561218
185.815269399
183.879708136
182.077207654
180.412433414
178.882779473
177.491655324
176.233547534
175.115870245
174.134109462
173.285801831
172.575538957
171.997725171
171.552779856
171.243761768
171.062264774
171.012807717
171.093851783
171.300999646
171.631071802
172.087159404
172.658882374
173.352613468
174.155543893
175.069612509
176.088838728
177.206658499
178.420288458
179.722893177
181.110038595
182.570482660
184.100556702
185.688904208
187.330653271
189.012124315
190.728034311
192.461031389
194.207074740
195.951965918
197.681028913
199.387272868
201.053505241
202.673988295
204.224514744
205.702742086
207.094246407
208.384438597
209.565844887
210.625888209
211.553636970
212.337443884
212.975548505
213.454723957
213.775474057
213.925641634
213.908700618
213.719654892
213.357438874
212.825536072
212.123181042
211.254923441
210.229277899
209.050131356
207.722071328
206.259202062
204.665611543
202.955628271
201.135315296
199.218994083
197.225134980
195.153508996
193.019155142
190.842395628
188.627446538
186.384647644
184.134991816
181.880445189
179.634623498
177.405293469
175.209709239
173.046482879
170.933523402
168.871145993
166.868600851
164.934120901
163.070156737
161.281684101
159.578845821
157.959834520
156.428111104
214.366610059
210.838125294
207.433729145
204.157309733
201.014731016
197.999583608
195.120856900
192.377120460
189.769052463
187.297650522
184.962710018
182.765699601
180.709629405
178.789808566
177.010887158
175.370131024
173.870612314
172.507260571
171.286981166
170.205526176
169.260740620
168.456921265
167.788513983
167.256483686
166.863817091
166.602228215
166.476512609
166.485687667
166.625301827
166.892755199
167.291280326
167.811290289
168.459099174
169.222909979
170.104888043
171.099853114
172.201833505
173.408422917
174.713590693
176.113342355
177.597522654
179.162666490
180.798218350
182.500209454
184.255034432
186.058283586
187.893129743
189.755634082
191.631992754
193.508083347
195.376816940
197.221168714
199.034971642
200.793998795
202.495463635
204.124368550
205.665588600
207.110489929
208.445673770
209.659055783
210.737723075
211.678731847
212.466805524
213.101526871
213.568698685
213.870185332
213.999172161
213.953078016
213.733521407
213.338127458
212.769903626
212.035509003
211.138157575
210.080544437
208.875804175
207.527165355
206.048025945
204.443647450
202.728117307
200.919226491
199.017064286
197.035986411
194.997092267
192.904385521
190.768710907
188.611702192
186.435633824
184.255125503
182.078165837
179.923332341
177.790010407
175.696654177
173.644619110
171.644334435
169.704529965
167.828644481
166.022694408
164.297592651
162.652310411
161.091055727
213.410707213
209.743031431
206.202420205
202.792619659
199.519305933
196.376218969
193.371783729
190.504999410
187.775974698
185.185835765
182.734208532
180.422390766
178.253367952
176.222420350
174.334205025
172.585892268
170.980216156
169.512518923
168.189251484
167.006409830
165.962151134
165.060444264
164.295819890
163.669680117
163.184990487
162.833558456
162.620421641
162.545091319
162.603071445
162.792260688
163.116055566
163.565579243
164.147090170
164.849754302
165.675942667
166.621250469
167.680280467
168.850999640
170.128186682
171.508311827
172.982314641
174.547038031
176.192711766
177.916397844
179.704690718
181.554132639
183.448600198
185.384426622
187.348375254
189.327158222
191.313733851
193.291571504
195.254307031
197.178049994
199.059818027
200.884358242
202.636334057
204.306281377
205.880280709
207.345358229
208.687711727
209.903395670
210.975356677
211.902423938
212.668590778
213.274222611
213.710772643
213.974247045
214.064357425
213.977153488
213.714014110
213.279588996
212.676319642
211.904860370
210.977116082
209.895239592
208.671453670
207.309977956
205.824362851
204.231371276
202.531250561
200.737326454
198.871201481
196.936386242
194.944039036
192.916095661
190.855014307
188.776204173
186.687694304
184.609171622
182.540742538
180.501232436
178.492972018
176.527474911
174.613917621
172.756682649
170.962795156
169.243896514
167.599779001
166.035362314
212.973882338
209.190572705
205.535677091
202.012803888
198.627516644
195.373718975
192.259305237
189.283742676
186.446625638
183.749237123
181.191035366
178.773204637
176.498743332
174.362910729
172.370397957
170.518323084
168.809088635
167.238427980
165.812404404
164.527237489
163.381411015
162.378534760
161.513276792
160.787375523
160.203827380
159.754507685
159.444665751
159.274245657
159.238714335
159.336390573
159.570845252
159.933828971
160.431537483
161.054037013
161.803871188
162.677368211
163.669666802
164.779081123
166.001179937
167.332895126
168.766230858
170.298410091
171.920399119
173.630365576
175.415196252
177.272419214
179.186742882
181.154902825
183.164357487
185.202882287
187.263596888
189.330742247
191.397969733
193.442040643
195.460009400
197.436671353
199.356790348
201.210410813
202.983399065
204.662180454
206.232462856
207.689516914
209.014844523
210.206737059
211.247663925
212.136682714
212.863678240
213.423404539
213.813722778
214.029211189
214.069609998
213.937495106
213.634487190
213.159133419
212.521902905
211.723704942
210.775391620
209.679934612
208.450070718
207.101205183
205.633583008
204.059165552
202.399766812
200.658116431
198.845469415
196.983696807
195.075290939
193.136190478
191.174261469
189.210033862
187.244242628
185.295877093
183.368134815
181.473476051
179.621440501
177.817273560
176.068941645
174.388741342
172.777306200
171.240199655
213.024121137
209.148704681
205.401428070
201.785769811
198.307267453
194.960006269
191.751393634
188.681405552
185.749190529
182.956212747
180.301782090
177.787026616
175.414999236
173.180957518
171.089655644
169.138209873
167.328702493
165.657244689
164.129586736
162.742153655
161.493780956
160.387687923
159.418743461
158.588929636
157.901325896
157.347856101
156.933954664
156.659942862
156.521258588
156.516568472
156.649620537
156.912716840
157.311975884
157.838296361
158.494354478
159.277157373
160.182328918
161.208488768
162.351959329
163.610110173
164.975949866
166.447124923
168.015265087
169.679671001
171.427583518
173.257510584
175.155071684
177.117494515
179.133015376
181.190646083
183.283746413
185.397549981
187.525906968
189.646494021
191.756606849
193.841362780
195.885910665
197.880131720
199.809972969
201.661554432
203.420495463
205.081520801
206.625059704
208.049114009
209.334955120
210.480591141
211.474569288
212.310602491
212.984853107
213.490598274
213.826009352
213.991620481
213.988241004
213.812335117
213.472801493
212.969201881
212.310887258
211.499428540
210.546517807
209.465915954
208.257719070
206.932224684
205.511166926
203.996217884
202.398501044
200.739444617
199.021410930
197.260573689
195.464419722
193.654010620
191.830580997
190.013047428
188.205324395
186.420637157
184.668771179
182.955715254
181.290270891
179.685280777
178.142211897
176.667167931
213.529194274
209.584916080
205.766908391
202.078528714
198.525382421
195.101755612
191.814617499
188.664494056
185.650165702
182.773295862
180.033079647
177.430643652
174.969138549
172.643847761
170.459617437
168.413617422
166.507624353
164.738120686
163.110623078
161.621746927
160.270713346
159.060319590
157.985709462
157.049024837
156.253480735
155.591037567
155.067294442
154.682901009
154.433276896
154.317375105
154.339118608
154.491296505
154.779932226
155.196690007
155.744337618
156.420502362
157.221237387
158.145418038
159.190074375
160.352976876
161.628057793
163.013410140
164.501238511
166.091965341
167.773222938
169.544461194
171.392247470
173.314355370
175.299841396
177.339072839
179.425694025
181.546095005
183.694474211
185.849629538
188.009267477
190.159060317
192.284786631
194.376466706
196.420394941
198.402671080
200.309207025
202.134421011
203.858058466
205.478092431
206.974941386
208.345867027
209.578358885
210.665332431
211.601483209
212.379010375
212.994656726
213.447037016
213.736212040
213.856675622
213.815696554
213.611454887
213.251741611
212.736636949
212.076616404
211.283568458
210.357318440
209.306255072
208.151757499
206.894192837
205.544327342
204.122777641
202.631608810
201.086914464
199.495587539
197.878878012
196.238360425
194.592624511
192.946115119
191.312602748
189.701971145
188.120797858
186.578573897
185.088545888
183.652976368
182.278368934
214.445064264
210.455286784
206.588364176
202.847539964
199.238582590
195.755997798
192.406366531
189.190803933
186.107805615
183.159243743
180.344245391
177.663982721
175.121748020
172.712884867
170.442357080
168.307447423
166.309643268
164.445798017
162.721275538
161.132869791
159.680229916
158.365698304
157.184779226
156.139698506
155.233859075
154.459257014
153.821640125
153.321947347
152.955594393
152.721773178
152.624576237
152.657230991
152.825646026
153.122191176
153.549687342
154.106323095
154.788525656
155.595373477
156.524554181
157.574195742
158.739060226
160.017694272
161.402781036
162.895821900
164.484857893
166.170217223
167.939415045
169.790792349
171.714230689
173.701519335
175.746598992
177.837120735
179.967743894
182.118529903
184.287724933
186.461738045
188.627173815
190.774451174
192.890437307
194.961469029
196.974091502
198.922641295
200.786560777
202.564049756
204.235017409
205.796305083
207.234653539
208.542441577
209.713193390
210.738291727
211.613253404
212.334977273
212.902889187
213.309707934
213.561095546
213.653891082
213.594345447
213.381033395
213.023114709
212.530456408
211.902529968
211.145646705
210.280592763
209.306234293
208.232775886
207.079687918
205.848585549
204.555166332
203.205533735
201.820769786
200.402610281
198.969061052
197.524884780
196.084148017
194.656663015
193.249411380
191.872392492
190.539083900
189.252475928
188.019295596
215.718452440
211.706470550
207.812475602
204.039598745
200.393861778
196.870006346
193.474270476
190.208392414
187.070666575
184.063171903
181.185022545
178.437471892
175.823994757
173.340031710
170.990683494
168.773404938
166.689409996
164.735925835
162.918241385
161.233319362
159.681284241
158.263988313
156.977390405
155.823731415
154.806652036
153.918193515
153.164240650
152.545990589
152.058874493
151.702289086
151.480489719
151.387110521
151.427924991
151.595958929
151.894053572
152.320903510
152.873260413
153.550355850
154.350486136
155.272093245
156.310669980
157.465215270
158.728795131
160.103925490
161.579060545
163.155328132
164.821163684
166.575473301
168.408940542
170.314800369
172.287275431
174.315332348
176.394169764
178.505198008
180.647292943
182.807732485
184.974092577
187.137404765
189.285287158
191.404534350
193.482615128
195.513982515
197.478132257
199.373724924
201.180486600
202.895164454
204.504069198
205.999302012
207.373552255
208.617667677
209.726184307
210.694552953
211.521715042
212.198876454
212.730189229
213.111260919
213.346893384
213.434214554
213.381043472
213.195160610
212.875642956
212.426641625
211.868159740
211.197429666
210.423924207
209.565684236
208.623747852
207.613117023
206.538944039
205.421790054
204.263366687
203.080850677
201.879095179
200.672195983
199.469711155
198.278821249
197.109823053
195.976229025
194.881661250
193.832863564
217.301991584
213.290489767
209.390787799
205.605900251
201.942185556
198.394634467
194.969180870
191.668214131
188.489909108
185.436536895
182.507261703
179.703439059
177.028763763
174.478810675
172.058827996
169.766499660
167.602780680
165.565275892
163.659270382
161.881887957
160.233777736
158.716262275
157.325856916
156.064753199
154.936874841
153.934328752
153.063126073
152.324699609
151.714518188
151.232163706
150.882045203
150.658188976
150.566213059
150.599761817
150.761669918
151.051088646
151.465052273
152.002900735
152.663494104
153.445547877
154.345186661
155.361855144
156.488912690
157.729808988
159.073408322
160.521549533
162.063540630
163.698831735
165.418862767
167.218301134
169.091616152
171.029097743
173.026531686
175.066707487
177.149182534
179.262185357
181.394357321
183.537503664
185.680120321
187.809634937
189.914669705
191.989956055
194.015357281
195.990194736
197.894303872
199.724643535
201.467403092
203.114647304
204.658586512
206.089815174
207.402160449
208.589937390
209.651778853
210.577688743
211.370472380
212.024675680
212.543806316
212.923676537
213.170813514
213.290935252
213.282731992
213.148205323
212.906446324
212.552998003
212.096478958
211.553288506
210.923801032
210.222059769
209.452154470
208.633797762
207.768499837
206.872393645
205.950196069
205.015763353
204.078217077
203.144723453
202.225645636
201.334322106
200.474888763
199.653876575
219.134636596
215.146106541
211.262019020
207.485261116
203.822599130
200.269283129
196.830972707
193.510728192
190.306681985
187.221269355
184.253772379
181.405653590
178.680859063
176.075133556
173.593872605
171.235041992
168.999349143
166.884779336
164.896675461
163.032315072
161.292920400
159.679240122
158.188452079
156.822637863
155.586042085
154.470867894
153.483241801
152.624816264
151.891122715
151.281921387
150.801763768
150.445070115
150.217282484
150.112639232
150.133948587
150.280776205
150.550406945
150.942252254
151.455696960
152.089696575
152.840912693
153.709229183
154.688219738
155.782178342
156.980373768
158.285265085
159.686972309
161.185457849
162.772858089
164.445231800
166.197246522
168.020486763
169.911348866
171.853985473
173.848656423
175.884577746
177.951503964
180.042126119
182.145894909
184.251000208
186.347385340
188.430183611
190.479888134
192.496639279
194.460632209
196.369307846
198.209017518
199.972000493
201.650341047
203.234647035
204.718315252
206.094860844
207.362793246
208.511253494
209.541913571
210.448473459
211.233350709
211.891233681
212.427471251
212.845827083
213.144656637
213.323914767
213.401715278
213.371935525
213.242274330
213.027357741
212.726858231
212.353648782
211.910705915
211.416608934
210.872511188
210.293332849
209.683442862
209.056203462
208.420130146
207.782168014
207.152507306
206.544103324
205.961473108
205.410693210
221.153520421
217.209614025
213.361821249
209.612884170
205.970033370
202.428785888
198.994546010
195.671055576
192.456475243
189.353362135
186.361187343
183.481506567
180.718541690
178.068238778
175.536128020
173.120502043
170.821828562
168.638472427
166.575881926
164.631480952
162.807108302
161.102888343
159.516768728
158.050661088
156.709158560
155.484599612
154.383211174
153.406854028
152.551147055
151.816033226
151.206191063
150.716450536
150.352055391
150.107826561
149.986530597
149.988112419
150.110085048
150.351902840
150.713442610
151.193874105
151.790308536
152.503063194
153.325860857
154.263745480
155.306385467
156.456771176
157.705768157
159.053812506
160.493668714
162.022725979
163.635793894
165.325693831
167.089437192
168.912485090
170.795795144
172.729569544
174.704682176
176.714775570
178.750286693
180.800250562
182.856038946
184.913269608
186.953270773
188.977114238
190.965556551
192.916743871
194.817435671
196.660216157
198.437376753
200.139774745
201.760645847
203.293043755
204.735536054
206.076745665
207.317459949
208.450778403
209.478264067
210.393722162
211.201489740
211.903557849
212.498039302
212.983029234
213.375663123
213.668256120
213.867581387
213.986447005
214.023839932
213.991315170
213.890755002
213.739378731
213.537862934
213.299805275
213.029046135
212.738229207
212.435122382
212.126264311
211.821437979
211.533020480
211.265773543
211.025079344
223.295222681
219.416803399
215.625397234
211.923578330
208.319081816
204.807699048
201.394587293
198.084171093
194.874703757
191.768809533
188.766221807
185.868557384
183.080331948
180.397719312
177.826358414
175.364905642
173.013593336
170.771159792
168.643190343
166.627247331
164.725821660
162.938357602
161.263676729
159.703460909
158.262666895
156.933813606
155.723208294
154.632910623
153.658650499
152.800566280
152.063443579
151.442548432
150.942902041
150.559907599
150.296278337
150.152310598
150.125731813
150.216019423
150.423515850
150.747587628
151.185717339
151.738653537
152.400218231
153.176110126
154.056396994
155.044518052
156.132016710
157.319764428
158.601083165
159.974619344
161.435268342
162.977010658
164.597466295
166.283321811
168.036210473
169.847290104
171.708528324
173.614546536
175.556761113
177.525094576
179.512401247
181.514829498
183.514690503
185.514054994
187.494393638
189.454728949
191.382430261
193.270551623
195.111890662
196.897749357
198.621447341
200.275899195
201.859894353
203.361868166
204.781986615
206.113005465
207.355879944
208.503803528
209.560301852
210.525831503
211.398382181
212.174444552
212.870229960
213.476663483
213.999642282
214.450196100
214.826693247
215.139292681
215.388869148
215.591123795
215.746178764
215.866267935
215.954562969
216.022809096
216.077923555
216.125889045
216.175864589
216.239483277
216.321621276
216.426743181
225.502648462
221.708776701
217.992300883
214.355601500
210.806941473
207.342395211
203.966871066
200.685468518
197.496589740
194.402860372
191.404349519
188.502684539
185.702685295
183.000772371
180.402654069
177.907375480
175.514933456
173.224425279
171.041586134
168.964106165
166.995150503
165.133421506
163.378709999
161.732405688
160.199827082
158.773721601
157.460446526
156.262249734
155.174990178
154.199018568
153.339200094
152.591268103
151.959992892
151.441367414
151.038040299
150.750635327
150.577086963
150.516882902
150.570807867
150.738414944
151.017488582
151.409208597
151.907461459
152.518505710
153.232813165
154.054197274
154.974814066
155.995933750
157.111365953
158.320935083
159.619569330
161.002317372
162.467394689
164.002609884
165.610238635
167.282342531
169.011932561
170.794605251
172.622719112
174.487091874
176.382069093
178.304344748
180.237306917
182.184051837
184.126871358
186.065781967
187.988919107
189.889885551
191.762242118
193.597885766
195.390431402
197.132948672
198.824586201
200.453893043
202.020678029
203.517606113
204.945266445
206.296527512
207.574322187
208.777850542
209.905116194
210.951311863
211.931824550
212.836418025
213.670214487
214.442580234
215.151378492
215.805364694
216.404557488
216.963053977
217.480393140
217.967474202
218.426710781
218.868823717
219.299823178
219.725033889
220.152804013
220.593897231
221.053191032
221.534039569
227.726055254
224.033870745
220.409180866
216.854146560
213.377566118
209.975809366
206.653527843
203.416479808
200.263267187
197.196443928
194.216488831
191.324974224
188.527029303
185.819333999
183.207614803
180.691319899
178.270208235
175.943713525
173.717714326
171.590016759
169.564467379
167.638960772
165.814340103
164.091638594
162.476516405
160.961998167
159.554450111
158.256294006
157.063529076
155.976736348
155.000824862
154.132027566
153.374830531
152.725829377
152.187594311
151.761056047
151.444352543
151.236974233
151.140127644
151.153547053
151.275258514
151.506875435
151.842328303
152.288342741
152.835805365
153.488838598
154.240151039
155.091380530
156.036759344
157.077209084
158.207646581
159.424090586
160.725338942
162.100206726
163.551574603
165.072343380
166.656501285
168.300594236
169.997863632
171.740003742
173.522825208
175.343558024
177.186714208
179.056406595
180.935815496
182.826019060
184.716029686
186.600034084
188.472566936
190.326222051
192.155081345
193.952624227
195.718462395
197.441517058
199.121489414
200.751187072
202.331052279
203.853913133
205.322326982
206.734533697
208.088690124
209.379025888
210.620233729
211.801181607
212.926355464
214.003633341
215.030521225
216.014427158
216.954717175
217.863868423
218.740853658
219.595335474
220.428930700
221.251269929
222.067449926
222.882089797
223.702577216
224.538732231
225.395345827
226.274512145
229.898975358
226.323580361
222.805752243
219.347408156
215.957872364
212.633828728
209.379656731
206.201749907
203.098954399
200.073674335
197.126870277
194.259980105
191.478442190
188.779200668
186.167938387
183.644508171
181.208426120
178.859430686
176.603516796
174.438592223
172.369173386
170.392278835
168.509869618
166.722554893
165.036296199
163.444441287
161.953310463
160.565479014
159.277088144
158.088963945
157.006013701
156.024997940
155.150078990
154.378469731
153.712642908
153.153816246
152.700328965
152.351670372
152.109447276
151.973573601
151.942264686
152.017570869
152.193459408
152.477032240
152.859607578
153.345561337
153.928102062
154.609210119
155.383482568
156.252859657
157.212214226
158.258435355
159.390893572
160.599289674
161.887073263
163.247914093
164.676703368
166.170896196
167.724544136
169.330180419
170.985029782
172.686831776
174.421229642
176.193316448
177.987195596
179.805030173
181.636779893
183.477211484
185.321997894
187.164486180
188.999354753
190.820703296
192.628674120
194.412769689
196.172807125
197.901941401
199.600651993
201.261995732
202.888355727
204.477307522
206.027291829
207.531917380
209.005327980
210.435779636
211.827285852
213.186454079
214.510602177
215.805901191
217.071304290
218.317716383
219.543602506
220.757545898
221.960377451
223.160632126
224.362534771
225.570009381
226.789376150
228.029492658
229.295006371
230.586653953
231.979970796
228.533897793
225.135669086
221.786938047
218.497532992
215.264478070
212.091865046
208.986693095
205.948093651
202.978243499
200.078655690
197.250545709
194.499658815
191.823202279
189.226746197
186.710538982
184.273849231
181.916679886
179.645097231
177.457095349
175.357828989
173.343373938
171.416853210
169.578382597
167.834164726
166.177910203
164.615825291
163.150610009
161.778538126
160.500688424
159.321911014
158.239511461
157.257282746
156.373067169
155.589211866
154.907201004
154.325569718
153.843803188
153.463883551
153.185903042
153.008220026
152.933324033
152.955221687
153.081301948
153.303336402
153.625907270
154.042677384
154.555951202
155.160640183
155.859628987
156.647726840
157.522594726
158.484172836
159.522926604
160.642843911
161.838293716
163.104993747
164.441260931
165.841878121
167.300168508
168.814705544
170.383701410
171.993907992
173.651342755
175.341042670
177.066243334
178.817888278
180.591289268
182.383379013
184.188274455
186.001339655
187.817460897
189.637343035
191.451227913
193.259240494
195.055051598
196.839320691
198.605576571
200.356201421
202.088387589
203.800970173
205.487268144
207.161022746
208.810160741
210.438397922
212.051312437
213.646208121
215.228170046
216.795996860
218.359119516
219.915585157
221.473100988
223.031764534
224.599064287
226.178436392
227.773173789
229.388463925
231.032238801
232.708977213
234.418016205
233.921332840
230.614254621
227.345739343
224.117163479
220.938824727
217.808121649
214.728843800
211.708560231
208.746725295
205.845213925
203.006158823
200.230459275
197.524164347
194.884735946
192.317557998
189.823254184
187.400842225
185.050540214
182.778424185
180.582558005
178.468681610
176.431865623
174.476413594
172.601877997
170.814621552
169.108749361
167.490270706
165.961971966
164.520237419
163.166395903
161.905174031
160.734425492
159.657521291
158.672939520
157.782862557
156.989016627
156.290122102
155.685655513
155.177943247
154.767252070
154.452041885
154.235241175
154.110905580
154.086623010
154.154643429
154.319716113
154.575920103
154.925871679
155.364755008
155.896330303
156.515338490
157.220118320
158.011185215
158.879653389
159.830026646
160.857309032
161.957972094
163.131146682
164.372267768
165.675395881
167.040381988
168.465870476
169.939678648
171.468680361
173.038841730
174.654431007
176.307385854
177.993504077
179.711063881
181.454934702
183.221219161
185.005714916
186.809688350
188.624228629
190.449926098
192.281096558
194.118675943
195.956876247
197.798215542
199.639755898
201.480810176
203.314711342
205.154932045
206.989335005
208.821509839
210.656250197
212.491011040
214.329967477
216.172020244
218.025260811
219.887427755
221.765584028
223.659177244
225.574742901
227.515042108
229.482846909
231.482184198
233.520146184
235.601046681
237.722836930
235.684335082
232.523156449
229.391900174
226.291659498
223.233156951
220.214208065
217.238289848
214.313500325
211.439653099
208.618253873
205.852117634
203.141733137
200.493450881
197.904974272
195.381426881
192.923778269
190.530795078
188.202855113
185.945969373
183.758255220
181.645963957
179.603107954
177.635162118
175.741047375
173.927187963
172.188104288
170.529513147
168.954239152
167.458742744
166.044586507
164.716298672
163.472264613
162.315375740
161.244742454
160.262330532
159.370079144
158.566874708
157.852176817
157.228616931
156.696627154
156.254730395
155.906288889
155.645421529
155.479826685
155.402259999
155.417604201
155.520323441
155.713338439
155.992073045
156.361099776
156.815101587
157.353006764
157.975921126
158.675499873
159.456751063
160.315258615
161.248183653
162.255426231
163.333000291
164.475652804
165.684442870
166.958408352
168.286377351
169.676006686
171.114180202
172.606140931
174.144812790
175.726405629
177.350599064
179.012973075
180.710391419
182.439651524
184.202552401
185.991095095
187.806456710
189.643689934
191.504057965
193.382632207
195.282163319
197.199800107
199.135385586
201.082531110
203.054553699
205.039485469
207.040947626
209.063181081
211.103934578
213.166659776
215.250595941
217.362650475
219.500368742
221.670411894
223.871677856
226.109875260
228.387219650
230.706106494
233.069403838
235.483488842
237.952536690
240.473175005
237.236206646
234.224823320
231.235536373
228.269158523
225.336784677
222.436696534
219.572056371
216.751445519
213.975071927
211.244015198
208.561830125
205.928503772
203.350689093
200.826313160
198.360168015
195.953533642
193.604929848
191.314834275
189.089109663
186.925912343
184.831911367
182.800022098
180.836852863
178.940629474
177.117724488
175.363082842
173.682022962
172.077350361
170.545556161
169.088404947
167.710144766
166.409654115
165.189283435
164.048759950
162.989767010
162.014421796
161.121746788
160.311170961
159.585581095
158.945557792
158.389649792
157.921641079
157.535728911
157.239632381
157.026639749
156.901737695
156.859749626
156.903896817
157.029817381
157.242836530
157.537604981
157.913557934
158.372415624
158.906276594
159.520651851
160.211660527
160.977099198
161.817599220
162.729687640
163.708753086
164.756999872
165.873825181
167.049008269
168.290914327
169.587332224
170.944410465
172.356039191
173.818757745
175.333679217
176.897034500
178.506445674
180.159767725
181.859280346
183.597922652
185.377546939
187.193998091
189.048875197
190.938249360
192.865159556
194.827018175
196.824217805
198.850866795
200.920211890
203.020647539
205.155961857
207.330049192
209.541062689
211.791914561
214.082385447
216.418359657
218.797300357
221.225702848
223.702020302
226.231279830
228.815283669
231.456216341
234.155808755
236.919875519
239.752493634
242.649070120
238.540320205
235.679582052
232.834088758
230.004383479
227.201875362
224.425365773
221.677709702
218.967921496
216.296636599
213.664464560
211.075749811
208.529893193
206.033854824
203.585763322
201.190014637
198.848157418
196.558475277
194.321482500
192.142805933
190.020628126
187.961924755
185.958493360
184.018007937
182.137943200
180.324495487
178.573030477
176.888354729
175.273189103
173.724000030
172.242705112
170.833185604
169.494750685
168.229145831
167.036685183
165.918689434
164.877412092
163.911968863
163.021737221
162.209797484
161.476851960
160.821437080
160.247737981
159.750043309
159.336000217
158.999454458
158.745468262
158.569203052
158.474177214
158.456224696
158.521366049
158.664259623
158.884770452
159.185264883
159.558198864
160.009594762
160.536074142
161.136027097
161.810785957
162.557336133
163.371671965
164.257090540
165.213321532
166.231037223
167.319239539
168.466614466
169.680141531
170.954652211
172.286930336
173.679538245
175.129288262
176.634539297
178.194238501
179.811077556
181.478930526
183.200383872
184.972099224
186.795983585
188.669215370
190.595139518
192.571568211
194.599432920
196.673508114
198.807026287
200.988891615
203.223167699
205.513573364
207.858739092
210.261209347
212.721462721
215.244516019
217.827846055
220.477996398
223.193073485
225.977573720
228.833006849
231.761518601
234.763735175
237.845072689
241.009554789
244.251499904
239.552478462
236.841005010
234.139017655
231.446806554
228.776030235
226.126062788
223.499469580
220.905639617
218.345666764
215.819658650
213.332788937
210.883796803
208.479957205
206.119573933
203.806590663
201.542779874
199.326205302
197.157353635
195.041529096
192.976930511
190.970714222
189.013562510
187.114118659
185.269061100
183.484280326
181.755547024
180.087039337
178.481322778
176.934777724
175.449409271
174.028645124
172.672139127
171.380969867
170.155993164
168.998075239
167.909558401
166.889596339
165.937487171
165.056431586
164.247216149
163.508326283
162.844318734
162.249582055
161.731596522
161.284786917
160.914262996
160.615506167
160.392327933
160.240746352
160.167420290
160.167069402
160.239917102
160.389013744
160.607099959
160.900726359
161.266996374
161.704864975
162.216343716
162.798833887
163.448911053
164.170925138
164.964920031
165.822409851
166.752966639
167.746173821
168.809768522
169.939497613
171.132307917
172.392215188
173.716540441
175.104344855
176.555685347
178.073585452
179.652829786
181.296772721
183.002891414
184.773343153
186.606491645
188.505971371
190.470092268
192.500286114
194.592114261
196.758821459
198.989921844
201.289833719
203.662230904
206.106253767
208.624230245
211.217440910
213.890174733
216.639995601
219.473676175
222.389055945
225.390245395
228.478560036
231.656271509
234.922933891
238.283727751
241.742662209
245.293114383
240.251160286
237.684961095
235.123663463
232.567326567
230.027790118
227.505050430
225.001412068
222.526574185
220.082116275
217.667626246
215.289135048
212.944656940
210.641793207
208.378993021
206.159703369
203.985874220
201.855372862
199.768595583
197.730443512
195.739125751
193.801843436
191.908192412
190.067663409
188.276108447
186.538982800
184.852435600
183.219902035
181.643721033
180.120122620
178.651118494
177.239600643
175.885460150
174.589051692
173.351712961
172.173754537
171.057555223
170.002239529
169.006991716
168.075048457
167.207232233
166.401937118
165.664052238
164.988068000
164.381200060
163.838468358
163.365000458
162.956581346
162.617308107
162.343376646
162.142024191
162.008097516
161.942110891
161.947839600
162.018248856
162.160440332
162.371989218
162.652399390
163.004346710
163.425617916
163.913356233
164.472937305
165.104708668
165.800984749
166.571846291
167.407784556
168.317224222
169.296804102
170.343559329
171.462954629
172.652749195
173.912662539
175.243867865
176.649633560
178.125616520
179.675951753
181.298910659
182.996820786
184.769284389
186.620181458
188.548382327
190.555759396
192.638735674
194.810568653
197.061438179
199.396167939
201.818476654
204.328008194
206.927001067
209.617587475
212.403447071
215.282279024
218.261224809
221.337913346
224.516199772
227.797272817
231.183677712
234.673922959
238.273102414
241.985236810
245.802913733
240.600950343
238.173439447
235.747493194
233.322965859
230.911806923
228.514676491
226.133658101
223.778688864
221.451855707
219.152221917
216.886690049
214.652499134
212.457590380
210.300524378
208.184219629
206.110756991
204.077836105
202.085702924
200.138785165
198.235298181
196.382346528
194.568496203
192.803940347
191.083691313
189.412645015
187.787292633
186.210218142
184.683464148
183.203047445
181.770891413
180.389277946
179.058209139
177.777267332
176.548196890
175.370646155
174.246974334
173.176198289
172.157348089
171.193601546
170.285757837
169.432077273
168.637731884
167.897307748
167.217654658
166.594397026
166.032646788
165.528476172
165.086254137
164.702352255
164.384519921
164.127806870
163.932953016
163.804498219
163.735585795
163.733892342
163.797463396
163.926346956
164.123872473
164.388193188
164.717016801
165.116728041
165.587973868
166.123839274
166.734856584
167.412445734
168.165653618
168.991991815
169.888518694
170.862136642
171.910978648
173.035372830
174.237607847
175.521107402
176.882355048
178.326262551
179.851858758
181.461547676
183.156202072
184.939882241
186.812052926
188.774951038
190.825895779
192.978135859
195.222533943
197.564344087
200.007380340
202.551749578
205.199703509
207.954222511
210.818472080
213.790309546
216.877340506
220.077013547
223.393038669
226.826511590
230.380373553
234.052103481
237.846834739
241.768607262
245.809365639
240.558264729
238.261274505
235.963789911
233.665488200
231.378353061
229.103735917
226.843548022
224.607882329
222.399346700
220.216485267
218.067069820
215.947527895
213.866152625
211.821577668
209.816174323
207.852107798
205.926943618
204.040720604
202.197336946
200.395012833
198.640612839
196.921759421
195.249184168
193.617065909
192.029628525
190.483661825
188.980802435
187.522733517
186.105202005
184.729938140
183.398553100
182.111021440
180.866116830
179.665904607
178.509264593
177.398479652
176.332373898
175.309779807
174.333715404
173.404889032
172.521385321
171.688601270
170.901204715
170.165578123
169.477952310
168.843387237
168.258225899
167.727088565
167.246524063
166.824720078
166.457013565
166.144307071
165.891940394
165.693201367
165.556363804
165.479948640
165.464552917
165.514150407
165.627252569
165.802136782
166.046188492
166.360354131
166.738471900
167.191471298
167.711730694
168.308859915
168.981227464
169.725861890
170.551084567
171.455347036
172.439532034
173.507038737
174.661356542
175.899748051
177.227883864
178.645503090
180.154984552
181.758486693
183.460170033
185.260103530
187.160803056
189.160483562
191.272347851
193.487924772
195.812902718
198.251207130
200.803339418
203.471642933
206.259896216
209.170822574
212.202437778
215.362862871
218.649371138
222.065615540
225.612598545
229.293751085
233.105527470
237.053198590
241.140810885
245.359800964
240.089044878
237.912684242
235.735058056
233.555692897
231.386527250
229.229614854
227.086748820
224.968086773
222.876760234
220.810808534
218.778852059
216.776484105
214.812358715
212.885139724
210.996644942
209.149078677
207.339908892
205.568914949
203.839426708
202.149667940
200.506124639
198.895590165
197.329156387
195.800195833
194.312164016
192.862101706
191.450618397
190.078986242
188.742635656
187.442993432
186.180957131
184.956329388
183.767055483
182.615427561
181.499457250
180.421297151
179.379490050
178.372628146
177.403465568
176.472547456
175.577742585
174.724608573
173.907873605
173.133352793
172.397878798
171.706419130
171.055570619
170.450175967
169.886966146
169.374482713
168.908440249
168.489841674
168.124853133
167.806886484
167.544828032
167.337682943
167.186608775
167.096212015
167.065362157
167.092917366
167.187259260
167.349635086
167.574630380
167.873517510
168.239669326
168.683203935
169.203334433
169.797017979
170.473967887
171.232909605
172.075223690
173.005411855
174.026942125
175.137810380
176.344416870
177.647156604
179.048281783
180.551236538
182.160193665
183.875818187
185.700815600
187.634268033
189.689284814
191.858019727
194.146582965
196.558998959
199.096075361
201.760305169
204.556175300
207.486019162
210.547993302
213.750745676
217.091356355
220.573488448
224.198019944
227.968934996
231.881659222
235.941667612
240.152981047
244.506647322
239.157564766
237.090294307
235.022265047
232.952878341
230.893946797
228.848217275
226.817423830
224.811688951
222.834659396
220.883890488
218.968811545
217.084173762
215.238994710
213.431920998
211.664223221
209.938100443
208.250961158
206.602277429
204.994790902
203.426726790
201.904062287
200.412901091
198.964508950
197.551499738
196.176484086
194.836703779
193.531681627
192.262241270
191.023463866
189.816360112
188.641092307
187.497147973
186.381642907
185.296996916
184.240266962
183.213425923
182.214648070
181.242246171
180.298607533
179.384040341
178.496160369
177.640617376
176.812172519
176.015977688
175.249455090
174.517436387
173.816754108
173.152435229
172.521399771
171.932447209
171.381762218
170.870386076
170.405323887
169.980102667
169.604224971
169.277188412
169.000725770
168.780057023
168.614416299
168.503253754
168.455941902
168.474027130
168.552846012
168.703956180
168.921762351
169.216839413
169.589232170
170.035797236
170.567600450
171.183607408
171.885635926
172.679279175
173.567900194
174.550186226
175.633227629
176.818016061
178.106580145
179.503636734
181.013280305
182.636749366
184.376851498
186.233483624
188.219610055
190.327949855
192.565010341
194.934880227
197.438573545
200.078772673
202.860553036
205.785893415
208.853062251
212.071209678
215.437188076
218.954717773
222.624496675
226.451097104
230.428905387
234.563637405
238.859240074
243.306474022
237.727916674
235.757268156
233.787588459
231.818175601
229.860633456
227.918371129
225.993122559
224.094868023
222.227747784
220.388857766
218.588377761
216.820222655
215.093766562
213.407588657
211.762429111
210.160439236
208.599005359
207.077250015
205.597326914
204.157457646
202.762995195
201.399513753
200.078264255
198.791170110
197.539944070
196.321980349
195.135679335
193.981397215
192.853849627
191.753524013
190.679849208
189.631865801
188.605879716
187.604340863
186.623285738
185.664467146
184.725611878
183.804722882
182.903725324
182.022621051
181.158743817
180.317767059
179.494455188
178.693210434
177.912027143
177.155557688
176.420851981
175.713076029
175.029348406
174.378619498
173.757636694
173.167418934
172.615805710
172.096442692
171.619436018
171.184781552
170.794801869
170.455300117
170.165885442
169.926608811
169.747821252
169.631360767
169.573325620
169.585494719
169.663338794
169.817838513
170.049854440
170.356124804
170.749012297
171.227699856
171.794377608
172.455714132
173.214888838
174.071242863
175.032507240
176.100208134
177.276063377
178.566036150
179.974054267
181.501897594
183.152393948
184.926184788
186.836037949
188.875167563
191.050446195
193.365976128
195.822874608
198.424039138
201.174993328
204.077384886
207.129560234
210.341118827
213.708639906
217.235933045
220.923443625
224.776341678
228.787964773
232.964278063
237.309096234
241.812978839
235.780899292
233.893244633
232.009435074
230.128684119
228.262303938
226.414314026
224.586504605
222.788602305
221.025206166
219.292979284
217.602775130
215.947691881
214.337442153
212.770484842
211.247056003
209.769217801
208.334370093
206.941248356
205.591438412
204.283148547
203.021010627
201.790243952
200.601899697
199.447296796
198.327221522
197.239175526
196.180426436
195.150863319
194.144838505
193.162217984
192.201723873
191.261835963
190.338091422
189.432877998
188.541172344
187.664478253
186.800008538
185.945438520
185.102148563
184.269773563
183.445346598
182.634499084
181.831970302
181.041339414
180.261151518
179.495837132
178.742646275
178.006832369
177.285724061
176.588305723
175.911976301
175.257672874
174.634044565
174.034869907
173.470826428
172.942407517
172.452536249
172.007553446
171.607455714
171.252895190
170.955177309
170.716415072
170.533482196
170.418306249
170.367448763
170.392244037
170.494345634
170.670365874
170.933889087
171.284301966
171.724097552
172.260997432
172.897923810
173.634839107
174.480056678
175.435572954
176.502721933
177.688673182
178.997106177
180.430303723
181.991041444
183.680621675
185.511569350
187.477519103
189.585672924
191.840086852
194.241881655
196.794185011
199.502817198
202.369111144
205.391458294
208.579832440
211.930489877
215.447349341
219.130521704
222.985763415
227.005357875
231.195504248
235.559820484
240.088737052
233.295896737
231.477147173
229.666160268
227.862079262
226.075842200
224.312006273
222.572467414
220.866585005
219.199368884
217.567075506
215.981137812
214.433869869
212.935291060
211.483686222
210.078820585
208.722627404
207.412551837
206.146909329
204.926757187
203.750273501
202.621295724
201.524869213
200.471671002
199.452516581
198.467261946
197.513477651
196.587314365
195.688214989
194.810190074
193.952401188
193.112914493
192.289562184
191.477174565
190.677996347
189.885937216
189.102236850
188.323547009
187.547214095
186.774009272
186.003155633
185.231380180
184.464214718
183.696350653
182.930489027
182.165702495
181.406162343
180.649303566
179.900412359
179.157040844
178.428084225
177.711673902
177.008609650
176.328302525
175.664688233
175.028960793
174.422101716
173.847637313
173.312383000
172.816734190
172.361932066
171.960194463
171.613880907
171.320653080
171.092504103
170.927095363
170.836058308
170.821805622
170.880825254
171.027823687
171.262385534
171.587230896
172.011102065
172.536596600
173.164268588
173.902945354
174.755027768
175.721409442
176.810411163
178.025392120
179.369095275
180.844183881
182.452526904
184.206367318
186.099687601
188.139981593
190.331195030
192.674362971
195.172849896
197.832619643
200.654702689
203.637509794
206.791299134
210.111956408
213.603522199
217.265690466
221.104776395
225.112015874
229.293807534
233.653510855
238.181488884
230.269276659
228.505002502
226.753308322
225.013278823
223.295398228
221.604672909
219.943144842
218.319695309
216.739686750
215.198993593
213.709520758
212.262844325
210.869243746
209.526779111
208.234783232
206.995022467
205.805015288
204.662629512
203.568448811
202.520598357
201.522072967
200.557924520
199.638296958
198.753615024
197.902823604
197.083531955
196.290814593
195.523709042
194.775922540
194.045849281
193.330971714
192.628419745
191.932397002
191.244938975
190.558916385
189.875304826
189.190170093
188.500547440
187.806557255
187.106984638
186.398261040
185.685772176
184.964147729
184.235178472
183.498441162
182.757818424
182.010918660
181.263006430
180.511872506
179.766197991
179.024916939
178.288641564
177.567475010
176.855543645
176.164480216
175.495734778
174.853429202
174.244772294
173.670567484
173.132617479
172.643989769
172.207249284
171.820854236
171.496769350
171.233745324
171.043648972
170.929605107
170.887987334
170.934499038
171.068922460
171.294124234
171.619823007
172.048231374
172.580467218
173.225794803
173.986952684
174.864356593
175.867406781
176.999083590
178.262544158
179.660293468
181.194665417
182.877591684
184.703335382
186.679644622
188.810290774
191.096148865
193.540819264
196.150261489
198.925214750
201.864093108
204.977338852
208.260426160
211.717524040
215.347832264
219.158183197
223.138785891
227.296188155
231.633433886
236.140871181
226.713179432
224.988809532
223.282580723
221.593526979
219.931603669
218.302165323
216.707427716
215.155689439
213.652598229
212.193668905
210.791159785
209.435966415
208.138567982
206.896753162
205.709463505
204.578263095
203.500766060
202.474369803
201.499253235
200.573457784
199.699116104
198.861456476
198.069953524
197.314759528
196.593949108
195.905149197
195.242422821
194.604459889
193.984718944
193.380787505
192.789653891
192.207727769
191.628681538
191.054293848
190.476460967
189.895909667
189.308120827
188.709856593
188.100570936
187.478607435
186.840130024
186.190344938
185.523820393
184.841429815
184.143232291
183.432803031
182.707916863
181.973766451
181.228397429
180.480155394
179.728832249
178.974810508
178.228793706
177.485139681
176.755819483
176.042721139
175.350541306
174.686782721
174.052662471
173.450498832
172.894122047
172.386248778
171.926133969
171.525610186
171.184482294
170.914784537
170.720290795
170.597277152
170.562291431
170.615316981
170.759281152
171.004819992
171.353708682
171.807600545
172.376110379
173.062247257
173.865931361
174.797552876
175.859668544
177.055802646
178.388269560
179.859761933
181.481880370
183.249110861
185.169418720
187.246339774
189.480532717
191.875826849
194.438040992
197.167634854
200.063022707
203.134725546
206.377775850
209.796474803
213.389461345
217.164034971
221.109416159
225.232240666
229.535190550
234.008645491
222.654288128
220.955604462
219.281181580
217.630009237
216.011445356
214.431085548
212.891334002
211.399812025
209.962381527
208.574216426
207.247804906
205.973429954
204.761697988
203.610087050
202.517189878
201.484336028
200.509252682
199.588849769
198.722980124
197.909564323
197.149881645
196.429490133
195.757083997
195.122664054
194.523492679
193.957204235
193.416934298
192.901097802
192.402970038
191.919319342
191.446741949
190.980946870
190.515180446
190.050937758
189.579239311
189.100592176
188.609919822
188.103768371
187.580937316
187.039348073
186.474942406
185.892728440
185.287228257
184.658417959
184.006819379
183.335694362
182.642982304
181.933761031
181.206347305
180.468639818
179.721325120
178.964524380
178.209431615
177.450681815
176.700465308
175.961066708
175.237722799
174.538116205
173.863879038
173.217780211
172.614302842
172.056251275
171.543666532
171.088138831
170.690466572
170.362777420
170.109416209
169.926583598
169.831495395
169.824340766
169.908019671
170.094010994
170.383609507
170.778973271
171.289974278
171.919824828
172.667952536
173.545629233
174.554959459
175.699786034
176.982215370
178.405189109
179.979967654
181.701212398
183.577069233
185.610782719
187.802758440
190.157040642
192.679187569
195.369391627
198.226076698
201.259735554
204.464941435
207.846127879
211.401321139
215.138229000
219.045140165
223.128707933
227.391218450
231.823123359
218.141915338
216.455329441
214.799481262
213.173321509
211.585550756
210.041898520
208.544956790
207.101590403
205.717802095
204.388441353
203.126101173
201.920529756
200.782377720
199.708783637
198.698033546
197.751194089
196.866118278
196.039217395
195.270103242
194.556533523
193.898971017
193.283433173
192.717752649
192.191896891
191.702387734
191.246867276
190.817644502
190.412941186
190.025923301
189.652554850
189.289148116
188.930767959
188.570344488
188.209084032
187.837259996
187.455201354
187.057326356
186.640039351
186.201523374
185.739320509
185.249210477
184.735999940
184.194196262
183.622924666
183.023153011
182.397837186
181.745084942
181.069826058
180.370663981
179.654954952
178.924296441
178.178528612
177.429212836
176.671309566
175.917095705
175.169202063
174.433357258
173.717299955
173.023074305
172.353818242
171.724536781
171.138050773
170.595165074
170.107115686
169.675608755
169.312787184
169.023474792
168.803824731
168.671523648
168.626971797
168.672954227
168.821702658
169.074000133
169.432474594
169.907157376
170.501397955
171.214154558
172.057454635
173.032938174
174.144718056
175.394688542
176.785930574
178.329363620
180.019790017
181.865499372
183.869396044
186.031615819
188.356396997
190.848936961
193.509173561
196.335562475
199.338461625
202.511981756
205.860686029
209.381952704
213.083832374
216.953757610
220.998322002
225.219394965
229.607535299
213.234883394
211.547743112
209.897967510
208.284474282
206.715256817
205.196077066
203.729700533
202.322173868
200.979570154
199.696428756
198.485326116
197.335561235
196.257739935
195.248644741
194.306295264
193.431472346
192.622163600
191.874277401
191.187271972
190.558697784
189.988263770
189.462548902
188.988474059
188.556084952
188.161243942
187.801612010
187.468783384
187.160874053
186.871017243
186.594415318
186.327204833
186.063894641
185.797208747
185.528079004
185.246184325
184.951725512
184.638689371
184.303425690
183.943562822
183.556325017
183.137403327
182.691411379
182.212889318
181.700181605
181.154686644
180.579075510
179.971631820
179.337116472
178.674432434
177.990318651
177.287277187
176.564861883
175.834869577
175.092635278
174.350382036
173.611029919
172.880739216
172.167177196
171.472793368
170.800999699
170.167174858
169.574083933
169.023261128
168.525479916
168.083246807
167.708640238
167.406860268
167.174046002
167.028143464
166.969769031
167.001509885
167.136246425
167.374231643
167.718524423
168.179215173
168.759727471
169.458592105
170.288449832
171.250480349
172.349017963
173.585753037
174.963797617
176.493736788
178.170492123
180.002459000
181.992159714
184.139462729
186.448771937
188.924844250
191.567375535
194.374884847
197.357491430
200.508853708
203.833657322
207.328614162
211.002045649
214.840620112
218.850788246
223.033994983
227.380934567
208.010739364
206.311862448
204.656919408
203.044802175
201.482758845
199.976494078
198.528919856
197.145222625
195.831481668
194.581939131
193.409042254
192.301731454
191.270476732
190.311701969
189.423197653
188.605442227
187.856563449
187.171969830
186.551052084
185.991109948
185.491182879
185.038483306
184.639000920
184.282962197
183.965655486
183.684780786
183.431336649
183.203420688
182.994208040
182.798207736
182.611482476
182.428099728
182.240680347
182.049915114
181.845055382
181.626228780
181.387080828
181.124000660
180.834143106
180.514490477
180.160726207
179.777289697
179.358813385
178.902950371
178.411514556
177.886924585
177.327650991
176.738276264
176.118012011
175.472929372
174.806406282
174.117718047
173.418764549
172.705300559
171.989356190
171.274079895
170.565994195
169.872571626
169.196657143
168.541833269
167.923694760
167.344881821
166.807612907
166.322100871
165.891528801
165.527833171
165.236481939
165.013637818
164.877290717
164.828276385
164.868910658
165.012607540
165.259086494
165.611793620
166.080780007
166.669485109
167.376070970
168.213636602
169.182921097
170.288432518
171.531676269
172.915691338
174.450740643
176.131854848
177.967495965
179.959769955
182.108297250
184.417610502
186.891968458
189.530835584
192.332832945
195.307740794
198.448788219
201.760769879
205.239729469
208.894181142
212.710133534
216.693807141
220.846225913
225.158239275
202.554014796
200.833770511
199.163776719
197.542909867
195.977647084
194.473561918
193.033675751
191.662293824
190.365447041
189.137093009
187.989449553
186.911193064
185.912569006
184.989654471
184.140045656
183.363909587
182.659517466
182.021789526
181.450131583
180.941552416
180.494524148
180.096935697
179.753855511
179.455781498
179.197515367
178.976824065
178.784231991
178.617901698
178.471119921
178.337792238
178.213999046
178.093497922
177.968900520
177.840703282
177.697902480
177.540608731
177.362225727
177.159276764
176.928536774
176.666829443
176.369914219
176.042080060
175.678118995
175.275094756
174.835218520
174.360697267
173.850199001
173.308128707
172.734009010
172.133217505
171.509956729
170.863242946
170.204950552
169.531292989
168.853974979
168.176311309
167.505111376
166.847539069
166.206822464
165.586608365
165.002547003
164.457092987
163.953094998
163.500123137
163.101903058
162.770157357
162.510513360
162.319199371
162.214037961
162.196086334
162.267328830
162.441591325
162.718071711
163.100555751
163.598962771
164.216696557
164.951623025
165.817135955
166.813568415
167.945555755
169.214446241
170.623108606
172.181498897
173.884758310
175.741374546
177.753010061
179.919071214
182.244174539
184.732044308
187.381921184
190.192570431
193.173338285
196.317058085
199.628613254
203.103393048
206.750019274
210.553956523
214.521103831
218.652077382
222.937893105
196.963504045
195.214017119
193.520659445
191.882306374
190.304651653
188.793083781
187.350689734
185.980893948
184.689636236
183.470603586
182.335700255
181.273433858
180.293743670
179.392386500
178.566795338
177.816825037
177.140892602
176.533449884
175.993993602
175.519208342
175.107113133
174.746288542
174.440918347
174.181849685
173.963482812
173.783685585
173.632628245
173.508613868
173.405102135
173.315502870
173.235991182
173.160156059
173.080680817
172.997924912
172.900799284
172.789451609
172.657146654
172.500632572
172.316405250
172.101215250
171.850979796
171.569863478
171.252888836
170.896639743
170.503702714
170.076119306
169.612764542
169.117875828
168.591282378
168.037668011
167.461988317
166.863031195
166.252526883
165.627177500
164.998244635
164.369148722
163.746908690
163.138282013
162.546865844
161.976267818
161.442037623
160.946396238
160.492762206
160.090000472
159.742242882
159.460934329
159.251758411
159.111053442
159.056276876
159.088707987
159.209956151
159.434134341
159.759946556
160.191467837
160.738402129
161.404074058
162.186136903
163.098112164
164.139973727
165.316440486
166.628737460
168.079475339
169.678320456
171.420535283
173.314590776
175.361685473
177.561057542
179.917354947
182.433750811
185.109266867
187.942854133
190.943335882
194.103192916
197.427368560
200.910624828
204.561600108
208.365336603
212.327319194
216.447775704
220.717889658
191.337533024
189.552792434
187.829475561
186.166476034
184.568704619
183.041332498
181.587465046
180.209666347
178.913755744
177.693165353
176.559419903
175.500951867
174.527323686
173.634010579
172.818310794
172.079774583
171.416966490
170.823897465
170.300223443
169.842279450
169.447752112
169.105904694
168.820094374
168.581581421
168.384444753
168.226690235
168.098247898
167.997625797
167.918506255
167.853922210
167.800203344
167.750910676
167.698863716
167.644347847
167.576344939
167.495088054
167.393801323
167.269537254
167.118613583
166.937786650
166.723205770
166.478934407
166.200293710
165.883496501
165.531475760
165.146155467
164.726622810
164.276962708
163.797298513
163.291642384
162.765614308
162.217811969
161.659717366
161.088540062
160.515000437
159.942568232
159.378396959
158.828760275
158.297609221
157.788418365
157.316493500
156.883789447
156.494231865
156.155941935
155.873326336
155.657500635
155.514112249
155.439656654
155.451050705
155.549795923
155.737102509
156.027249134
156.418488897
156.915134713
157.526604477
158.256110622
159.101184119
160.075310388
161.178161817
162.414499991
163.785466005
165.293336870
166.947506136
168.743376695
170.689360120
172.786176933
175.032951620
177.434305650
179.992862334
182.707425733
185.577170843
188.610317307
191.799043055
195.148313631
198.652303417
202.319569997
206.134858205
210.103144637
214.224294046
218.489646214
185.769989839
183.946034060
182.188071692
180.495039511
178.871078417
177.321131981
175.848277197
174.454256928
173.144754761
171.912966980
170.769992315
169.704279325
168.724955929
167.827267182
167.008402352
166.267623807
165.603645968
165.010074918
164.486785891
164.029749485
163.636442626
163.296783509
163.013378730
162.777953191
162.584338711
162.430718346
162.306887935
162.211614036
162.138839540
162.081346542
162.035661913
161.995453017
161.953725462
161.910754299
161.855731943
161.789017196
161.703884142
161.597755491
161.466866342
161.308048736
161.117747705
160.899943950
160.650318936
160.364817509
160.046683919
159.697770188
159.317375280
158.909450000
158.474390806
158.015578759
157.539196572
157.043694134
156.540217521
156.026489762
155.512614413
155.002058657
154.502040360
154.018293710
153.555106957
153.115739742
152.715127677
152.354942703
152.039553792
151.776323483
151.569811682
151.430765598
151.364717978
151.368367973
151.457944134
151.635169540
151.900850184
152.269315596
152.738423857
153.312675032
154.001144852
154.806910611
155.727475027
156.776131289
157.952316005
159.260797606
160.702674048
162.279828192
164.001396749
165.862948544
167.872793605
170.031167368
172.337140819
174.795247979
177.407579299
180.172720381
183.090102576
186.167270794
189.396155391
192.781698969
196.317537595
200.012046965
203.849799578
207.835171834
211.967692850
216.238837497
180.357953413
178.492511158
176.696804839
174.969845640
173.315029674
171.737084348
170.239016012
168.821801189
167.490986818
166.239556476
165.078155936
163.995336398
162.999750143
162.086472044
161.252606752
160.497153779
159.818981162
159.211332667
158.674354722
158.203649628
157.796604033
157.443750296
157.147031612
156.898677933
156.692340811
156.526419060
156.390670894
156.284161748
156.201122033
156.134209348
156.080174432
156.032911653
155.985647818
155.938709675
155.881616556
155.814885675
155.731918153
155.630556499
155.507039963
155.358331877
155.181224040
154.979625473
154.749629372
154.487005959
154.195267565
153.876236024
153.529415558
153.158640278
152.764551675
152.349953811
151.921481992
151.477481562
151.028693109
150.573345696
150.120874034
149.674696139
149.242031854
148.828041670
148.437332165
148.072881742
147.749150283
147.467524494
147.232754684
147.051451503
146.928221510
146.873416861
146.892393429
146.982097696
147.157953689
147.421904346
147.774364234
148.229609606
148.785169007
149.445680463
150.219837388
151.110568939
152.115442912
153.247417336
154.505763485
155.895224881
157.416898347
159.072227288
160.870106193
162.806298830
164.888974301
167.117881120
169.492100167
172.016016334
174.691216853
177.516066898
180.490277993
183.620661178
186.898957706
190.330034737
193.907048535
197.638089144
201.507678350
205.519505914
209.672793450
213.959119880
175.184858499
173.277551011
171.442809526
169.679756769
167.991080055
166.381321552
164.853381462
163.407538301
162.049214821
160.771208899
159.583705987
158.475440412
157.454564654
156.516050422
155.656940998
154.876005768
154.172271540
153.538668103
152.975657595
152.478480293
152.044545186
151.664949457
151.341067208
151.065662913
150.832267278
150.639531009
150.477259324
150.344845440
150.236821849
150.145844897
150.068899864
150.000211757
149.933249656
149.868448640
149.795746346
149.715841978
149.622325483
149.513491690
149.385658288
149.235960113
149.061572624
148.866337024
148.646797021
148.398628658
148.125563330
147.829428608
147.509921295
147.170774856
146.812842082
146.438413141
146.054463021
145.659274756
145.263132285
144.864751336
144.472869499
144.090815531
143.725758333
143.382271018
143.065258557
142.777368441
142.532502217
142.331772423
142.180251986
142.083826250
142.047058947
142.079892832
142.187461583
142.366998572
142.633039040
142.987743593
143.431163379
143.977430108
144.623814720
145.375047578
146.239413869
147.219692178
148.313604111
149.533645580
150.878995919
152.354346621
153.960833758
155.699433288
157.578809014
159.594951575
161.755853238
164.060779373
166.508885205
169.104346661
171.848287977
174.738852378
177.776046377
180.965901490
184.300030702
187.783168200
191.408057219
195.182397807
199.090779020
203.136124737
207.317377859
211.626182243
170.326238804
168.378214724
166.504624687
164.704745654
162.980600689
161.336594719
159.775495034
158.296960347
156.906313325
155.596197091
154.376346740
153.235753814
152.182062934
151.210214169
150.317211705
149.501634463
148.762674119
148.092999535
147.493425742
146.958846953
146.486797562
146.068886094
145.706013960
145.391501170
145.118808810
144.886872097
144.685616122
144.514779432
144.369201807
144.241652831
144.129350705
144.026934832
143.928126317
143.833517807
143.733531761
143.629064529
143.513940543
143.386923283
143.244469535
143.083910021
142.902827676
142.704991795
142.487422663
142.245768409
141.983925825
141.703757746
141.405135254
141.091704257
140.764490521
140.425338337
140.081450508
139.731086697
139.384039856
139.039482268
138.705447294
138.385139582
138.085634836
137.810921873
137.566181731
137.353697291
137.186752545
137.066205048
136.997396343
136.985527776
137.035048139
137.155486798
137.351725158
137.621315711
137.977851563
138.423706795
138.958608607
139.596466143
140.334366564
141.177089635
142.132500683
143.203231646
144.387238629
145.696447206
147.130015692
148.692560956
150.385294075
152.208711530
154.171254128
156.269170597
158.510244359
160.893265323
163.417524622
166.086933502
168.902199000
171.861242435
174.964368820
178.216798111
181.610075746
185.148741861
188.825198269
192.646652988
196.597872626
200.680946796
204.894566728
209.230396358
165.840960817
163.854773074
161.943881703
160.107766312
158.347837852
156.668425753
155.072148695
153.558131105
152.131630466
150.785170594
149.528061946
148.349621562
147.256995054
146.245164397
145.311118754
144.453291690
143.671049181
142.956855245
142.311911046
141.730789250
141.211242470
140.745338391
140.333601110
139.969921002
139.647734755
139.366290397
139.115695157
138.896041961
138.702474977
138.527982016
138.370002340
138.223654363
138.082911792
137.948565934
137.811567626
137.673018212
137.527006474
137.372766266
137.206940245
137.027064950
136.831141497
136.622856909
136.399720527
136.157404214
135.899913517
135.629168762
135.345191890
135.051550061
134.749400746
134.440210027
134.131301521
133.820944790
133.518422094
133.223322388
132.942985521
132.680461591
132.442700597
132.233123103
132.057161261
131.916714281
131.824409955
131.780875706
131.791672392
131.861368586
131.994243166
132.199415955
132.481500145
132.838391011
133.282713409
133.817049940
134.440849373
135.167735442
135.994683692
136.926484131
137.970582532
139.129473921
140.401419741
141.797686493
143.317479317
144.965321560
146.742530693
148.649126681
150.693332577
152.871683923
155.191729891
157.651796011
160.251367596
162.994042404
165.880160171
168.907423521
172.076429334
175.391570178
178.844383421
182.439153560
186.168017773
190.037594704
194.032931296
198.155227942
202.402949339
206.767732034
161.786959677
159.766423148
157.821013726
155.950465746
154.155635494
152.440849052
150.808571783
149.257483444
147.792819218
146.407022565
145.109018627
143.888511320
142.752170340
141.695093783
140.714279734
139.808066400
138.976004968
138.210412156
137.512904591
136.877764191
136.303042672
135.781217956
135.312527535
134.891441583
134.511410857
134.172020139
133.863609083
133.586626933
133.336513082
133.106566082
132.894426803
132.695738129
132.504720625
132.322396944
132.140268638
131.959644920
131.774894728
131.585712529
131.388961282
131.182381233
130.964392903
130.738586414
130.502962411
130.253255568
129.993523807
129.725762360
129.450118949
129.170087945
128.886917924
128.601762718
128.321969550
128.045846133
127.782158189
127.530866018
127.298641980
127.088356200
126.906811152
126.756884693
126.644234139
126.570368396
126.547240201
126.575273523
126.660204729
126.806026448
127.016807779
127.301268375
127.663748372
128.102499579
128.629175245
129.246559026
129.953869385
130.764394245
131.675063640
132.690642008
133.818163793
135.059999307
136.414773701
137.893023259
139.494060907
141.222299702
143.079187084
145.064282002
147.185590446
149.439958393
151.834679729
154.367628888
157.038536350
159.850644947
162.803976288
165.896021537
169.127651023
172.502428628
176.011940155
179.660153306
183.439020750
187.354480421
191.391952959
195.551710375
199.832013171
204.224423929
158.200815031
156.150677058
154.174459012
152.272205503
150.444278593
148.695080190
147.026928472
145.438149835
143.934006819
142.506904006
141.165431949
139.899736880
138.716048552
137.609654364
136.577587017
135.618142905
134.731071675
133.908601444
133.152791371
132.457668831
131.821654854
131.237594346
130.705523155
130.220497430
129.776015901
129.372018997
128.999120111
128.658121353
128.344744246
128.052677813
127.779739891
127.522127251
127.274296247
127.037525575
126.803873023
126.574853116
126.345119053
126.114806569
125.881021795
125.641696280
125.395662803
125.146396227
124.892380945
124.629441665
124.361633194
124.091038029
123.817902117
123.545649955
123.275580965
123.008597497
122.751983787
122.504107372
122.273221736
122.059608677
121.869309686
121.704992436
121.573299171
121.476595534
121.420735979
121.406842731
121.446190197
121.539023825
121.691217200
121.906244654
122.187938141
122.544630247
122.980391069
123.493832689
124.095650850
124.788821165
125.572377682
126.459233973
127.446332832
128.538379338
129.742011314
131.059487175
132.489839561
134.042821336
135.717905046
137.519378134
139.448833530
141.505394537
143.696846373
146.020362662
148.482966222
151.082094032
153.817764725
156.692833120
159.707048635
162.857702297
166.145909430
169.574418128
173.134914537
176.830991576
180.654498987
184.610610812
188.685205705
192.877604538
197.185883603
201.601488523
155.109135416
153.035173357
151.032878510
149.102661307
147.244451014
145.462806955
143.759916100
142.133841609
140.589926657
139.120580837
137.734118812
136.421179354
135.187598623
134.028924412
132.942251648
131.925890656
130.979805691
130.096194505
129.277585942
128.517792165
127.815664061
127.164378256
126.563846712
126.009716459
125.495564290
125.021701664
124.579049019
124.168755282
123.786808954
123.427357668
123.088369055
122.766609709
122.456759530
122.160370461
121.870049433
121.587511760
121.307689994
121.031136086
120.755213348
120.478026305
120.198807336
119.920897000
119.643249253
119.361797420
119.080541639
118.801660514
118.525471576
118.255330621
117.992550697
117.737837790
117.498339167
117.272498815
117.068070790
116.885607145
116.730562695
116.605383827
116.516547559
116.465940493
116.459585458
116.498229088
116.592476944
116.742417837
116.954029120
117.230322201
117.574874913
117.995647265
118.496447921
119.076243215
119.744797773
120.505268330
121.356545567
122.311139757
123.366054619
124.525904142
125.796947506
127.181341733
128.678557309
130.297524332
132.037917265
133.903882344
135.897164092
138.016482587
140.269393805
142.653407849
145.175264221
147.831975085
150.623880737
153.553421631
156.620114612
159.821065675
163.157595629
166.631661839
170.235095356
173.971059475
177.831381454
181.820396681
185.924514184
190.142096950
194.471052623
198.902671978
152.524838095
150.433693415
148.410925025
146.457364711
144.572568686
142.761334712
141.025742760
139.363680197
137.780625513
136.269038640
134.837022827
133.475754691
132.190731150
130.977828722
129.834233568
128.758327836
127.750308395
126.802400053
125.917628809
125.089633284
124.317746233
123.595448344
122.922598462
122.295438433
121.707650887
121.159929693
120.643529095
120.159937211
119.705393420
119.274560956
118.865528595
118.475638247
118.099779711
117.739789432
117.388806465
117.048740497
116.714791704
116.387899420
116.065690468
115.746419660
115.429702606
115.118726118
114.812894976
114.508262466
114.208726525
113.916568456
113.632151622
113.358763951
113.097697364
112.849510752
112.621153112
112.411156758
112.226795167
112.068840180
111.942208633
111.849109572
111.795856902
111.783891101
111.819374709
111.902695499
112.043809666
112.242666071
112.505318105
112.834364787
113.233120838
113.709188379
114.266126738
114.903241711
115.629401299
116.447931088
117.357612193
118.370530587
119.483788361
120.701877867
122.030698873
123.472314107
125.026648284
126.701781719
128.497621688
130.418156873
132.465280071
134.637344290
136.941663015
139.376082333
141.947048768
144.651160542
147.489101409
150.462878535
153.571807415
156.812826674
160.187413578
163.696769945
167.332907978
171.098511284
174.985462251
178.997192011
183.120700996
187.353403814
191.693050362
196.130747501
150.455582849
148.354564458
146.317607118
144.346015424
142.439028842
140.601759904
138.836212035
137.140178767
135.519328014
133.966215190
132.488799781
131.078836982
129.741544321
128.473191709
127.271087669
126.133743969
125.061611118
124.046997047
123.093453600
122.194488778
121.349962448
120.553640532
119.805392367
119.102059594
118.437457232
117.812670533
117.219309909
116.659194989
116.128801519
115.623356104
115.141040635
114.679770635
114.234633843
113.807757490
113.392790540
112.991830232
112.600329195
112.219584117
111.847486750
111.482418322
111.124360179
110.776326840
110.438153305
110.106019271
109.783678702
109.473520881
109.175932004
108.894132553
108.629363221
108.382078186
108.158980137
107.958697250
107.788045849
107.647969362
107.542897059
107.474787449
107.449798644
107.468956229
107.538534173
107.658581755
107.838432036
108.077905533
108.383108211
108.756271021
109.200442594
109.722880999
110.326909374
111.012151135
111.786616009
112.653785515
113.612356206
114.673975218
115.835869404
117.102380104
118.479066469
119.967899151
121.569261225
123.290365374
125.131371924
127.096094255
129.186560519
131.400794260
133.745848781
136.219895653
138.829080316
141.569595226
144.442477461
147.449287703
150.589160640
153.858887623
157.260044067
160.793118739
164.450331406
168.233839838
172.135654405
176.158245021
180.289251879
184.525164204
188.863579952
193.295401072
148.898643473
146.795928412
144.751958658
142.768557653
140.844697790
138.985874604
137.194048949
135.466995479
133.810622217
132.217624201
130.695885217
129.237774640
127.848294516
126.524168127
125.262858872
124.063066103
122.925516645
121.842655905
120.818592362
119.846746533
118.927545286
118.055029169
117.229135386
116.447311677
115.703531769
114.999279368
114.326540150
113.687458817
113.078735123
112.496198919
111.938098524
111.402916679
110.885929417
110.389556944
109.907932864
109.443336051
108.991453839
108.553910891
108.128861507
107.714790057
107.312025330
106.923393369
106.549137822
106.185568249
105.836258277
105.503709820
105.188312093
104.893219523
104.619595259
104.367825465
104.144330353
103.947838687
103.784735993
103.656092811
103.565901467
103.515859351
103.511980934
103.554905336
103.650991349
103.799972652
104.010590439
104.282543362
104.621971553
105.030775548
105.511739310
106.071789923
106.714028220
107.438367774
108.251999937
109.158549350
110.156644441
111.257483986
112.458436458
113.763663029
115.178400566
116.704524773
118.342869773
120.099770748
121.975650666
123.974128329
126.097345438
128.343032843
130.717962018
133.220609586
135.856812271
138.622361456
141.518645075
144.546768429
147.705695023
150.992088770
154.407557189
157.951923005
161.617628101
165.406263237
169.310031388
173.330392892
177.455661771
181.681436313
186.005161595
190.417523408
147.837842384
145.742321932
143.699264614
141.711050278
139.776426186
137.901327105
136.087706423
134.333386386
132.644559620
131.014102659
129.449889316
127.944934502
126.504088925
125.124584799
123.804073586
122.541498749
121.337888370
120.185877536
119.090163670
118.044123112
117.048785521
116.098463449
115.193214076
114.331099144
113.506278876
112.720641100
111.966564559
111.246514478
110.557405779
109.895705872
109.259705025
108.648444708
108.057383350
107.489233459
106.938588362
106.407903235
105.893083217
105.396053302
104.915225926
104.449167587
103.998537798
103.565959611
103.152065124
102.753295710
102.373014047
102.013839294
101.676147292
101.363029455
101.075548545
100.814054534
100.584659681
100.386195549
100.224644983
100.101165371
100.019361173
99.980660797
99.990950040
100.050506863
100.165749577
100.336120715
100.569803336
100.866375962
101.231998738
101.668272020
102.177720114
102.766950376
103.438854341
104.193604563
105.037613000
105.974634885
107.003238827
108.134168587
109.364942539
110.699513373
112.142812031
113.696610937
115.362178881
117.144968956
119.045666805
121.067675711
123.213221305
125.479776222
127.873804375
130.394058598
133.046057802
135.825194322
138.733192264
141.770695792
144.936495566
148.227147345
151.644218349
155.186913957
158.847901068
162.628167035
166.520162681
170.524298145
174.629582677
178.830766245
183.125134260
187.503154597
147.254297118
145.175845131
143.142648608
141.157670452
139.219464174
137.334444978
135.504592250
133.727831959
132.010677259
130.346224371
128.742398440
127.192885209
125.702447973
124.268877083
122.890045629
121.565196028
120.295683733
119.074383481
117.906615626
116.785755315
115.713468207
114.684343760
113.698606528
112.754943085
111.847729830
110.979264024
110.142335586
109.339728431
108.568568306
107.825990722
107.110306758
106.421107871
105.754034315
105.112088243
104.490299982
103.891297931
103.311190180
102.752177270
102.212924849
101.692064678
101.190571925
100.710855275
100.253917117
99.816332687
99.401228821
99.011346806
98.647037081
98.311332889
98.005177568
97.728912126
97.488325350
97.282352152
97.116601886
96.992283537
96.912660244
96.878886224
96.896736113
96.966148550
97.093578554
97.278202452
97.527680567
97.841469106
98.225738197
98.681811780
99.211961920
99.822486316
100.516079438
101.293139553
102.159336162
103.118543911
104.169272165
105.321806261
106.573815594
107.929016451
109.392049440
110.964570177
112.648258337
114.447685007
116.363789934
118.399739337
120.557806400
122.835236358
125.238157748
127.765562489
130.422641518
133.204387460
136.112834462
139.148161878
142.308975473
145.591740236
148.997905652
152.526108570
156.169232010
159.927627230
163.794037984
167.767791316
171.838598301
176.000410198
180.250338929
184.578641593
147.122428056
145.071603261
143.057972804
141.085095574
139.151351418
137.263658584
135.424051382
133.630603518
131.890173192
130.196109185
128.556441500
126.965544877
125.428155738
123.942664138
122.507197334
121.121347401
119.786823665
118.496787211
117.257215135
116.061523608
114.912044451
113.803654967
112.736790605
111.710775091
110.720233170
109.767876092
108.846924089
107.960480222
107.105881554
106.280959321
105.484027531
104.715219806
103.970363256
103.252745304
102.557814292
101.888370664
101.240713522
100.617297841
100.017037642
99.438617581
98.883315922
98.353318132
97.849981773
97.370018881
96.916300867
96.491696367
96.096522470
95.733761302
95.404221162
95.108257495
94.851328555
94.632472121
94.456953469
94.326003003
94.242585989
94.207580195
94.226667786
94.299466884
94.432448633
94.624548467
94.882939311
95.206950283
95.602754970
96.071418368
96.614969804
97.239406086
97.947235462
98.739048045
99.619804833
100.593490091
101.658548251
102.824804398
104.090074379
105.457811036
106.932378629
108.515297939
110.208629860
112.016066664
113.938786482
115.979696081
118.141074199
120.419965487
122.822132804
125.346763594
127.998708100
130.772556542
133.670616031
136.692598888
139.836903542
143.099919098
146.482896417
149.983950237
153.596158929
157.319209602
161.146171616
165.075263350
169.096890909
173.204259378
177.394287865
181.657037557
147.405708306
145.394057149
143.410771515
141.460003761
139.539966410
137.658081582
135.816459477
134.013352565
132.255973605
130.537949521
128.867458108
127.239572694
125.659057662
124.124934943
122.635615711
121.191087465
119.793438864
118.436159832
117.125916928
115.856207969
114.630058776
113.442650564
112.294669535
111.186090734
110.111822169
109.074993540
108.069276540
107.098096501
106.159007739
105.250563689
104.371067302
103.521188795
102.696954061
101.901930732
101.131971304
100.390049691
99.672648937
98.982461492
98.318646029
97.679933960
97.067897064
96.484492092
95.931420304
95.405535736
94.909440152
94.446135521
94.015902527
93.621681692
93.264133820
92.943649761
92.665357486
92.428397111
92.237719173
92.094550682
92.001599377
91.959467127
91.973763326
92.043801897
92.176051929
92.369233651
92.630067335
92.957748721
93.358451536
93.832993975
94.383174137
95.014695782
95.729890707
96.529507782
97.417830401
98.398944633
99.471219582
100.644019362
101.915298452
103.288219633
104.766884915
106.352658169
108.047948142
109.855574557
111.776932120
113.814646661
115.970956484
118.242728212
120.635328131
123.148090777
125.785510567
128.541772425
131.419409517
134.417665565
137.534702212
140.766843462
144.115059923
147.576986993
151.145867364
154.820700140
158.594900639
162.465560578
166.423760932
170.462014954
174.577023780
178.758674823
148.068840988
146.108711234
144.167456032
142.249800844
140.353784516
138.487310371
136.652575613
134.848028662
133.081229789
131.346101403
129.650999668
127.991695170
126.373028522
124.794674606
123.255354393
121.755489721
120.297572356
118.875458531
117.496533779
116.154417002
114.852852748
113.587346322
112.358871256
111.168069121
110.010169320
108.888724074
107.797880337
106.741391381
105.717040732
104.724129728
103.760940951
102.828678023
101.923585652
101.049505828
100.202687627
99.386282857
98.596956766
97.837627056
97.107695102
96.405939492
95.734219279
95.094260212
94.488100037
93.912742960
93.370511822
92.864548475
92.395098851
91.965074296
91.574978433
91.225256358
90.920712517
90.660588600
90.449549873
90.288799962
90.180825857
90.125957329
90.129750690
90.191229790
90.316846034
90.505129846
90.762382312
91.087659086
91.487133176
91.961383364
92.511989881
93.144370251
93.860688434
94.661820531
95.551400189
96.533609111
97.606727281
98.779657835
100.050483387
101.422051129
102.898214796
104.480156134
106.170595293
107.971488511
109.884420320
111.911715142
114.055521857
116.312547189
118.687729741
121.180499480
123.794976929
126.524938715
129.373088805
132.338201020
135.418163992
138.609243745
141.912049225
145.323774448
148.837785915
152.452375099
156.161310644
159.960547283
163.841807802
167.796967930
171.822480773
175.908087743
149.067319186
147.171965835
145.285468132
143.413086166
141.552663906
139.712537845
137.894990661
136.098668687
134.331453142
132.587568840
130.875565116
129.191895531
127.541515899
125.924760812
124.340680851
122.790162334
121.276119510
119.792805681
118.348349020
116.936526423
115.561821712
114.220086342
112.912614024
111.640728052
110.400019530
109.194466312
108.018717377
106.876860983
105.766927457
104.688991722
103.641311213
102.625622057
101.638416535
100.683804489
99.758430647
98.865632049
98.002260947
97.171452686
96.372851443
95.605290828
94.870914552
94.171218282
93.508573813
92.880146906
92.287977745
91.735354934
91.222496654
90.752300035
90.325104981
89.941428384
89.605763376
89.317453168
89.080906851
88.897289605
88.768901381
88.695806544
88.683527839
88.730811619
88.844078091
89.021693416
89.269570990
89.586620114
89.979014008
90.447095647
90.992241975
91.619590296
92.331144309
93.127877895
94.012799425
94.990181994
96.058200229
97.225296118
98.489668543
99.853824535
101.321383745
102.893317792
104.572620238
106.360395102
108.258385874
110.268597080
112.393037566
114.628268071
116.978768933
119.444012675
122.027724704
124.723272718
127.533468999
130.456616874
133.490292170
136.630706545
139.878028807
143.229044949
146.677198883
150.220060019
153.851746343
157.567075118
161.358367593
165.216916946
169.138896502
173.113935430
150.355092236
148.538368923
146.720116598
144.906072110
143.093851481
141.292150501
139.503320884
137.726194797
135.968926713
134.226039201
132.506272044
130.806732270
129.132519020
127.484617390
125.862418715
124.267292673
122.702589847
121.162982442
119.657356275
118.179679738
116.735190581
115.320108584
113.936075964
112.585111130
111.263208578
109.974773366
108.714985402
107.488275775
106.292944823
105.129866033
103.997271748
102.897431878
101.827124095
100.790718941
99.785262986
98.814288912
97.874847700
96.970289752
96.100504777
95.264397081
94.464396372
93.701773036
92.979235140
92.294125965
91.648204661
91.044914105
90.484457546
89.969735769
89.500921844
89.078621511
88.707034010
88.385605210
88.118517374
87.906887019
87.752857820
87.656239500
87.622539873
87.650240248
87.745718123
87.907201289
88.140245087
88.443608144
88.823466197
89.279926984
89.814180728
90.431090229
91.132505540
91.919471999
92.794395138
93.761636141
94.819247730
95.975210677
97.227828090
98.579243354
100.032857487
101.589402521
103.252106255
105.021234882
106.898656921
108.886041016
110.985204907
113.192573723
115.512140045
117.943366259
120.489558850
123.143678088
125.908576515
128.782086477
131.761428936
134.842760633
138.025735958
141.306760656
144.679303895
148.140203272
151.683910361
155.304113331
158.993678313
162.743368885
166.549045196
170.400260859
151.883115668
150.159476839
148.423743709
146.682053984
144.931750287
143.181788299
141.434556429
139.689045941
137.953614083
136.223064155
134.506303649
132.801046062
131.112549559
129.442421330
127.790393913
126.158326279
124.550010399
122.960549080
121.399588446
119.861317424
118.351734784
116.867448526
115.410472057
113.983529198
112.583059602
111.213894456
109.871775349
108.561483866
107.281618565
106.033875605
104.816467432
103.632200078
102.478184592
101.359044190
100.272240442
99.221515587
98.204138352
97.223676961
96.280272119
95.372923004
94.504350585
93.675608803
92.889749513
92.144314014
91.440788033
90.782776608
90.170486933
89.606844496
89.091855715
88.626232224
88.213901635
87.854414776
87.551756797
87.306989810
87.122129493
86.996745215
86.936347371
86.939164631
87.011522105
87.151535188
87.364428396
87.648807812
88.010854205
88.450438071
88.968581052
89.569876318
90.256025903
91.028123077
91.887990207
92.840074463
93.882289934
95.022155120
96.258065351
97.591778022
99.026491874
100.562668287
102.203729363
103.949120749
105.800799145
107.760084429
109.828552190
112.002499022
114.285401983
116.676662413
119.179140917
121.785396301
124.498249002
127.315060633
130.232655917
133.247133254
136.357564403
139.559998400
142.847876146
146.217299501
149.663028955
153.177643379
156.754493543
160.383867067
164.061279337
167.776249593
153.610860017
151.994983295
150.356464006
148.701747508
147.027849221
145.343862353
143.652163403
141.951863046
140.251429475
138.545916179
136.844356021
135.145003029
133.453277757
131.771359899
130.099311663
128.439472313
126.796070515
125.164638682
123.555572163
121.963303164
120.394589326
118.846442507
117.321263181
115.822486665
114.347037259
112.900168236
111.478214422
110.086314272
108.723397010
107.392004253
106.090338812
104.821745476
103.583726758
102.381149639
101.211910915
100.079979564
98.982868948
97.924373310
96.904892461
95.923553678
94.983378882
94.085218676
93.232481833
92.422933145
91.657799011
90.940855096
90.272337941
89.655221882
89.089351234
88.575560880
88.117533777
87.714929835
87.371567660
87.088453554
86.867501511
86.708058748
86.615654878
86.588279015
86.632196003
86.745435111
86.932914835
87.193090477
87.532150318
87.949723769
88.446683571
89.027357871
89.693305876
90.445648072
91.285641930
92.217818836
93.239939114
94.359056991
95.573648928
96.885065738
98.296321431
99.807575627
101.422404599
103.139454333
104.960731004
106.887196645
108.920135435
111.055719828
113.296886131
115.642927486
118.096229534
120.648960755
123.303834519
126.057743799
128.907077582
131.847870635
134.878551496
137.994832234
141.190072275
144.459639912
147.798571688
151.198369283
154.652801712
158.151734139
161.690308956
165.258054018
155.480637985
153.987324780
152.461056906
150.908479442
149.326220963
147.723369965
146.102225713
144.461968539
142.811063732
141.144772480
139.472189254
137.792023378
136.109847203
134.428341239
132.747871512
131.071231712
129.403070278
127.739334499
126.091139092
124.453175679
122.832946396
121.227875882
119.640758790
118.075741015
116.530267144
115.010003307
113.511908744
112.041481687
110.598017657
109.184923288
107.800406940
106.448353323
105.126724464
103.840620363
102.588399593
101.374277902
100.196047848
99.057743072
97.960033074
96.902215627
95.887627274
94.916932852
93.993916585
93.116597619
92.285964104
91.505970832
90.776916140
90.101850418
89.480465188
88.913736816
88.405135077
87.954435279
87.565321075
87.238746006
86.976547227
86.777872419
86.648285496
86.585551022
86.595867163
86.677203873
86.834196174
87.065154834
87.376276921
87.766946229
88.237907956
88.793229472
89.434331740
90.162345168
90.977979099
91.885847190
92.883543543
93.977654637
95.166728189
96.451689223
97.835386130
99.317645431
100.902157468
102.586792900
104.373567154
106.263078761
108.256273419
110.349201392
112.544235398
114.840517491
117.239927173
119.734258776
122.326042199
125.011705010
127.787164427
130.648384385
133.593097934
136.616695918
139.712405443
142.874869222
146.099360222
149.376347154
152.699946802
156.059656002
159.450220126
162.861220227
157.456048972
156.099666020
154.700479030
153.265214411
151.790051825
150.283918376
148.748955827
147.184356748
145.598450808
143.986652773
142.358035011
140.711657379
139.053220466
137.385810532
135.710055758
134.029161181
132.348163711
130.663394975
128.986638834
127.312853103
125.650256340
123.996685011
122.355324240
120.731021009
119.121768443
117.533630114
115.964217824
114.419387742
112.898838208
111.406855795
109.941673542
108.507713932
107.103475646
105.734278707
104.398974908
103.102049434
101.841615592
100.621964858
99.444049095
98.307387650
97.215649535
96.169335999
95.172631015
94.223843576
93.323752378
92.476500169
91.682486843
90.944868836
90.263199750
89.638616740
89.074412610
88.570486618
88.130420960
87.755123396
87.446378294
87.203160588
87.031082379
86.927701112
86.899142972
86.943345964
87.064681834
87.261327885
87.539489944
87.898300820
88.338400894
88.863600751
89.475186966
90.174285387
90.961072874
91.840242861
92.809213324
93.874098242
95.033507196
96.287922379
97.640046367
99.089342110
100.639573413
102.287864176
104.036197205
105.884806102
107.834253751
109.880468498
112.025239679
114.267521225
116.608654124
119.040080851
121.564071989
124.176595621
126.873066653
129.649370968
132.502504025
135.427549537
138.417556917
141.466458671
144.569720819
147.716837648
150.902202390
154.115000101
157.349563004
160.595571523
159.499075707
158.293683881
157.036305690
155.733620942
154.381299438
152.987939822
151.555432137
150.082918454
148.578443879
147.037511789
145.469070794
143.872407370
142.253314509
140.615166698
138.958796613
137.287759910
135.607435872
133.914494307
132.221316206
130.523123228
128.828807151
127.136605123
125.450077089
123.774753393
122.109194763
120.459840839
118.824980784
117.210821869
115.617502399
114.050199011
112.507193546
110.993440169
109.508061343
108.056582302
106.638384893
105.258249764
103.914660346
102.612190352
101.352089328
100.134159165
98.962424159
97.837249534
96.763249738
95.739065021
94.765302092
93.846301374
92.982611963
92.177529661
91.430491957
90.742817469
90.117663397
89.555064307
89.058536678
88.628953555
88.268070401
87.974720979
87.754577894
87.605011919
87.532073121
87.533695496
87.614005264
87.771063247
88.011081136
88.332935910
88.737186796
89.227391401
89.804705468
90.470238160
91.223649100
92.069707434
93.005649365
94.037109362
95.162750848
96.382598482
97.699229588
99.111714534
100.623849905
102.232045920
103.938210217
105.742213904
107.644197091
109.639965389
111.730708377
113.915161464
116.194094252
118.558626686
121.010695665
123.545818752
126.158884621
128.845695119
131.602475712
134.424016235
137.303150282
140.233121946
143.209544428
146.221009755
149.262116256
152.321795862
155.393959073
158.468431468
161.569963291
160.528531299
159.426820872
158.271334213
157.057176146
155.792447164
154.478681036
153.114906145
151.708721981
150.255648570
148.764392860
147.234327897
145.671292005
144.078808594
142.457840972
140.812217168
139.147595876
137.460922640
135.765078500
134.055535424
132.341797816
130.622478118
128.901480928
127.184990060
125.472139758
123.769714989
122.076700239
120.399638234
118.739140825
117.101276664
115.484402747
113.893991136
112.329881735
110.797785877
109.297655002
107.834591751
106.407504497
105.021277863
103.677474861
102.376248864
101.122005744
99.915006469
98.760332300
97.657000066
96.605490868
95.610352128
94.672337483
93.794917741
92.977443279
92.221436066
91.529964056
90.903211168
90.344666444
89.855183288
89.436512337
89.087382579
88.813538020
88.612187268
88.489301018
88.442838055
88.476694754
88.588838889
88.785482399
89.065242340
89.428621898
89.878929404
90.417193155
91.044496217
91.759996182
92.568532116
93.467157549
94.461018310
95.548825084
96.730132731
98.007414627
99.379321579
100.849642118
102.414110743
104.074516988
105.830375704
107.681369056
109.623178273
111.656380597
113.779469953
115.992611907
118.286639428
120.663084700
123.117027367
125.642812885
128.236155234
130.892488246
133.606320752
136.370240877
139.176832995
142.021810918
144.892949760
147.784983463
150.686652192
153.591444672
156.489376939
163.644430592
162.778790231
161.845653826
160.851214502
159.789965577
158.669342779
157.490411348
156.252025283
154.961169927
153.613304690
152.216765037
150.770856513
149.281406714
147.751930050
146.183431330
144.579916542
142.947244823
141.282559425
139.599120723
137.892626242
136.173114596
134.439534298
132.696088715
130.949574140
129.199689228
127.453524535
125.710770193
123.978279618
122.257167720
120.554388160
118.868401849
117.205177011
115.565370485
113.954857134
112.374199413
110.828849858
109.318202034
107.847484749
106.418591064
105.032103191
103.692838832
102.400991325
101.162151118
99.975761486
98.842233686
97.766332257
96.749078512
95.794156033
94.900866238
94.070957256
93.307459637
92.610723703
91.984252476
91.428898610
90.946432919
90.535521010
90.201987418
89.942907827
89.764171045
89.663790146
89.645445373
89.707041630
89.854781810
90.087020640
90.404231096
90.809475978
91.303659439
91.887831349
92.560662585
93.327054379
94.183881679
95.135790845
96.181533879
97.320187333
98.554142042
99.881605166
101.306316430
102.823378040
104.434418697
106.138607167
107.935138859
109.819568914
111.791854175
113.850232272
115.994233850
118.214447668
120.511934971
122.881354339
125.316500017
127.812997652
130.365478726
132.968185535
135.613441167
138.293205897
141.003248547
143.730625865
146.470141197
149.210406741
151.944498748
154.662666650
165.704238782
165.024799220
164.271884695
163.451251408
162.556746129
161.594982466
160.566441236
159.469746401
158.311098196
157.085816380
155.801726218
154.457901579
153.060096008
151.611641809
150.113481600
148.569691014
146.986234229
145.360360671
143.705564830
142.017733411
140.307342843
138.573623379
136.821014432
135.056871700
133.281431392
131.502040305
129.719094221
127.939722607
126.165565513
124.404444414
122.654954335
120.923527308
119.211740665
117.525605945
115.866338326
114.239768246
112.645838600
111.090159955
109.574971969
108.101370287
106.674618298
105.294883024
103.968312309
102.694829395
101.474841380
100.313340764
99.211687292
98.173817113
97.199030557
96.289325655
95.447753356
94.674850427
93.974178998
93.346613380
92.793971419
92.314901345
91.915316337
91.592193462
91.351337956
91.190847372
91.114197981
91.119269121
91.212241545
91.391207497
91.656636087
92.011348693
92.456128856
92.991988049
93.617126864
94.336498164
95.146808378
96.052191483
97.051436212
98.143136007
99.329620461
100.608632541
101.983822921
103.449710400
105.007721052
106.656691464
108.395308200
110.218999249
112.127097936
114.117579061
116.189310429
118.332685498
120.548234582
122.830216965
125.171875815
127.568752703
130.014676437
132.503638966
135.027689228
137.578205228
140.150966709
142.732421706
145.317380733
147.894393227
150.456140329
152.993143467
167.739828255
167.255026033
166.692133833
166.056351678
165.340860253
164.551310568
163.687484502
162.747730857
161.737297854
160.651289206
159.496879353
158.272741740
156.984488858
155.635088706
154.225307315
152.759171019
151.242639896
149.672967035
148.063714099
146.410910557
144.725356567
143.006494991
141.258921842
139.490487058
137.701918465
135.900758925
134.088098712
132.271296868
130.452531084
128.640461289
126.833846169
125.039537196
123.260136161
121.501758834
119.766312866
118.060032593
116.383476545
114.742676752
113.140234195
111.577848129
110.061263304
108.590665105
107.172811910
105.808162145
104.497193654
103.245137859
102.053770225
100.927319307
99.865142792
98.869512407
97.943562216
97.088038188
96.306609699
95.600198727
94.970698039
94.416789450
93.944480860
93.550690461
93.241138485
93.014037843
92.872671241
92.814936852
92.846975725
92.966620380
93.174362250
93.472785841
93.862557838
94.344648099
94.916804077
95.584017106
96.342841316
97.196883282
98.144964864
99.185196285
100.319866395
101.546237611
102.867831877
104.278639385
105.779843038
107.369964410
109.047167593
110.806752688
112.647432085
114.566919462
116.563396057
118.627114927
120.758023100
122.950007107
125.195768362
127.490773920
129.828059508
132.201386222
134.602529708
137.022333923
139.456548290
141.891131272
144.320843204
146.734236848
149.123622986
151.479828979
169.741961953
169.458428012
169.093655991
168.652180325
168.126510496
167.521213394
166.835261889
166.066694126
165.219646102
164.288933773
163.280940238
162.193767744
161.032818151
159.800506704
158.497299155
157.127044645
155.695576580
154.200040821
152.653878195
151.053204365
149.409012033
147.720873920
145.993445371
144.234994042
142.446672888
140.636150444
138.805187664
136.961315365
135.107249705
133.252447496
131.395859718
129.544700161
127.702697699
125.876034717
124.067348818
122.283302149
120.525135892
118.799345867
117.108907807
115.456219435
113.847544708
112.283136266
110.770420943
109.310449335
107.903854792
106.556119758
105.269519085
104.048613947
102.892889701
101.804915314
100.787977015
99.843055304
98.973979111
98.181747293
97.468357955
96.832582033
96.280527002
95.809097958
95.423929697
95.123381585
94.910552362
94.783410897
94.748036436
94.802008392
94.945866721
95.181964237
95.510855463
95.933466894
96.447112253
97.056805206
97.758970109
98.556670134
99.448757734
100.432864864
101.511259345
102.680711533
103.944576588
105.296376250
106.737012245
108.264711147
109.877109666
111.569380383
113.339623270
115.185300471
117.103888042
119.085558370
121.129631013
123.229650918
125.377794961
127.569470686
129.796938513
132.053750827
134.331419939
136.620307919
138.916094870
141.204374367
143.479803498
145.731001588
147.949939315
150.127775436
171.712262609
171.634519656
171.473915461
171.234223042
170.907293189
170.496510962
169.999939627
169.415284263
168.745421200
167.984815590
167.138924685
166.205113179
165.188502382
164.090768049
162.911945532
161.655574303
160.327228087
158.923829457
157.458493639
155.927356731
154.341457658
152.700402934
151.008793628
149.275226972
147.501193958
145.694407351
143.857261343
141.997388167
140.118029562
138.229383543
136.330619213
134.429241612
132.530203901
130.639711800
128.761165023
126.901673527
125.063227113
123.252827991
121.473837380
119.729448903
118.026484136
116.365314893
114.754098316
113.194534105
111.687504711
110.238756716
108.851153438
107.529627562
106.273874912
105.086784411
103.971869242
102.930372136
101.966337338
101.080873524
100.276116597
99.550986726
98.911694286
98.355183358
97.887003453
97.505691859
97.214172652
97.010543869
96.900796730
96.882268579
96.955573244
97.122838248
97.384511665
97.741476658
98.190634773
98.737003070
99.376905447
100.112844765
100.943702928
101.866644679
102.883935183
103.991847167
105.193533137
106.482112422
107.858171185
109.319663787
110.863705133
112.485342203
114.182078423
115.951141670
117.789291944
119.686684883
121.641978969
123.648413959
125.697668288
127.785111253
129.902254425
132.042467695
134.197018718
136.355844645
138.514520329
140.658403532
142.781999991
144.874055731
146.926235803
148.930046935
173.661366767
173.791478949
173.838651200
173.805815679
173.684193278
173.475916439
173.178052436
172.787964217
172.307138244
171.729637168
171.059869730
170.294305506
169.437718092
168.490864733
167.453218301
166.327875535
165.120010782
163.826207254
162.459036445
161.014583494
159.503774248
157.926143315
156.286109131
154.592501173
152.847041224
151.057395744
149.226540571
147.362128442
145.467897772
143.554719149
141.622001637
139.677456799
137.727350500
135.777862643
133.833181438
131.900879166
129.983756856
128.089364898
126.221456757
124.384120034
122.584771449
120.823956004
119.110625274
117.447183280
115.834862405
114.279687917
112.785203363
111.356749479
109.994327557
108.701167081
107.481087630
106.335623577
105.269093270
104.282750513
103.378903438
102.556684974
101.822410226
101.173119738
100.614278559
100.144633052
99.766941400
99.479495318
99.288167503
99.190068923
99.185911147
99.277603863
99.465495836
99.750427675
100.128913059
100.605950399
101.177798649
101.846383341
102.610615503
103.467209775
104.418445322
105.460097158
106.595082626
107.816188917
109.123656407
110.515191743
111.987403854
113.535217414
115.155562072
116.845454900
118.600937095
120.412213697
122.277258720
124.189047251
126.138792392
128.121852086
130.129021747
132.153518406
134.186389884
136.217208351
138.241409575
140.244244530
142.220023939
144.157674360
146.048591574
147.884636269
175.597563326
175.934991016
176.190926582
176.367400203
176.455048585
176.454708856
176.362384232
176.175100964
175.892846361
175.509244140
175.027547423
174.443187823
173.760528637
172.979244070
172.098115050
171.119665803
170.048528971
168.880836246
167.628389645
166.287148194
164.867755467
163.369561646
161.796662055
160.158012583
158.455440326
156.696466416
154.884582754
153.027371084
151.129021322
149.200993221
147.242952973
145.262720077
143.267948583
141.264737399
139.258081643
137.256022982
135.262230824
133.284841459
131.328003581
129.396793654
127.499258255
125.636170960
123.817341701
122.045930592
120.323626053
118.656747533
117.049611774
115.507999593
114.032324920
112.626174747
111.293759102
110.036933757
108.860352179
107.765451195
106.754746918
105.827651504
104.990584980
104.240746785
103.583519840
103.017889218
102.546456865
102.167777382
101.887570938
101.702743115
101.614125355
101.623418200
101.730879976
101.937310602
102.238863362
102.640493415
103.138435974
103.734023076
104.426195592
105.211241642
106.091468982
107.062160823
108.125970900
109.275428223
110.510402053
111.828377116
113.225482700
114.696525382
116.237891233
117.846414913
119.517425230
121.241242898
123.015145100
124.831885958
126.682252486
128.561622762
130.460113638
132.370822124
134.284604868
136.190730923
138.084465010
139.951076974
141.784642916
143.574315291
145.311257729
146.987678700
177.535212994
178.076884035
178.539973131
178.925566370
179.223776813
179.434131575
179.551523024
179.572659782
179.495943913
179.314540432
179.030459763
178.637971337
178.140971494
177.537908040
176.826746247
176.009315511
175.089566794
174.063075854
172.940647839
171.718040095
170.405438263
169.001892951
167.511027661
165.941812689
164.296039970
162.580980133
160.800562692
158.962199151
157.070468759
155.137324600
153.162701544
151.154416908
149.121571807
147.070124390
145.005886693
142.937368471
140.869157667
138.810008917
136.764464340
134.738679733
132.741361596
130.773568288
128.846030169
126.962710316
125.125862430
123.342117176
121.616656203
119.955726724
118.360273633
116.834254328
115.382356331
114.006786565
112.712595553
111.501443370
110.376090323
109.336296554
108.388585353
107.530381879
106.766990238
106.097662482
105.524855050
105.047457834
104.671001890
104.392214089
104.212065294
104.132057343
104.152369395
104.273763157
104.492062919
104.812153801
105.230293827
105.747207493
106.361867982
107.070167075
107.874453829
108.769532307
109.757769910
110.831514204
111.990244807
113.231251218
114.550220758
115.941847993
117.402013866
118.927402780
120.512648519
122.148253352
123.830797135
125.552859622
127.304846528
129.082192250
130.874376489
132.674412504
134.472996400
136.259157292
138.027958084
139.764806323
141.463508023
143.113475942
144.705676613
146.232647843
179.491242607
180.231221251
180.896903378
181.488409492
181.995402317
182.416111003
182.744294890
182.976375993
183.109111039
183.135204513
183.055360197
182.862583631
182.560255145
182.145479281
181.615292108
180.970717181
180.214889963
179.342738383
178.363847684
177.273699997
176.081845328
174.786920822
173.391925182
171.905726614
170.329929849
168.671446134
166.934551864
165.126383553
163.251830619
161.323231458
159.340794844
157.312215733
155.248080569
153.154142192
151.037029785
148.905710230
146.765730187
144.626486612
142.492908643
140.372312648
138.274088376
136.199634751
134.160659403
132.161967778
130.206488220
128.301180611
126.452178712
124.666215143
122.944892754
121.292546864
119.714430978
118.213131297
116.794157150
115.459433182
114.212000138
113.052034989
111.986161589
111.012099683
110.135080240
109.354647462
108.673125036
108.089811697
107.610011411
107.230304421
106.951817652
106.775866468
106.702564303
106.732637673
106.861617126
107.094289257
107.426985277
107.859811621
108.391776643
109.018412710
109.742120372
110.557242788
111.465845120
112.460170450
113.539296972
114.700345727
115.938609397
117.248677292
118.625971038
120.067058561
121.565906578
123.113260922
124.705014864
126.333621418
127.989153419
129.667139859
131.356466931
133.050102543
134.738611721
136.410846940
138.061638959
139.676641950
141.249359749
142.769487721
144.227827732
145.617215638
181.479165674
182.408872509
183.269802821
184.061110090
184.772090095
185.399711063
185.936603100
186.378944229
186.721812612
186.957469298
187.085274565
187.096895382
186.995155083
186.775732243
186.434634872
185.971985072
185.389982868
184.682833344
183.858691176
182.912697497
181.853592021
180.679492232
179.392621597
178.001629159
176.507774941
174.917502561
173.235335249
171.468028704
169.620688725
167.705921609
165.724209260
163.682997781
161.594373273
159.463816402
157.298763740
155.108616889
152.899910831
150.682696892
148.462280429
146.247207117
144.047563981
141.865144584
139.712681664
137.595853306
135.518367180
133.487531270
131.510510233
129.594531520
127.741988802
125.957595606
124.247259014
122.613969263
121.063753285
119.598842621
118.222591883
116.935662950
115.744775507
114.648013085
113.650541375
112.752217769
111.955248559
111.259413109
110.669750515
110.182731389
109.799651845
109.521654616
109.348803882
109.281793596
109.315900182
109.455782196
109.697896704
110.041726273
110.486318665
111.026889070
111.665897650
112.397250518
113.222702449
114.134467655
115.131218837
116.209934617
117.365569562
118.592615500
119.886087616
121.242470786
122.655104061
124.115033599
125.617488092
127.154841494
128.716884631
130.299281223
131.890368271
133.483108946
135.067964010
136.633672114
138.174802598
139.677352542
141.134496086
142.536220477
143.873191907
145.138502220
183.509851883
184.617401794
185.662769475
186.644162196
187.550601545
188.377856170
189.117459819
189.765399868
190.315072901
190.758334786
191.093195099
191.309938934
191.410803125
191.389996143
191.242419276
190.967217751
190.565555355
190.030860836
189.369667762
188.576721620
187.659785575
186.616364339
185.447763657
184.162297589
182.760723958
181.248914319
179.631530953
177.914844329
176.104069233
174.211953483
172.239244174
170.193008168
168.086816250
165.925807303
163.718203473
161.473804864
159.200149429
156.907938517
154.602836790
152.294669894
149.994222404
147.703732223
145.436990198
143.200564424
140.999036958
138.840080904
136.731957449
134.682386172
132.694684898
130.773936848
128.926785949
127.156645546
125.470113589
123.869769540
122.359311779
120.939951222
119.618497359
118.393463716
117.269961851
116.248178010
115.330219578
114.516414365
113.811500469
113.211880659
112.719029931
112.333933606
112.056626577
111.887772656
111.822438328
111.865124428
112.012467486
112.263327041
112.616795152
113.067817236
113.618919424
114.263599069
115.003301348
115.830283784
116.742817228
117.737763103
118.809801244
119.953334661
121.163030564
122.435322209
123.762970816
125.137372424
126.553122863
128.002563354
129.475254220
130.967033093
132.465732036
133.964351351
135.453268302
136.921169918
138.362334880
139.763184760
141.116540833
142.412678334
143.642152969
144.798260902
185.592001251
186.862947725
188.079191603
189.238033157
190.328315336
191.344686003
192.277641916
193.123038960
193.872616140
194.517879059
195.055508390
195.474395408
195.776169250
195.953565406
196.000321184
195.914550842
195.696305074
195.338204923
194.845000478
194.211000716
193.442840057
192.537334902
191.494746670
190.322943600
189.022030741
187.597213022
186.053180134
184.395620642
182.629741845
180.768302832
178.812302858
176.768301603
174.651309501
172.466055724
170.221515538
167.927839007
165.593567889
163.230030762
160.843231749
158.444305786
156.044721893
153.647207408
151.266626643
148.910442051
146.584191142
144.295928332
142.055060577
139.869784368
137.744471467
135.684557253
133.697498977
131.787145377
129.960711174
128.221163695
126.572568881
125.016745647
123.560585821
122.203094240
120.949342915
119.799856140
118.756664882
117.820705653
116.996383548
116.280079047
115.673451607
115.177346319
114.791791774
114.517423526
114.349146892
114.291276213
114.340679927
114.495603292
114.755188510
115.114162593
115.575122432
116.131189072
116.783508532
117.524448539
118.351890055
119.262601487
120.251057139
121.311580428
122.438554710
123.628389600
124.873328853
126.165159779
127.497886527
128.863862118
130.252467875
131.659753543
133.073089628
134.485556534
135.887463171
137.267505942
138.619645177
139.930792938
141.193399830
142.398012853
143.535099297
144.598100839
187.734458046
189.151184198
190.521353546
191.841418292
193.100140044
194.291141547
195.403969470
196.434412879
197.372606888
198.209779488
198.941336255
199.554797588
200.051175486
200.421775985
200.659141578
200.760328534
200.724228289
200.542650784
200.218436554
199.745437536
199.129027432
198.365284837
197.453323073
196.400463436
195.206022976
193.874460624
192.410382005
190.818809228
189.104820878
187.281056047
185.348747747
183.313826882
181.192665684
178.989517620
176.714066570
174.376749272
171.987094709
169.557012430
167.092820919
164.606966831
162.111571599
159.609887885
157.117844388
154.643784568
152.194261405
149.777721519
147.404744001
145.083971317
142.820946794
140.621429210
138.493753302
136.442205439
134.474650736
132.594480238
130.806142196
129.112114262
127.519360901
126.027429945
124.641372715
123.362052082
122.191449184
121.131158929
120.185226623
119.350058651
118.627500460
118.018275222
117.522431682
117.140578058
116.867511268
116.707332124
116.657190534
116.714735272
116.879164817
117.145041580
117.515037374
117.981931445
118.546591138
119.201553632
119.944329475
120.771616932
121.677756547
122.657002084
123.703520052
124.813719503
125.979395703
127.192759335
128.447271295
129.735337581
131.046210803
132.376187665
133.712219449
135.047510712
136.372309182
137.675381241
138.950343150
140.184648245
141.370365194
142.498286627
143.558811363
144.545464938
189.935245614
191.477459656
192.981696018
194.443634415
195.852049579
197.199646586
198.475133115
199.674298584
200.785754824
201.800539330
202.712865769
203.508941734
204.189163347
204.743495659
205.163285082
205.444530007
205.584951565
205.575572342
205.417242103
205.103356034
204.637922220
204.016261149
203.236265023
202.304619393
201.219740660
199.985282923
198.605660727
197.085161976
195.428616290
193.648414461
191.746000675
189.726568124
187.607738941
185.393230395
183.093379147
180.718830685
178.280067428
175.789507423
173.253755155
170.686539797
168.100583300
165.499689399
162.900812968
160.313146213
157.744291720
155.203092495
152.701299466
150.247954170
147.849870582
145.513090466
143.246874732
141.055937791
138.948814649
136.929350417
135.002380280
133.171080358
131.442476598
129.816699655
128.298803187
126.889980682
125.592194188
124.407733750
123.340266157
122.386273046
121.547784268
120.825420582
120.219281070
119.729946944
119.352163380
119.089794474
118.940316113
118.900809317
118.970535740
119.143948317
119.423798155
119.802559203
120.280850818
120.851430120
121.511464233
122.257603642
123.084127108
123.985229801
124.954930444
125.989654792
127.080826385
128.221101045
129.403451209
130.620373224
131.861038684
133.122022046
134.389895856
135.658033041
136.916619095
138.154550081
139.365074897
140.536222786
141.659675984
142.726437658
143.726856638
144.654479323
192.192217880
193.837112925
195.452802168
197.034284185
198.570435491
200.053159185
201.470457290
202.818186254
204.083541413
205.257468197
206.333099957
207.295423393
208.144230722
208.868279855
209.457749008
209.907608820
210.214436201
210.368518064
210.368682200
210.207891248
209.888713616
209.405724447
208.755558024
207.944191127
206.969055779
205.832967328
204.540050165
203.093810854
201.498715723
199.766785666
197.899650080
195.901671778
193.791578060
191.572496205
189.255348072
186.850896126
184.370523746
181.827056324
179.227352472
176.586359887
173.917327805
171.224622579
168.526154438
165.831911526
163.150549100
160.491301313
157.867060498
155.287203817
152.759888761
150.291388465
147.891918975
145.566600092
143.324639087
141.170358681
139.108973454
137.144384983
135.283668258
133.527561553
131.881149027
130.345936833
128.923903656
127.618056327
126.431673434
125.361361651
124.409330754
123.576119758
122.861911985
122.267260862
121.786920413
121.424498917
121.177836849
121.043487361
121.020782429
121.104120908
121.296338573
121.589640784
121.984439383
122.473752430
123.054436651
123.723116658
124.474079668
125.301474191
126.199240328
127.163831965
128.186382734
129.260006661
130.377246038
131.530721014
132.709567442
133.910663085
135.120241646
136.331888373
137.535718455
138.720816874
139.880045913
141.002032002
142.078074190
143.099346340
144.056165671
144.942040537
194.492965561
196.215546279
197.917653201
199.593707761
201.232767565
202.826054263
204.361014591
205.833635449
207.229826331
208.540545029
209.757981373
210.866024876
211.863885260
212.739288071
213.481301356
214.083926731
214.542661930
214.847135804
214.994177230
214.976364457
214.794787063
214.443323451
213.917353801
213.222091633
212.353935000
211.314856531
210.108602829
208.737876471
207.206677981
205.526547719
203.699272315
201.728313071
199.633326705
197.416806395
195.090180766
192.664223939
190.151150930
187.564063335
184.910039068
182.205143384
179.463057598
176.688705796
173.900847497
171.110192304
168.326416204
165.559127441
162.822295714
160.125554369
157.478443904
154.887406239
152.363618110
149.912567234
147.544116621
145.263080956
143.075033318
140.984612845
138.998929635
137.119337106
135.350982646
133.695657462
132.155396598
130.733928576
129.434144763
128.252825527
127.192354021
126.253209048
125.435695325
124.740337614
124.161961843
123.703907185
123.364410140
123.139547512
123.028729265
123.026353984
123.135350207
123.347690606
123.663628971
124.076475176
124.582813924
125.179266187
125.860193386
126.619710655
127.451747045
128.352789704
129.313767964
130.328257864
131.388431712
132.487062910
133.613293011
134.764323034
135.926086278
137.092424075
138.253365407
139.398243371
140.519518542
141.606423166
142.649884308
143.641203664
144.570686532
145.431749811
196.821053365
198.594675974
200.356300329
202.099885661
203.814738976
205.491522804
207.117291889
208.688221939
210.189088125
211.610967059
212.945262782
214.174919279
215.298593350
216.303188319
217.176748023
217.912390579
218.504635924
218.942555335
219.221056406
219.332403202
219.276203372
219.045721317
218.635128785
218.048840549
217.282208169
216.336387878
215.214674932
213.918969547
212.452720649
210.826890706
209.043394004
207.104742900
205.031320768
202.824953241
200.497487229
198.059592146
195.524228800
192.904614599
190.208011004
187.451461687
184.648965124
181.805980335
178.941974347
176.068283329
173.195536137
170.333684451
167.497678547
164.697313725
161.943515640
159.242823017
156.607354011
154.042912751
151.559981400
149.163871675
146.860480916
144.655182591
142.555107220
140.562212546
138.681746743
136.915749290
135.266355269
133.738003052
132.333209051
131.048974151
129.887847009
128.850268658
127.936706053
127.147653654
126.478074858
125.931033231
125.505184565
125.196192619
125.003553588
124.921717428
124.953716751
125.091326073
125.334698487
125.677457254
126.115957111
126.646839110
127.264598212
127.963331747
128.737021577
129.582188647
130.489644558
131.453423980
132.465389522
133.518493004
134.601920055
135.713208650
136.838029589
137.970523081
139.100609930
140.217929953
141.314531991
142.380252416
143.405664989
144.382156333
145.300040756
146.152598989
199.157690633
200.954556936
202.747448228
204.529985688
206.291781900
208.023062456
209.710662568
211.350998597
212.927882024
214.432613002
215.855984442
217.180170529
218.403313862
219.511733139
220.492560202
221.338140770
222.042152163
222.593227071
222.984483685
223.207961422
223.261819467
223.138822844
222.832021974
222.345016355
221.672136915
220.813779060
219.772728599
218.550109070
217.148751215
215.578957263
213.842737567
211.941631762
209.896524797
207.708551832
205.389879357
202.950945343
200.405355284
197.766254693
195.041049700
192.247587291
189.400049130
186.504385839
183.580596643
180.640529031
177.695660437
174.756240691
171.838070486
168.951001698
166.107305617
163.313538875
160.582715343
157.920890390
155.339110272
152.843177691
150.439268311
148.133470637
145.932920817
143.840152343
141.860555880
139.996374573
138.249890665
136.626224569
135.127541778
133.751107426
132.499628288
131.373530895
130.373487810
129.499962698
128.748122379
128.120756402
127.616954749
127.232042698
126.965610903
126.812209420
126.774990775
126.845563090
127.024042914
127.304379642
127.682742215
128.155817429
128.718285758
129.364243980
130.087786318
130.885463356
131.748055361
132.670045825
133.643046213
134.660208553
135.710797572
136.792695487
137.891348887
139.001238635
140.112149813
141.214088079
142.298685791
143.356374278
144.377399959
145.353194449
146.274104830
147.133241549
201.470071556
203.262229165
205.057832060
206.850294431
208.629576856
210.385588886
212.105121519
213.784875022
215.407882957
216.965766270
218.448891733
219.838857150
221.133334330
222.318313343
223.380146736
224.310537656
225.102482670
225.744305952
226.227516085
226.544030412
226.690625664
226.659707226
226.443327691
226.044271666
225.455909526
224.677958490
223.712651354
222.560381302
221.223315898
219.711030088
218.025597482
216.167584956
214.158137836
211.997689644
209.698619615
207.271001140
204.728971730
202.085395153
199.347783418
196.534579374
193.660000900
190.730427894
187.766188029
184.779508868
181.782579855
178.785890103
175.805932312
172.852501912
169.939135431
167.072325442
164.265911031
161.526122659
158.864498478
156.287316245
153.800973730
151.412240741
149.128244957
146.952050368
144.889235207
142.942195751
141.113411061
139.408641433
137.829736264
136.374265567
135.045087705
133.842638007
132.767841254
131.821129750
130.997939903
130.300796465
129.729230674
129.278312969
128.947737338
128.732198456
128.634989546
128.647580860
128.770120996
128.996890497
129.323917453
129.747962075
130.263933561
130.865947437
131.548263294
132.307454152
133.134352083
134.023875102
134.967438201
135.958411698
136.986171028
138.048943087
139.131988864
140.230169045
141.333101636
142.431216380
143.515729162
144.577651242
145.606933781
146.595017437
147.532308576
148.411724706
203.729953907
205.489943687
207.260072949
209.033683822
210.801116012
212.552080796
214.273499455
215.962391777
217.601211464
219.181987150
220.694850317
222.121028264
223.457771076
224.691004149
225.806450228
226.795316149
227.650098656
228.358949762
228.911989735
229.301124184
229.521843328
229.566351059
229.425856275
229.102343800
228.588314607
227.882911933
226.987786317
225.902663429
224.629024426
223.175665162
221.544687651
219.735706514
217.769878064
215.646932778
213.379348958
210.976698726
208.453529941
205.822197906
203.090281883
200.276586832
197.395211105
194.452882180
191.470031309
188.459121757
185.432891219
182.401996193
179.383439622
176.386844178
173.426892700
170.509931237
167.650531277
164.855013025
162.135321692
159.498183350
156.950154942
154.498640365
152.150745867
149.910006335
147.782235355
145.769927438
143.875809704
142.106228078
140.462760409
138.943318450
137.550907054
136.285994078
135.149804511
134.142739628
133.260570270
132.505573327
131.877720451
131.371918931
130.987974588
130.720767215
130.573756158
130.538298549
130.614646275
130.797410367
131.082521330
131.466843179
131.945548080
132.512791550
133.163044309
133.892892277
134.693298724
135.559598079
136.483058795
137.457284631
138.471790413
139.525140753
140.602451441
141.698999327
142.804200401
143.908966436
145.004101383
146.081177928
147.129888532
148.141653539
149.106967202
150.018543153
205.900533608
207.602494886
209.320499406
211.047955356
212.775601157
214.493066224
216.187570681
217.856480978
219.481877990
221.056270820
222.569746154
224.003370942
225.354026557
226.607833235
227.750043536
228.771521931
229.664455144
230.416957370
231.018010677
231.459618394
231.736101743
231.839628235
231.760737515
231.500638319
231.051075752
230.410736098
229.580668419
228.560003444
227.349531009
225.957228528
224.385188979
222.632110418
220.718909458
218.644621495
216.421704062
214.059092044
211.571617309
208.970891523
206.264523451
203.471429668
200.605431006
197.673505776
194.695952483
191.685319539
188.654709398
185.614866064
182.583105555
179.568764342
176.587520228
173.645495517
170.757883799
167.931006029
165.177120745
162.503367889
159.916397750
157.424191295
155.033822563
152.749228212
150.576505714
148.518192596
146.577315351
144.760743078
143.069834735
141.502877096
140.063018492
138.750783182
137.567745393
136.514277123
135.586545052
134.786602825
134.114854860
133.566142074
133.140390786
132.832700828
132.646728673
132.573737994
132.614156045
132.762919027
133.015899926
133.370099059
133.820976787
134.362751098
134.990141079
135.699734886
136.482699920
137.334766437
138.247099852
139.213549143
140.223793588
141.276721530
142.357344379
143.461387194
144.578026105
145.698710992
146.813841135
147.915529469
148.993248861
150.038375819
151.041522047
151.995197176
/

COPY
 'PERMX'  'PERMY'  /
 'PERMX'  'PERMZ' /
/

DX
 10000*10 /
DY
 10000*10 /
DZ
 10000*10 /

TOPS
 10000*2355 /

PORO
 10000*0.18 /

PROPS    ===============================================================

-- Two-phase (water-oil) rel perm curves
-- Sw Krw  Kro  Pcow
SWOF
    0.1500       0.0    1.0000         0.0
    0.2000    0.0059    0.8521         0.0
    0.2500    0.0237    0.7160         0.0
    0.3000    0.0533    0.5917         0.0
    0.3500    0.0947    0.4793         0.0
    0.4000    0.1479    0.3787         0.0
    0.4500    0.2130    0.2899         0.0
    0.5000    0.2899    0.2130         0.0
    0.5500    0.3787    0.1479         0.0
    0.6000    0.4793    0.0947         0.0
    0.6500    0.5917    0.0533         0.0
    0.7000    0.7160    0.0237         0.0
    0.7500    0.8521    0.0059         0.0
    0.8000    1.0000       0.0         0.0
/

--PVCDO
-- REF.PRES.   FVF   COMPRESSIBILITY  REF.VISC.  VISCOSIBILITY
--   234         1.065    6.65e-5         5.0     1.9e-3   /

-- In a e300 run we must use PVDO
PVDO
 220    1.065    5.0 
 240    1.06499    5.0 /

DENSITY               
912.0   1000.0   0.8266         
/
               
PVTW               
234.46   1.0042   5.43E-05   0.5   1.11E-04   /

-- ROCK COMPRESSIBILITY
--
--    REF. PRES   COMPRESSIBILITY
ROCK
         235           0.00045   /

REGIONS  ===============================================================

ENDBOX

SOLUTION ===============================================================

--    DATUM  DATUM   OWC    OWC    GOC    GOC    RSVD   RVVD   SOLN
--    DEPTH  PRESS  DEPTH   PCOW  DEPTH   PCOG  TABLE  TABLE   METH
EQUIL
     2355.00 200.46 3000 0.00  2355.0 0.000     0     0 /

RPTSOL
'PRES' 'SWAT' /

RPTRST
 BASIC=2 /

SUMMARY ================================================================

RUNSUM

EXCEL

--RPTONLY
FOPT
FGPT
FWPT
FWIT

WWIR
/

WOPR
/

WWPR
/

SCHEDULE =============================================================

RPTSCHED
 'NEWTON=2' /

RPTRST
 BASIC=2 /

-- AJGWELLS
-- 'INJ-1' 'WWIR' /
-- 'PRO-1' 'WLPR' /
--/

-- AJGPARAM
-- 'PERMX' 'PORO' /

------------------- WELL SPECIFICATION DATA --------------------------
WELSPECS
'INJ-1'  'G'    1   1  2357   WATER     1*   'STD'   3*  /
'INJ-2'  'G'   100   1  2357   WATER     1*   'STD'   3*  /
'PRO-1'  'G'   50  80  2357   OIL       1*   'STD'   3*  /
/
COMPDAT
--                                        RADIUS    SKIN
'INJ-1'     1    1   1   1   'OPEN'   2*  0.15  1*  5.0 /
'INJ-2'    100    1   1   1   'OPEN'   2*  0.15  1*  5.0 /
'PRO-1'    50  80   1   1   'OPEN'   2*  0.15  1*  5.0 /
/

WCONINJE
INJ-1     WAT 1* RATE 300.0 /
INJ-2     WAT 1* RATE 300.0 /
/

WCONPROD
PRO-1     OPEN ORAT 100.0 /
/

TSTEP
 30 /

WCONINJE
INJ-1     WAT 1* RATE 300.0 /
INJ-2     WAT 1* RATE 300.0 /
/

WCONPROD
PRO-1     OPEN ORAT 100.0 /
/

TSTEP
 30 /

WCONINJE
INJ-1     WAT 1* RATE 300.0 /
INJ-2     WAT 1* RATE 300.0 /
/

WCONPROD
PRO-1     OPEN ORAT 100.0 /
/

TSTEP
 30 /

WCONINJE
INJ-1     WAT 1* RATE 300.0 /
INJ-2     WAT 1* RATE 300.0 /
/

WCONPROD
PRO-1     OPEN ORAT 100.0 /
/

TSTEP
 30 /

WCONINJE
INJ-1     WAT 1* RATE 300.0 /
INJ-2     WAT 1* RATE 300.0 /
/

WCONPROD
PRO-1     OPEN ORAT 100.0 /
/

TSTEP
 30 /

WCONINJE
INJ-1     WAT 1* RATE 300.0 /
INJ-2     WAT 1* RATE 300.0 /
/

WCONPROD
PRO-1     OPEN ORAT 100.0 /
/

TSTEP
 30 /

WCONINJE
INJ-1     WAT 1* RATE 300.0 /
INJ-2     WAT 1* RATE 300.0 /
/

WCONPROD
PRO-1     OPEN ORAT 100.0 /
/

TSTEP
 30 /

WCONINJE
INJ-1     WAT 1* RATE 300.0 /
INJ-2     WAT 1* RATE 300.0 /
/

WCONPROD
PRO-1     OPEN ORAT 100.0 /
/

TSTEP
 30 /

WCONINJE
INJ-1     WAT 1* RATE 300.0 /
INJ-2     WAT 1* RATE 300.0 /
/

WCONPROD
PRO-1     OPEN ORAT 100.0 /
/

TSTEP
 30 /

WCONINJE
INJ-1     WAT 1* RATE 300.0 /
INJ-2     WAT 1* RATE 300.0 /
/

WCONPROD
PRO-1     OPEN ORAT 100.0 /
/

TSTEP
 30 /

WCONINJE
INJ-1     WAT 1* RATE 300.0 /
INJ-2     WAT 1* RATE 300.0 /
/

WCONPROD
PRO-1     OPEN ORAT 100.0 /
/

TSTEP
 30 /

WCONINJE
INJ-1     WAT 1* RATE 300.0 /
INJ-2     WAT 1* RATE 300.0 /
/

WCONPROD
PRO-1     OPEN ORAT 100.0 /
/

TSTEP
 30 /

WCONINJE
INJ-1     WAT 1* RATE 300.0 /
INJ-2     WAT 1* RATE 300.0 /
/

WCONPROD
PRO-1     OPEN ORAT 100.0 /
/

TSTEP
 30 /

WCONINJE
INJ-1     WAT 1* RATE 300.0 /
INJ-2     WAT 1* RATE 300.0 /
/

WCONPROD
PRO-1     OPEN ORAT 100.0 /
/

TSTEP
 30 /

WCONINJE
INJ-1     WAT 1* RATE 300.0 /
INJ-2     WAT 1* RATE 300.0 /
/

WCONPROD
PRO-1     OPEN ORAT 100.0 /
/

TSTEP
 30 /

WCONINJE
INJ-1     WAT 1* RATE 300.0 /
INJ-2     WAT 1* RATE 300.0 /
/

WCONPROD
PRO-1     OPEN ORAT 100.0 /
/

TSTEP
 30 /

WCONINJE
INJ-1     WAT 1* RATE 300.0 /
INJ-2     WAT 1* RATE 300.0 /
/

WCONPROD
PRO-1     OPEN ORAT 100.0 /
/

TSTEP
 30 /

WCONINJE
INJ-1     WAT 1* RATE 300.0 /
INJ-2     WAT 1* RATE 300.0 /
/

WCONPROD
PRO-1     OPEN ORAT 100.0 /
/

TSTEP
 30 /

WCONINJE
INJ-1     WAT 1* RATE 300.0 /
INJ-2     WAT 1* RATE 300.0 /
/

WCONPROD
PRO-1     OPEN ORAT 100.0 /
/

TSTEP
 30 /

WCONINJE
INJ-1     WAT 1* RATE 300.0 /
INJ-2     WAT 1* RATE 300.0 /
/

WCONPROD
PRO-1     OPEN ORAT 100.0 /
/

TSTEP
 30 /

WCONINJE
INJ-1     WAT 1* RATE 300.0 /
INJ-2     WAT 1* RATE 300.0 /
/

WCONPROD
PRO-1     OPEN ORAT 100.0 /
/

TSTEP
 30 /

WCONINJE
INJ-1     WAT 1* RATE 300.0 /
INJ-2     WAT 1* RATE 300.0 /
/

WCONPROD
PRO-1     OPEN ORAT 100.0 /
/

TSTEP
 30 /

WCONINJE
INJ-1     WAT 1* RATE 300.0 /
INJ-2     WAT 1* RATE 300.0 /
/

WCONPROD
PRO-1     OPEN ORAT 100.0 /
/

TSTEP
 30 /

WCONINJE
INJ-1     WAT 1* RATE 300.0 /
INJ-2     WAT 1* RATE 300.0 /
/

WCONPROD
PRO-1     OPEN ORAT 100.0 /
/

TSTEP
 30 /

WCONINJE
INJ-1     WAT 1* RATE 300.0 /
INJ-2     WAT 1* RATE 300.0 /
/

WCONPROD
PRO-1     OPEN ORAT 100.0 /
/

TSTEP
 30 /

WCONINJE
INJ-1     WAT 1* RATE 300.0 /
INJ-2     WAT 1* RATE 300.0 /
/

WCONPROD
PRO-1     OPEN ORAT 100.0 /
/

TSTEP
 30 /

WCONINJE
INJ-1     WAT 1* RATE 300.0 /
INJ-2     WAT 1* RATE 300.0 /
/

WCONPROD
PRO-1     OPEN ORAT 100.0 /
/

TSTEP
 30 /

WCONINJE
INJ-1     WAT 1* RATE 300.0 /
INJ-2     WAT 1* RATE 300.0 /
/

WCONPROD
PRO-1     OPEN ORAT 100.0 /
/

TSTEP
 30 /

WCONINJE
INJ-1     WAT 1* RATE 300.0 /
INJ-2     WAT 1* RATE 300.0 /
/

WCONPROD
PRO-1     OPEN ORAT 100.0 /
/

TSTEP
 30 /

WCONINJE
INJ-1     WAT 1* RATE 300.0 /
INJ-2     WAT 1* RATE 300.0 /
/

WCONPROD
PRO-1     OPEN ORAT 100.0 /
/

TSTEP
 30 /

WCONINJE
INJ-1     WAT 1* RATE 300.0 /
INJ-2     WAT 1* RATE 300.0 /
/

WCONPROD
PRO-1     OPEN ORAT 100.0 /
/

TSTEP
 30 /

WCONINJE
INJ-1     WAT 1* RATE 300.0 /
INJ-2     WAT 1* RATE 300.0 /
/

WCONPROD
PRO-1     OPEN ORAT 100.0 /
/

TSTEP
 30 /

WCONINJE
INJ-1     WAT 1* RATE 300.0 /
INJ-2     WAT 1* RATE 300.0 /
/

WCONPROD
PRO-1     OPEN ORAT 100.0 /
/

TSTEP
 30 /

WCONINJE
INJ-1     WAT 1* RATE 300.0 /
INJ-2     WAT 1* RATE 300.0 /
/

WCONPROD
PRO-1     OPEN ORAT 100.0 /
/

TSTEP
 30 /

WCONINJE
INJ-1     WAT 1* RATE 300.0 /
INJ-2     WAT 1* RATE 300.0 /
/

WCONPROD
PRO-1     OPEN ORAT 100.0 /
/

TSTEP
 30 /

WCONINJE
INJ-1     WAT 1* RATE 300.0 /
INJ-2     WAT 1* RATE 300.0 /
/

WCONPROD
PRO-1     OPEN ORAT 100.0 /
/

TSTEP
 30 /

WCONINJE
INJ-1     WAT 1* RATE 300.0 /
INJ-2     WAT 1* RATE 300.0 /
/

WCONPROD
PRO-1     OPEN ORAT 100.0 /
/

TSTEP
 30 /

WCONINJE
INJ-1     WAT 1* RATE 300.0 /
INJ-2     WAT 1* RATE 300.0 /
/

WCONPROD
PRO-1     OPEN ORAT 100.0 /
/

TSTEP
 30 /

WCONINJE
INJ-1     WAT 1* RATE 300.0 /
INJ-2     WAT 1* RATE 300.0 /
/

WCONPROD
PRO-1     OPEN ORAT 100.0 /
/

TSTEP
 30 /

WCONINJE
INJ-1     WAT 1* RATE 300.0 /
INJ-2     WAT 1* RATE 300.0 /
/

WCONPROD
PRO-1     OPEN ORAT 100.0 /
/

TSTEP
 30 /

WCONINJE
INJ-1     WAT 1* RATE 300.0 /
INJ-2     WAT 1* RATE 300.0 /
/

WCONPROD
PRO-1     OPEN ORAT 100.0 /
/

TSTEP
 30 /

WCONINJE
INJ-1     WAT 1* RATE 300.0 /
INJ-2     WAT 1* RATE 300.0 /
/

WCONPROD
PRO-1     OPEN ORAT 100.0 /
/

TSTEP
 30 /

WCONINJE
INJ-1     WAT 1* RATE 300.0 /
INJ-2     WAT 1* RATE 300.0 /
/

WCONPROD
PRO-1     OPEN ORAT 100.0 /
/

TSTEP
 30 /

WCONINJE
INJ-1     WAT 1* RATE 300.0 /
INJ-2     WAT 1* RATE 300.0 /
/

WCONPROD
PRO-1     OPEN ORAT 100.0 /
/

TSTEP
 30 /

WCONINJE
INJ-1     WAT 1* RATE 300.0 /
INJ-2     WAT 1* RATE 300.0 /
/

WCONPROD
PRO-1     OPEN ORAT 100.0 /
/

TSTEP
 30 /

WCONINJE
INJ-1     WAT 1* RATE 300.0 /
INJ-2     WAT 1* RATE 300.0 /
/

WCONPROD
PRO-1     OPEN ORAT 100.0 /
/

TSTEP
 30 /

WCONINJE
INJ-1     WAT 1* RATE 300.0 /
INJ-2     WAT 1* RATE 300.0 /
/

WCONPROD
PRO-1     OPEN ORAT 100.0 /
/

TSTEP
 30 /

WCONINJE
INJ-1     WAT 1* RATE 300.0 /
INJ-2     WAT 1* RATE 300.0 /
/

WCONPROD
PRO-1     OPEN ORAT 100.0 /
/

TSTEP
 30 /

WCONINJE
INJ-1     WAT 1* RATE 300.0 /
INJ-2     WAT 1* RATE 300.0 /
/

WCONPROD
PRO-1     OPEN ORAT 100.0 /
/

TSTEP
 30 /

WCONINJE
INJ-1     WAT 1* RATE 300.0 /
INJ-2     WAT 1* RATE 300.0 /
/

WCONPROD
PRO-1     OPEN ORAT 100.0 /
/

TSTEP
 30 /

WCONINJE
INJ-1     WAT 1* RATE 300.0 /
INJ-2     WAT 1* RATE 300.0 /
/

WCONPROD
PRO-1     OPEN ORAT 100.0 /
/

TSTEP
 30 /

WCONINJE
INJ-1     WAT 1* RATE 300.0 /
INJ-2     WAT 1* RATE 300.0 /
/

WCONPROD
PRO-1     OPEN ORAT 100.0 /
/

TSTEP
 30 /

WCONINJE
INJ-1     WAT 1* RATE 300.0 /
INJ-2     WAT 1* RATE 300.0 /
/

WCONPROD
PRO-1     OPEN ORAT 100.0 /
/

TSTEP
 30 /

WCONINJE
INJ-1     WAT 1* RATE 300.0 /
INJ-2     WAT 1* RATE 300.0 /
/

WCONPROD
PRO-1     OPEN ORAT 100.0 /
/

TSTEP
 30 /

WCONINJE
INJ-1     WAT 1* RATE 300.0 /
INJ-2     WAT 1* RATE 300.0 /
/

WCONPROD
PRO-1     OPEN ORAT 100.0 /
/

TSTEP
 30 /

WCONINJE
INJ-1     WAT 1* RATE 300.0 /
INJ-2     WAT 1* RATE 300.0 /
/

WCONPROD
PRO-1     OPEN ORAT 100.0 /
/

TSTEP
 30 /

WCONINJE
INJ-1     WAT 1* RATE 300.0 /
INJ-2     WAT 1* RATE 300.0 /
/

WCONPROD
PRO-1     OPEN ORAT 100.0 /
/

TSTEP
 30 /

WCONINJE
INJ-1     WAT 1* RATE 300.0 /
INJ-2     WAT 1* RATE 300.0 /
/

WCONPROD
PRO-1     OPEN ORAT 100.0 /
/

TSTEP
 30 /

WCONINJE
INJ-1     WAT 1* RATE 300.0 /
INJ-2     WAT 1* RATE 300.0 /
/

WCONPROD
PRO-1     OPEN ORAT 100.0 /
/

TSTEP
 30 /

WCONINJE
INJ-1     WAT 1* RATE 300.0 /
INJ-2     WAT 1* RATE 300.0 /
/

WCONPROD
PRO-1     OPEN ORAT 100.0 /
/

TSTEP
 30 /
